n_components,accuracy_percent,variance_retained
10,93.33333333333333,0.6607262492179871
20,96.66666666666667,0.7685655951499939
40,95.0,0.8587489128112793
60,98.33333333333333,0.9021101593971252
80,97.5,0.9287985563278198
100,99.16666666666667,0.9474861025810242
120,98.33333333333333,0.9610887765884399
140,98.33333333333333,0.9715238809585571
160,99.16666666666667,0.9794188141822815
