2025-11-24 10:24:52,526 - LeNet5_NumPy_logger - INFO - ============================================================
2025-11-24 10:24:52,526 - LeNet5_NumPy_logger - INFO - 开始训练模型: LeNet5_NumPy
2025-11-24 10:24:52,526 - LeNet5_NumPy_logger - INFO - 训练开始时间: 2025-11-24 10:24:52
2025-11-24 10:24:52,526 - LeNet5_NumPy_logger - INFO - 训练配置:
2025-11-24 10:24:52,526 - LeNet5_NumPy_logger - INFO -   model_type: LeNet-5 NumPy
2025-11-24 10:24:52,526 - LeNet5_NumPy_logger - INFO -   learning_rate: 0.01
2025-11-24 10:24:52,526 - LeNet5_NumPy_logger - INFO -   batch_size: 32
2025-11-24 10:24:52,526 - LeNet5_NumPy_logger - INFO -   epochs: 5
2025-11-24 10:24:52,526 - LeNet5_NumPy_logger - INFO -   activation: Sigmoid
2025-11-24 10:24:52,526 - LeNet5_NumPy_logger - INFO -   device: NumPy
2025-11-24 10:24:52,526 - LeNet5_NumPy_logger - INFO - ============================================================
2025-11-24 10:24:52,526 - LeNet5_NumPy_logger - INFO - 数据集信息:
2025-11-24 10:24:52,526 - LeNet5_NumPy_logger - INFO -   训练样本数: 60000
2025-11-24 10:24:52,526 - LeNet5_NumPy_logger - INFO -   测试样本数: 10000
2025-11-24 10:24:52,526 - LeNet5_NumPy_logger - INFO -   输入形状: (1, 28, 28)
2025-11-24 10:24:52,527 - LeNet5_NumPy_logger - INFO -   类别数: 10
2025-11-24 10:24:52,691 - LeNet5_NumPy_logger - INFO - Epoch 1 [1/1 (100.0%)] Loss: 2.4950 Acc: 0.1875
2025-11-24 10:24:52,981 - LeNet5_NumPy_logger - INFO - Epoch 1 [11/11 (100.0%)] Loss: 2.4277 Acc: 0.1562
2025-11-24 10:24:53,194 - LeNet5_NumPy_logger - INFO - Epoch 1 [21/21 (100.0%)] Loss: 2.6133 Acc: 0.1562
2025-11-24 10:24:53,427 - LeNet5_NumPy_logger - INFO - Epoch 1 [31/31 (100.0%)] Loss: 2.4177 Acc: 0.1875
2025-11-24 10:24:53,827 - LeNet5_NumPy_logger - INFO - Epoch 1 [41/41 (100.0%)] Loss: 2.4558 Acc: 0.1875
2025-11-24 10:24:54,148 - LeNet5_NumPy_logger - INFO - Epoch 1 [51/51 (100.0%)] Loss: 2.3629 Acc: 0.1875
2025-11-24 10:24:54,414 - LeNet5_NumPy_logger - INFO - Epoch 1 [61/61 (100.0%)] Loss: 2.2605 Acc: 0.2188
2025-11-24 10:24:54,665 - LeNet5_NumPy_logger - INFO - Epoch 1 [71/71 (100.0%)] Loss: 2.3580 Acc: 0.1875
2025-11-24 10:24:54,986 - LeNet5_NumPy_logger - INFO - Epoch 1 [81/81 (100.0%)] Loss: 2.3560 Acc: 0.1875
2025-11-24 10:24:55,248 - LeNet5_NumPy_logger - INFO - Epoch 1 [91/91 (100.0%)] Loss: 2.2255 Acc: 0.1875
2025-11-24 10:24:55,531 - LeNet5_NumPy_logger - INFO - Epoch 1 [101/101 (100.0%)] Loss: 2.3480 Acc: 0.1250
2025-11-24 10:24:55,806 - LeNet5_NumPy_logger - INFO - Epoch 1 [111/111 (100.0%)] Loss: 2.3371 Acc: 0.2500
2025-11-24 10:24:56,190 - LeNet5_NumPy_logger - INFO - Epoch 1 [121/121 (100.0%)] Loss: 2.3176 Acc: 0.1875
2025-11-24 10:24:56,566 - LeNet5_NumPy_logger - INFO - Epoch 1 [131/131 (100.0%)] Loss: 2.2985 Acc: 0.1562
2025-11-24 10:24:56,927 - LeNet5_NumPy_logger - INFO - Epoch 1 [141/141 (100.0%)] Loss: 2.3418 Acc: 0.1562
2025-11-24 10:24:57,328 - LeNet5_NumPy_logger - INFO - Epoch 1 [151/151 (100.0%)] Loss: 2.3505 Acc: 0.2188
2025-11-24 10:24:57,593 - LeNet5_NumPy_logger - INFO - Epoch 1 [161/161 (100.0%)] Loss: 2.3477 Acc: 0.1250
2025-11-24 10:24:57,831 - LeNet5_NumPy_logger - INFO - Epoch 1 [171/171 (100.0%)] Loss: 2.2837 Acc: 0.2188
2025-11-24 10:24:58,077 - LeNet5_NumPy_logger - INFO - Epoch 1 [181/181 (100.0%)] Loss: 2.3175 Acc: 0.2500
2025-11-24 10:24:58,406 - LeNet5_NumPy_logger - INFO - Epoch 1 [191/191 (100.0%)] Loss: 2.3469 Acc: 0.1250
2025-11-24 10:24:58,713 - LeNet5_NumPy_logger - INFO - Epoch 1 [201/201 (100.0%)] Loss: 2.3210 Acc: 0.1562
2025-11-24 10:24:58,987 - LeNet5_NumPy_logger - INFO - Epoch 1 [211/211 (100.0%)] Loss: 2.3189 Acc: 0.2188
2025-11-24 10:24:59,206 - LeNet5_NumPy_logger - INFO - Epoch 1 [221/221 (100.0%)] Loss: 2.3234 Acc: 0.1875
2025-11-24 10:24:59,465 - LeNet5_NumPy_logger - INFO - Epoch 1 [231/231 (100.0%)] Loss: 2.3123 Acc: 0.1562
2025-11-24 10:24:59,765 - LeNet5_NumPy_logger - INFO - Epoch 1 [241/241 (100.0%)] Loss: 2.3326 Acc: 0.0625
2025-11-24 10:24:59,978 - LeNet5_NumPy_logger - INFO - Epoch 1 [251/251 (100.0%)] Loss: 2.3605 Acc: 0.1875
2025-11-24 10:25:00,228 - LeNet5_NumPy_logger - INFO - Epoch 1 [261/261 (100.0%)] Loss: 2.3236 Acc: 0.2500
2025-11-24 10:25:00,511 - LeNet5_NumPy_logger - INFO - Epoch 1 [271/271 (100.0%)] Loss: 2.3828 Acc: 0.2188
2025-11-24 10:25:00,781 - LeNet5_NumPy_logger - INFO - Epoch 1 [281/281 (100.0%)] Loss: 2.2766 Acc: 0.1875
2025-11-24 10:25:01,607 - LeNet5_NumPy_logger - INFO - Epoch 1 [291/291 (100.0%)] Loss: 2.3346 Acc: 0.1562
2025-11-24 10:25:01,882 - LeNet5_NumPy_logger - INFO - Epoch 1 [301/301 (100.0%)] Loss: 2.3501 Acc: 0.1562
2025-11-24 10:25:02,297 - LeNet5_NumPy_logger - INFO - Epoch 1 [311/311 (100.0%)] Loss: 2.3003 Acc: 0.2500
2025-11-24 10:25:02,630 - LeNet5_NumPy_logger - INFO - Epoch 1 [321/321 (100.0%)] Loss: 2.2972 Acc: 0.0625
2025-11-24 10:25:02,915 - LeNet5_NumPy_logger - INFO - Epoch 1 [331/331 (100.0%)] Loss: 2.3000 Acc: 0.1875
2025-11-24 10:25:03,170 - LeNet5_NumPy_logger - INFO - Epoch 1 [341/341 (100.0%)] Loss: 2.3406 Acc: 0.0625
2025-11-24 10:25:03,448 - LeNet5_NumPy_logger - INFO - Epoch 1 [351/351 (100.0%)] Loss: 2.3640 Acc: 0.0938
2025-11-24 10:25:03,847 - LeNet5_NumPy_logger - INFO - Epoch 1 [361/361 (100.0%)] Loss: 2.2865 Acc: 0.1250
2025-11-24 10:25:04,115 - LeNet5_NumPy_logger - INFO - Epoch 1 [371/371 (100.0%)] Loss: 2.3400 Acc: 0.0312
2025-11-24 10:25:04,330 - LeNet5_NumPy_logger - INFO - Epoch 1 [381/381 (100.0%)] Loss: 2.2759 Acc: 0.1562
2025-11-24 10:25:04,805 - LeNet5_NumPy_logger - INFO - Epoch 1 [391/391 (100.0%)] Loss: 2.2622 Acc: 0.2500
2025-11-24 10:25:05,090 - LeNet5_NumPy_logger - INFO - Epoch 1 [401/401 (100.0%)] Loss: 2.2845 Acc: 0.2812
2025-11-24 10:25:05,353 - LeNet5_NumPy_logger - INFO - Epoch 1 [411/411 (100.0%)] Loss: 2.3036 Acc: 0.1562
2025-11-24 10:25:05,613 - LeNet5_NumPy_logger - INFO - Epoch 1 [421/421 (100.0%)] Loss: 2.3189 Acc: 0.1250
2025-11-24 10:25:05,958 - LeNet5_NumPy_logger - INFO - Epoch 1 [431/431 (100.0%)] Loss: 2.2922 Acc: 0.1562
2025-11-24 10:25:06,475 - LeNet5_NumPy_logger - INFO - Epoch 1 [441/441 (100.0%)] Loss: 2.2855 Acc: 0.1875
2025-11-24 10:25:06,863 - LeNet5_NumPy_logger - INFO - Epoch 1 [451/451 (100.0%)] Loss: 2.2965 Acc: 0.1562
2025-11-24 10:25:07,183 - LeNet5_NumPy_logger - INFO - Epoch 1 [461/461 (100.0%)] Loss: 2.3201 Acc: 0.1562
2025-11-24 10:25:07,456 - LeNet5_NumPy_logger - INFO - Epoch 1 [471/471 (100.0%)] Loss: 2.2848 Acc: 0.1562
2025-11-24 10:25:07,715 - LeNet5_NumPy_logger - INFO - Epoch 1 [481/481 (100.0%)] Loss: 2.3067 Acc: 0.1562
2025-11-24 10:25:07,940 - LeNet5_NumPy_logger - INFO - Epoch 1 [491/491 (100.0%)] Loss: 2.3477 Acc: 0.1250
2025-11-24 10:25:08,243 - LeNet5_NumPy_logger - INFO - Epoch 1 [501/501 (100.0%)] Loss: 2.2730 Acc: 0.1875
2025-11-24 10:25:08,499 - LeNet5_NumPy_logger - INFO - Epoch 1 [511/511 (100.0%)] Loss: 2.2968 Acc: 0.0938
2025-11-24 10:25:08,744 - LeNet5_NumPy_logger - INFO - Epoch 1 [521/521 (100.0%)] Loss: 2.2921 Acc: 0.0938
2025-11-24 10:25:08,982 - LeNet5_NumPy_logger - INFO - Epoch 1 [531/531 (100.0%)] Loss: 2.2923 Acc: 0.1250
2025-11-24 10:25:09,297 - LeNet5_NumPy_logger - INFO - Epoch 1 [541/541 (100.0%)] Loss: 2.3085 Acc: 0.2188
2025-11-24 10:25:09,518 - LeNet5_NumPy_logger - INFO - Epoch 1 [551/551 (100.0%)] Loss: 2.2815 Acc: 0.3125
2025-11-24 10:25:09,731 - LeNet5_NumPy_logger - INFO - Epoch 1 [561/561 (100.0%)] Loss: 2.3198 Acc: 0.1875
2025-11-24 10:25:09,981 - LeNet5_NumPy_logger - INFO - Epoch 1 [571/571 (100.0%)] Loss: 2.3447 Acc: 0.0625
2025-11-24 10:25:10,302 - LeNet5_NumPy_logger - INFO - Epoch 1 [581/581 (100.0%)] Loss: 2.3010 Acc: 0.0938
2025-11-24 10:25:10,593 - LeNet5_NumPy_logger - INFO - Epoch 1 [591/591 (100.0%)] Loss: 2.3191 Acc: 0.1875
2025-11-24 10:25:10,873 - LeNet5_NumPy_logger - INFO - Epoch 1 [601/601 (100.0%)] Loss: 2.2812 Acc: 0.1562
2025-11-24 10:25:11,119 - LeNet5_NumPy_logger - INFO - Epoch 1 [611/611 (100.0%)] Loss: 2.3164 Acc: 0.1250
2025-11-24 10:25:11,498 - LeNet5_NumPy_logger - INFO - Epoch 1 [621/621 (100.0%)] Loss: 2.3135 Acc: 0.0938
2025-11-24 10:25:11,882 - LeNet5_NumPy_logger - INFO - Epoch 1 [631/631 (100.0%)] Loss: 2.3052 Acc: 0.1562
2025-11-24 10:25:12,432 - LeNet5_NumPy_logger - INFO - Epoch 1 [641/641 (100.0%)] Loss: 2.2823 Acc: 0.1250
2025-11-24 10:25:12,831 - LeNet5_NumPy_logger - INFO - Epoch 1 [651/651 (100.0%)] Loss: 2.3066 Acc: 0.1875
2025-11-24 10:25:13,140 - LeNet5_NumPy_logger - INFO - Epoch 1 [661/661 (100.0%)] Loss: 2.3292 Acc: 0.0312
2025-11-24 10:25:13,423 - LeNet5_NumPy_logger - INFO - Epoch 1 [671/671 (100.0%)] Loss: 2.2707 Acc: 0.1875
2025-11-24 10:25:14,062 - LeNet5_NumPy_logger - INFO - Epoch 1 [681/681 (100.0%)] Loss: 2.3083 Acc: 0.0312
2025-11-24 10:25:14,561 - LeNet5_NumPy_logger - INFO - Epoch 1 [691/691 (100.0%)] Loss: 2.2766 Acc: 0.1875
2025-11-24 10:25:14,914 - LeNet5_NumPy_logger - INFO - Epoch 1 [701/701 (100.0%)] Loss: 2.3294 Acc: 0.0938
2025-11-24 10:25:15,178 - LeNet5_NumPy_logger - INFO - Epoch 1 [711/711 (100.0%)] Loss: 2.2902 Acc: 0.1250
2025-11-24 10:25:15,388 - LeNet5_NumPy_logger - INFO - Epoch 1 [721/721 (100.0%)] Loss: 2.2911 Acc: 0.1875
2025-11-24 10:25:15,629 - LeNet5_NumPy_logger - INFO - Epoch 1 [731/731 (100.0%)] Loss: 2.3105 Acc: 0.2812
2025-11-24 10:25:15,964 - LeNet5_NumPy_logger - INFO - Epoch 1 [741/741 (100.0%)] Loss: 2.2951 Acc: 0.1875
2025-11-24 10:25:16,264 - LeNet5_NumPy_logger - INFO - Epoch 1 [751/751 (100.0%)] Loss: 2.2770 Acc: 0.1875
2025-11-24 10:25:16,477 - LeNet5_NumPy_logger - INFO - Epoch 1 [761/761 (100.0%)] Loss: 2.2606 Acc: 0.2500
2025-11-24 10:25:16,938 - LeNet5_NumPy_logger - INFO - Epoch 1 [771/771 (100.0%)] Loss: 2.2981 Acc: 0.1562
2025-11-24 10:25:17,165 - LeNet5_NumPy_logger - INFO - Epoch 1 [781/781 (100.0%)] Loss: 2.2989 Acc: 0.0938
2025-11-24 10:25:17,381 - LeNet5_NumPy_logger - INFO - Epoch 1 [791/791 (100.0%)] Loss: 2.3126 Acc: 0.1250
2025-11-24 10:25:17,643 - LeNet5_NumPy_logger - INFO - Epoch 1 [801/801 (100.0%)] Loss: 2.2995 Acc: 0.2188
2025-11-24 10:25:17,873 - LeNet5_NumPy_logger - INFO - Epoch 1 [811/811 (100.0%)] Loss: 2.3041 Acc: 0.2812
2025-11-24 10:25:18,173 - LeNet5_NumPy_logger - INFO - Epoch 1 [821/821 (100.0%)] Loss: 2.3032 Acc: 0.0938
2025-11-24 10:25:18,407 - LeNet5_NumPy_logger - INFO - Epoch 1 [831/831 (100.0%)] Loss: 2.2842 Acc: 0.2188
2025-11-24 10:25:18,687 - LeNet5_NumPy_logger - INFO - Epoch 1 [841/841 (100.0%)] Loss: 2.2512 Acc: 0.3438
2025-11-24 10:25:18,940 - LeNet5_NumPy_logger - INFO - Epoch 1 [851/851 (100.0%)] Loss: 2.2893 Acc: 0.1250
2025-11-24 10:25:19,240 - LeNet5_NumPy_logger - INFO - Epoch 1 [861/861 (100.0%)] Loss: 2.2997 Acc: 0.1562
2025-11-24 10:25:19,506 - LeNet5_NumPy_logger - INFO - Epoch 1 [871/871 (100.0%)] Loss: 2.2731 Acc: 0.2188
2025-11-24 10:25:19,731 - LeNet5_NumPy_logger - INFO - Epoch 1 [881/881 (100.0%)] Loss: 2.2686 Acc: 0.1562
2025-11-24 10:25:19,973 - LeNet5_NumPy_logger - INFO - Epoch 1 [891/891 (100.0%)] Loss: 2.2618 Acc: 0.1250
2025-11-24 10:25:20,273 - LeNet5_NumPy_logger - INFO - Epoch 1 [901/901 (100.0%)] Loss: 2.2359 Acc: 0.1875
2025-11-24 10:25:20,481 - LeNet5_NumPy_logger - INFO - Epoch 1 [911/911 (100.0%)] Loss: 2.2474 Acc: 0.2500
2025-11-24 10:25:20,745 - LeNet5_NumPy_logger - INFO - Epoch 1 [921/921 (100.0%)] Loss: 2.2457 Acc: 0.2188
2025-11-24 10:25:26,919 - LeNet5_NumPy_logger - INFO - Epoch 1 [931/931 (100.0%)] Loss: 2.2280 Acc: 0.1562
2025-11-24 10:25:29,979 - LeNet5_NumPy_logger - INFO - Epoch 1 [941/941 (100.0%)] Loss: 2.2517 Acc: 0.3438
2025-11-24 10:25:30,387 - LeNet5_NumPy_logger - INFO - Epoch 1 [951/951 (100.0%)] Loss: 2.2515 Acc: 0.1562
2025-11-24 10:25:30,717 - LeNet5_NumPy_logger - INFO - Epoch 1 [961/961 (100.0%)] Loss: 2.2311 Acc: 0.3125
2025-11-24 10:25:31,038 - LeNet5_NumPy_logger - INFO - Epoch 1 [971/971 (100.0%)] Loss: 2.1907 Acc: 0.2812
2025-11-24 10:25:31,513 - LeNet5_NumPy_logger - INFO - Epoch 1 [981/981 (100.0%)] Loss: 2.1741 Acc: 0.2812
2025-11-24 10:25:31,875 - LeNet5_NumPy_logger - INFO - Epoch 1 [991/991 (100.0%)] Loss: 2.1037 Acc: 0.3125
2025-11-24 10:25:32,202 - LeNet5_NumPy_logger - INFO - Epoch 1 [1001/1001 (100.0%)] Loss: 2.1319 Acc: 0.3125
2025-11-24 10:25:32,637 - LeNet5_NumPy_logger - INFO - Epoch 1 [1011/1011 (100.0%)] Loss: 1.9889 Acc: 0.3125
2025-11-24 10:25:33,166 - LeNet5_NumPy_logger - INFO - Epoch 1 [1021/1021 (100.0%)] Loss: 2.1973 Acc: 0.3125
2025-11-24 10:25:33,537 - LeNet5_NumPy_logger - INFO - Epoch 1 [1031/1031 (100.0%)] Loss: 1.9922 Acc: 0.3438
2025-11-24 10:25:33,999 - LeNet5_NumPy_logger - INFO - Epoch 1 [1041/1041 (100.0%)] Loss: 2.0504 Acc: 0.3438
2025-11-24 10:25:34,610 - LeNet5_NumPy_logger - INFO - Epoch 1 [1051/1051 (100.0%)] Loss: 2.0343 Acc: 0.3438
2025-11-24 10:25:35,204 - LeNet5_NumPy_logger - INFO - Epoch 1 [1061/1061 (100.0%)] Loss: 1.8693 Acc: 0.4688
2025-11-24 10:25:35,658 - LeNet5_NumPy_logger - INFO - Epoch 1 [1071/1071 (100.0%)] Loss: 1.8867 Acc: 0.4062
2025-11-24 10:25:36,161 - LeNet5_NumPy_logger - INFO - Epoch 1 [1081/1081 (100.0%)] Loss: 1.8692 Acc: 0.5312
2025-11-24 10:25:36,641 - LeNet5_NumPy_logger - INFO - Epoch 1 [1091/1091 (100.0%)] Loss: 1.7127 Acc: 0.3750
2025-11-24 10:25:37,117 - LeNet5_NumPy_logger - INFO - Epoch 1 [1101/1101 (100.0%)] Loss: 1.8686 Acc: 0.4688
2025-11-24 10:25:37,515 - LeNet5_NumPy_logger - INFO - Epoch 1 [1111/1111 (100.0%)] Loss: 1.8664 Acc: 0.3750
2025-11-24 10:25:37,895 - LeNet5_NumPy_logger - INFO - Epoch 1 [1121/1121 (100.0%)] Loss: 1.6872 Acc: 0.5938
2025-11-24 10:25:38,358 - LeNet5_NumPy_logger - INFO - Epoch 1 [1131/1131 (100.0%)] Loss: 1.4381 Acc: 0.5625
2025-11-24 10:25:38,690 - LeNet5_NumPy_logger - INFO - Epoch 1 [1141/1141 (100.0%)] Loss: 1.5120 Acc: 0.5938
2025-11-24 10:25:39,107 - LeNet5_NumPy_logger - INFO - Epoch 1 [1151/1151 (100.0%)] Loss: 1.3312 Acc: 0.6250
2025-11-24 10:25:39,466 - LeNet5_NumPy_logger - INFO - Epoch 1 [1161/1161 (100.0%)] Loss: 1.0386 Acc: 0.8125
2025-11-24 10:25:40,010 - LeNet5_NumPy_logger - INFO - Epoch 1 [1171/1171 (100.0%)] Loss: 1.3177 Acc: 0.5938
2025-11-24 10:25:40,378 - LeNet5_NumPy_logger - INFO - Epoch 1 [1181/1181 (100.0%)] Loss: 1.4369 Acc: 0.5938
2025-11-24 10:25:40,758 - LeNet5_NumPy_logger - INFO - Epoch 1 [1191/1191 (100.0%)] Loss: 1.1616 Acc: 0.6250
2025-11-24 10:25:41,241 - LeNet5_NumPy_logger - INFO - Epoch 1 [1201/1201 (100.0%)] Loss: 1.0557 Acc: 0.7500
2025-11-24 10:25:41,660 - LeNet5_NumPy_logger - INFO - Epoch 1 [1211/1211 (100.0%)] Loss: 1.0593 Acc: 0.7500
2025-11-24 10:25:42,060 - LeNet5_NumPy_logger - INFO - Epoch 1 [1221/1221 (100.0%)] Loss: 1.0277 Acc: 0.7812
2025-11-24 10:25:42,850 - LeNet5_NumPy_logger - INFO - Epoch 1 [1231/1231 (100.0%)] Loss: 0.9766 Acc: 0.7812
2025-11-24 10:25:43,417 - LeNet5_NumPy_logger - INFO - Epoch 1 [1241/1241 (100.0%)] Loss: 0.8918 Acc: 0.7812
2025-11-24 10:25:43,865 - LeNet5_NumPy_logger - INFO - Epoch 1 [1251/1251 (100.0%)] Loss: 0.9795 Acc: 0.8438
2025-11-24 10:25:44,447 - LeNet5_NumPy_logger - INFO - Epoch 1 [1261/1261 (100.0%)] Loss: 0.8099 Acc: 0.8125
2025-11-24 10:25:44,900 - LeNet5_NumPy_logger - INFO - Epoch 1 [1271/1271 (100.0%)] Loss: 0.8488 Acc: 0.8750
2025-11-24 10:25:45,320 - LeNet5_NumPy_logger - INFO - Epoch 1 [1281/1281 (100.0%)] Loss: 0.9703 Acc: 0.8750
2025-11-24 10:25:45,833 - LeNet5_NumPy_logger - INFO - Epoch 1 [1291/1291 (100.0%)] Loss: 0.6292 Acc: 0.8438
2025-11-24 10:25:46,237 - LeNet5_NumPy_logger - INFO - Epoch 1 [1301/1301 (100.0%)] Loss: 0.8037 Acc: 0.7188
2025-11-24 10:25:46,926 - LeNet5_NumPy_logger - INFO - Epoch 1 [1311/1311 (100.0%)] Loss: 0.7814 Acc: 0.8750
2025-11-24 10:25:47,370 - LeNet5_NumPy_logger - INFO - Epoch 1 [1321/1321 (100.0%)] Loss: 0.9260 Acc: 0.8125
2025-11-24 10:25:48,021 - LeNet5_NumPy_logger - INFO - Epoch 1 [1331/1331 (100.0%)] Loss: 0.5645 Acc: 0.8750
2025-11-24 10:25:48,793 - LeNet5_NumPy_logger - INFO - Epoch 1 [1341/1341 (100.0%)] Loss: 0.6789 Acc: 0.8438
2025-11-24 10:25:49,346 - LeNet5_NumPy_logger - INFO - Epoch 1 [1351/1351 (100.0%)] Loss: 0.6992 Acc: 0.7188
2025-11-24 10:25:49,909 - LeNet5_NumPy_logger - INFO - Epoch 1 [1361/1361 (100.0%)] Loss: 0.5974 Acc: 0.8750
2025-11-24 10:25:50,732 - LeNet5_NumPy_logger - INFO - Epoch 1 [1371/1371 (100.0%)] Loss: 0.6213 Acc: 0.9062
2025-11-24 10:25:51,515 - LeNet5_NumPy_logger - INFO - Epoch 1 [1381/1381 (100.0%)] Loss: 0.6779 Acc: 0.8438
2025-11-24 10:25:52,099 - LeNet5_NumPy_logger - INFO - Epoch 1 [1391/1391 (100.0%)] Loss: 0.6905 Acc: 0.8750
2025-11-24 10:25:52,779 - LeNet5_NumPy_logger - INFO - Epoch 1 [1401/1401 (100.0%)] Loss: 0.5186 Acc: 0.9375
2025-11-24 10:25:53,236 - LeNet5_NumPy_logger - INFO - Epoch 1 [1411/1411 (100.0%)] Loss: 0.5407 Acc: 0.9062
2025-11-24 10:25:53,849 - LeNet5_NumPy_logger - INFO - Epoch 1 [1421/1421 (100.0%)] Loss: 0.8593 Acc: 0.7500
2025-11-24 10:25:54,208 - LeNet5_NumPy_logger - INFO - Epoch 1 [1431/1431 (100.0%)] Loss: 0.5362 Acc: 0.8125
2025-11-24 10:25:54,568 - LeNet5_NumPy_logger - INFO - Epoch 1 [1441/1441 (100.0%)] Loss: 0.5489 Acc: 0.9375
2025-11-24 10:25:55,468 - LeNet5_NumPy_logger - INFO - Epoch 1 [1451/1451 (100.0%)] Loss: 0.7028 Acc: 0.8125
2025-11-24 10:25:56,070 - LeNet5_NumPy_logger - INFO - Epoch 1 [1461/1461 (100.0%)] Loss: 0.6176 Acc: 0.8438
2025-11-24 10:25:56,570 - LeNet5_NumPy_logger - INFO - Epoch 1 [1471/1471 (100.0%)] Loss: 0.6895 Acc: 0.9062
2025-11-24 10:25:57,262 - LeNet5_NumPy_logger - INFO - Epoch 1 [1481/1481 (100.0%)] Loss: 0.2705 Acc: 0.9688
2025-11-24 10:25:57,734 - LeNet5_NumPy_logger - INFO - Epoch 1 [1491/1491 (100.0%)] Loss: 0.6896 Acc: 0.7812
2025-11-24 10:25:58,345 - LeNet5_NumPy_logger - INFO - Epoch 1 [1501/1501 (100.0%)] Loss: 0.7730 Acc: 0.8750
2025-11-24 10:25:59,641 - LeNet5_NumPy_logger - INFO - Epoch 1 [1511/1511 (100.0%)] Loss: 0.5920 Acc: 0.9062
2025-11-24 10:26:00,148 - LeNet5_NumPy_logger - INFO - Epoch 1 [1521/1521 (100.0%)] Loss: 0.6196 Acc: 0.8438
2025-11-24 10:26:00,674 - LeNet5_NumPy_logger - INFO - Epoch 1 [1531/1531 (100.0%)] Loss: 0.5553 Acc: 0.9375
2025-11-24 10:26:01,023 - LeNet5_NumPy_logger - INFO - Epoch 1 [1541/1541 (100.0%)] Loss: 0.3687 Acc: 0.9688
2025-11-24 10:26:01,663 - LeNet5_NumPy_logger - INFO - Epoch 1 [1551/1551 (100.0%)] Loss: 0.4643 Acc: 0.9062
2025-11-24 10:26:02,163 - LeNet5_NumPy_logger - INFO - Epoch 1 [1561/1561 (100.0%)] Loss: 0.3536 Acc: 1.0000
2025-11-24 10:26:03,345 - LeNet5_NumPy_logger - INFO - Epoch 1 [1571/1571 (100.0%)] Loss: 0.3374 Acc: 0.9375
2025-11-24 10:26:04,082 - LeNet5_NumPy_logger - INFO - Epoch 1 [1581/1581 (100.0%)] Loss: 0.4935 Acc: 0.8750
2025-11-24 10:26:05,229 - LeNet5_NumPy_logger - INFO - Epoch 1 [1591/1591 (100.0%)] Loss: 0.9065 Acc: 0.8125
2025-11-24 10:26:05,753 - LeNet5_NumPy_logger - INFO - Epoch 1 [1601/1601 (100.0%)] Loss: 0.5356 Acc: 0.8125
2025-11-24 10:26:06,227 - LeNet5_NumPy_logger - INFO - Epoch 1 [1611/1611 (100.0%)] Loss: 0.3938 Acc: 0.9375
2025-11-24 10:26:06,807 - LeNet5_NumPy_logger - INFO - Epoch 1 [1621/1621 (100.0%)] Loss: 0.4987 Acc: 0.8750
2025-11-24 10:26:07,315 - LeNet5_NumPy_logger - INFO - Epoch 1 [1631/1631 (100.0%)] Loss: 0.6058 Acc: 0.8750
2025-11-24 10:26:07,702 - LeNet5_NumPy_logger - INFO - Epoch 1 [1641/1641 (100.0%)] Loss: 0.3441 Acc: 0.9375
2025-11-24 10:26:08,149 - LeNet5_NumPy_logger - INFO - Epoch 1 [1651/1651 (100.0%)] Loss: 0.2760 Acc: 1.0000
2025-11-24 10:26:08,656 - LeNet5_NumPy_logger - INFO - Epoch 1 [1661/1661 (100.0%)] Loss: 0.5402 Acc: 0.8125
2025-11-24 10:26:09,111 - LeNet5_NumPy_logger - INFO - Epoch 1 [1671/1671 (100.0%)] Loss: 0.2373 Acc: 1.0000
2025-11-24 10:26:10,012 - LeNet5_NumPy_logger - INFO - Epoch 1 [1681/1681 (100.0%)] Loss: 0.5611 Acc: 0.9062
2025-11-24 10:26:10,509 - LeNet5_NumPy_logger - INFO - Epoch 1 [1691/1691 (100.0%)] Loss: 0.5344 Acc: 0.8750
2025-11-24 10:26:11,041 - LeNet5_NumPy_logger - INFO - Epoch 1 [1701/1701 (100.0%)] Loss: 0.3611 Acc: 0.9688
2025-11-24 10:26:11,469 - LeNet5_NumPy_logger - INFO - Epoch 1 [1711/1711 (100.0%)] Loss: 0.5197 Acc: 0.8750
2025-11-24 10:26:12,307 - LeNet5_NumPy_logger - INFO - Epoch 1 [1721/1721 (100.0%)] Loss: 0.4731 Acc: 0.9062
2025-11-24 10:26:12,871 - LeNet5_NumPy_logger - INFO - Epoch 1 [1731/1731 (100.0%)] Loss: 0.2591 Acc: 0.9688
2025-11-24 10:26:13,340 - LeNet5_NumPy_logger - INFO - Epoch 1 [1741/1741 (100.0%)] Loss: 0.4953 Acc: 0.8438
2025-11-24 10:26:14,010 - LeNet5_NumPy_logger - INFO - Epoch 1 [1751/1751 (100.0%)] Loss: 0.3668 Acc: 0.9375
2025-11-24 10:26:14,448 - LeNet5_NumPy_logger - INFO - Epoch 1 [1761/1761 (100.0%)] Loss: 0.3903 Acc: 0.9062
2025-11-24 10:26:14,990 - LeNet5_NumPy_logger - INFO - Epoch 1 [1771/1771 (100.0%)] Loss: 0.5195 Acc: 0.9688
2025-11-24 10:26:15,620 - LeNet5_NumPy_logger - INFO - Epoch 1 [1781/1781 (100.0%)] Loss: 0.6018 Acc: 0.8750
2025-11-24 10:26:17,049 - LeNet5_NumPy_logger - INFO - Epoch 1 [1791/1791 (100.0%)] Loss: 0.3427 Acc: 0.9062
2025-11-24 10:26:17,706 - LeNet5_NumPy_logger - INFO - Epoch 1 [1801/1801 (100.0%)] Loss: 0.4262 Acc: 0.9062
2025-11-24 10:26:18,169 - LeNet5_NumPy_logger - INFO - Epoch 1 [1811/1811 (100.0%)] Loss: 0.6911 Acc: 0.8750
2025-11-24 10:26:18,657 - LeNet5_NumPy_logger - INFO - Epoch 1 [1821/1821 (100.0%)] Loss: 0.5688 Acc: 0.8750
2025-11-24 10:26:19,117 - LeNet5_NumPy_logger - INFO - Epoch 1 [1831/1831 (100.0%)] Loss: 0.2192 Acc: 0.9375
2025-11-24 10:26:19,668 - LeNet5_NumPy_logger - INFO - Epoch 1 [1841/1841 (100.0%)] Loss: 0.7737 Acc: 0.8750
2025-11-24 10:26:20,894 - LeNet5_NumPy_logger - INFO - Epoch 1 [1851/1851 (100.0%)] Loss: 0.3420 Acc: 0.9375
2025-11-24 10:26:21,219 - LeNet5_NumPy_logger - INFO - Epoch 1 [1861/1861 (100.0%)] Loss: 0.3455 Acc: 0.9375
2025-11-24 10:26:21,540 - LeNet5_NumPy_logger - INFO - Epoch 1 [1871/1871 (100.0%)] Loss: 0.3181 Acc: 0.9062
2025-11-24 10:26:26,251 - LeNet5_NumPy_logger - INFO - Epoch   1 | Train Loss: 1.6324 | Train Acc: 0.8690 | Val Loss: 0.3911 | Val Acc: 0.3911
2025-11-24 10:26:26,507 - LeNet5_NumPy_logger - INFO - Epoch 2 [1/1 (100.0%)] Loss: 0.3502 Acc: 0.9375
2025-11-24 10:26:27,331 - LeNet5_NumPy_logger - INFO - Epoch 2 [11/11 (100.0%)] Loss: 0.2636 Acc: 0.9375
2025-11-24 10:26:27,887 - LeNet5_NumPy_logger - INFO - Epoch 2 [21/21 (100.0%)] Loss: 0.5813 Acc: 0.8438
2025-11-24 10:26:28,515 - LeNet5_NumPy_logger - INFO - Epoch 2 [31/31 (100.0%)] Loss: 0.5590 Acc: 0.8125
2025-11-24 10:26:29,237 - LeNet5_NumPy_logger - INFO - Epoch 2 [41/41 (100.0%)] Loss: 0.4100 Acc: 1.0000
2025-11-24 10:26:29,821 - LeNet5_NumPy_logger - INFO - Epoch 2 [51/51 (100.0%)] Loss: 0.4385 Acc: 0.9062
2025-11-24 10:26:30,253 - LeNet5_NumPy_logger - INFO - Epoch 2 [61/61 (100.0%)] Loss: 0.5553 Acc: 0.8438
2025-11-24 10:26:30,990 - LeNet5_NumPy_logger - INFO - Epoch 2 [71/71 (100.0%)] Loss: 0.6159 Acc: 0.8750
2025-11-24 10:26:31,668 - LeNet5_NumPy_logger - INFO - Epoch 2 [81/81 (100.0%)] Loss: 0.2053 Acc: 0.9688
2025-11-24 10:26:32,228 - LeNet5_NumPy_logger - INFO - Epoch 2 [91/91 (100.0%)] Loss: 0.1869 Acc: 1.0000
2025-11-24 10:26:32,999 - LeNet5_NumPy_logger - INFO - Epoch 2 [101/101 (100.0%)] Loss: 0.6374 Acc: 0.8438
2025-11-24 10:26:34,193 - LeNet5_NumPy_logger - INFO - Epoch 2 [111/111 (100.0%)] Loss: 0.3179 Acc: 0.9375
2025-11-24 10:26:35,212 - LeNet5_NumPy_logger - INFO - Epoch 2 [121/121 (100.0%)] Loss: 0.5809 Acc: 0.8438
2025-11-24 10:26:35,715 - LeNet5_NumPy_logger - INFO - Epoch 2 [131/131 (100.0%)] Loss: 0.8064 Acc: 0.7500
2025-11-24 10:26:36,407 - LeNet5_NumPy_logger - INFO - Epoch 2 [141/141 (100.0%)] Loss: 0.4147 Acc: 1.0000
2025-11-24 10:26:37,219 - LeNet5_NumPy_logger - INFO - Epoch 2 [151/151 (100.0%)] Loss: 0.2630 Acc: 0.9375
2025-11-24 10:26:38,205 - LeNet5_NumPy_logger - INFO - Epoch 2 [161/161 (100.0%)] Loss: 0.3233 Acc: 0.9375
2025-11-24 10:26:38,969 - LeNet5_NumPy_logger - INFO - Epoch 2 [171/171 (100.0%)] Loss: 0.2206 Acc: 1.0000
2025-11-24 10:26:39,781 - LeNet5_NumPy_logger - INFO - Epoch 2 [181/181 (100.0%)] Loss: 0.1983 Acc: 0.9688
2025-11-24 10:26:40,424 - LeNet5_NumPy_logger - INFO - Epoch 2 [191/191 (100.0%)] Loss: 0.1672 Acc: 1.0000
2025-11-24 10:26:41,498 - LeNet5_NumPy_logger - INFO - Epoch 2 [201/201 (100.0%)] Loss: 0.1828 Acc: 0.9688
2025-11-24 10:26:42,265 - LeNet5_NumPy_logger - INFO - Epoch 2 [211/211 (100.0%)] Loss: 0.2245 Acc: 0.9688
2025-11-24 10:26:42,995 - LeNet5_NumPy_logger - INFO - Epoch 2 [221/221 (100.0%)] Loss: 0.2560 Acc: 0.9688
2025-11-24 10:26:43,794 - LeNet5_NumPy_logger - INFO - Epoch 2 [231/231 (100.0%)] Loss: 0.2225 Acc: 0.9688
2025-11-24 10:26:44,706 - LeNet5_NumPy_logger - INFO - Epoch 2 [241/241 (100.0%)] Loss: 0.4013 Acc: 0.9375
2025-11-24 10:26:45,481 - LeNet5_NumPy_logger - INFO - Epoch 2 [251/251 (100.0%)] Loss: 0.2101 Acc: 0.9688
2025-11-24 10:26:46,232 - LeNet5_NumPy_logger - INFO - Epoch 2 [261/261 (100.0%)] Loss: 0.2026 Acc: 0.9375
2025-11-24 10:26:47,175 - LeNet5_NumPy_logger - INFO - Epoch 2 [271/271 (100.0%)] Loss: 0.3885 Acc: 0.9062
2025-11-24 10:26:47,898 - LeNet5_NumPy_logger - INFO - Epoch 2 [281/281 (100.0%)] Loss: 0.1446 Acc: 0.9688
2025-11-24 10:26:48,456 - LeNet5_NumPy_logger - INFO - Epoch 2 [291/291 (100.0%)] Loss: 0.4384 Acc: 0.9062
2025-11-24 10:26:49,297 - LeNet5_NumPy_logger - INFO - Epoch 2 [301/301 (100.0%)] Loss: 0.2757 Acc: 0.9375
2025-11-24 10:26:49,917 - LeNet5_NumPy_logger - INFO - Epoch 2 [311/311 (100.0%)] Loss: 0.3155 Acc: 0.9688
2025-11-24 10:26:50,481 - LeNet5_NumPy_logger - INFO - Epoch 2 [321/321 (100.0%)] Loss: 0.3121 Acc: 1.0000
2025-11-24 10:26:51,178 - LeNet5_NumPy_logger - INFO - Epoch 2 [331/331 (100.0%)] Loss: 0.2606 Acc: 0.9688
2025-11-24 10:26:51,864 - LeNet5_NumPy_logger - INFO - Epoch 2 [341/341 (100.0%)] Loss: 0.1846 Acc: 0.9688
2025-11-24 10:26:52,373 - LeNet5_NumPy_logger - INFO - Epoch 2 [351/351 (100.0%)] Loss: 0.6176 Acc: 0.9062
2025-11-24 10:26:53,064 - LeNet5_NumPy_logger - INFO - Epoch 2 [361/361 (100.0%)] Loss: 0.2397 Acc: 1.0000
2025-11-24 10:26:53,738 - LeNet5_NumPy_logger - INFO - Epoch 2 [371/371 (100.0%)] Loss: 0.4051 Acc: 0.9062
2025-11-24 10:26:54,345 - LeNet5_NumPy_logger - INFO - Epoch 2 [381/381 (100.0%)] Loss: 0.3086 Acc: 1.0000
2025-11-24 10:26:54,932 - LeNet5_NumPy_logger - INFO - Epoch 2 [391/391 (100.0%)] Loss: 0.2360 Acc: 0.9375
2025-11-24 10:26:55,445 - LeNet5_NumPy_logger - INFO - Epoch 2 [401/401 (100.0%)] Loss: 0.3377 Acc: 0.9688
2025-11-24 10:26:56,039 - LeNet5_NumPy_logger - INFO - Epoch 2 [411/411 (100.0%)] Loss: 0.2868 Acc: 0.9062
2025-11-24 10:26:56,540 - LeNet5_NumPy_logger - INFO - Epoch 2 [421/421 (100.0%)] Loss: 0.2012 Acc: 0.9688
2025-11-24 10:26:57,355 - LeNet5_NumPy_logger - INFO - Epoch 2 [431/431 (100.0%)] Loss: 0.3225 Acc: 0.9375
2025-11-24 10:26:57,947 - LeNet5_NumPy_logger - INFO - Epoch 2 [441/441 (100.0%)] Loss: 0.1837 Acc: 1.0000
2025-11-24 10:26:58,712 - LeNet5_NumPy_logger - INFO - Epoch 2 [451/451 (100.0%)] Loss: 0.2531 Acc: 0.9375
2025-11-24 10:26:59,303 - LeNet5_NumPy_logger - INFO - Epoch 2 [461/461 (100.0%)] Loss: 0.1375 Acc: 1.0000
2025-11-24 10:26:59,940 - LeNet5_NumPy_logger - INFO - Epoch 2 [471/471 (100.0%)] Loss: 0.4749 Acc: 0.8438
2025-11-24 10:27:00,563 - LeNet5_NumPy_logger - INFO - Epoch 2 [481/481 (100.0%)] Loss: 0.2051 Acc: 0.9375
2025-11-24 10:27:01,055 - LeNet5_NumPy_logger - INFO - Epoch 2 [491/491 (100.0%)] Loss: 0.5157 Acc: 0.8125
2025-11-24 10:27:01,608 - LeNet5_NumPy_logger - INFO - Epoch 2 [501/501 (100.0%)] Loss: 0.2482 Acc: 0.9375
2025-11-24 10:27:02,457 - LeNet5_NumPy_logger - INFO - Epoch 2 [511/511 (100.0%)] Loss: 0.2482 Acc: 0.9375
2025-11-24 10:27:02,980 - LeNet5_NumPy_logger - INFO - Epoch 2 [521/521 (100.0%)] Loss: 0.4198 Acc: 0.9375
2025-11-24 10:27:03,623 - LeNet5_NumPy_logger - INFO - Epoch 2 [531/531 (100.0%)] Loss: 0.1161 Acc: 0.9688
2025-11-24 10:27:04,190 - LeNet5_NumPy_logger - INFO - Epoch 2 [541/541 (100.0%)] Loss: 0.1773 Acc: 0.9688
2025-11-24 10:27:04,930 - LeNet5_NumPy_logger - INFO - Epoch 2 [551/551 (100.0%)] Loss: 0.4947 Acc: 0.8750
2025-11-24 10:27:05,485 - LeNet5_NumPy_logger - INFO - Epoch 2 [561/561 (100.0%)] Loss: 0.2402 Acc: 0.9375
2025-11-24 10:27:06,146 - LeNet5_NumPy_logger - INFO - Epoch 2 [571/571 (100.0%)] Loss: 0.1831 Acc: 0.9688
2025-11-24 10:27:06,697 - LeNet5_NumPy_logger - INFO - Epoch 2 [581/581 (100.0%)] Loss: 0.1797 Acc: 1.0000
2025-11-24 10:27:07,355 - LeNet5_NumPy_logger - INFO - Epoch 2 [591/591 (100.0%)] Loss: 0.3052 Acc: 0.9688
2025-11-24 10:27:08,081 - LeNet5_NumPy_logger - INFO - Epoch 2 [601/601 (100.0%)] Loss: 0.2246 Acc: 0.9688
2025-11-24 10:27:08,848 - LeNet5_NumPy_logger - INFO - Epoch 2 [611/611 (100.0%)] Loss: 0.3170 Acc: 0.9375
2025-11-24 10:27:09,464 - LeNet5_NumPy_logger - INFO - Epoch 2 [621/621 (100.0%)] Loss: 0.5034 Acc: 0.9375
2025-11-24 10:27:10,277 - LeNet5_NumPy_logger - INFO - Epoch 2 [631/631 (100.0%)] Loss: 0.2241 Acc: 0.9375
2025-11-24 10:27:10,871 - LeNet5_NumPy_logger - INFO - Epoch 2 [641/641 (100.0%)] Loss: 0.3670 Acc: 0.9375
2025-11-24 10:27:11,431 - LeNet5_NumPy_logger - INFO - Epoch 2 [651/651 (100.0%)] Loss: 0.1653 Acc: 1.0000
2025-11-24 10:27:11,997 - LeNet5_NumPy_logger - INFO - Epoch 2 [661/661 (100.0%)] Loss: 0.0882 Acc: 1.0000
2025-11-24 10:27:12,973 - LeNet5_NumPy_logger - INFO - Epoch 2 [671/671 (100.0%)] Loss: 0.2035 Acc: 0.9375
2025-11-24 10:27:13,540 - LeNet5_NumPy_logger - INFO - Epoch 2 [681/681 (100.0%)] Loss: 0.3102 Acc: 0.9688
2025-11-24 10:27:14,382 - LeNet5_NumPy_logger - INFO - Epoch 2 [691/691 (100.0%)] Loss: 0.5800 Acc: 0.8438
2025-11-24 10:27:15,730 - LeNet5_NumPy_logger - INFO - Epoch 2 [701/701 (100.0%)] Loss: 0.3860 Acc: 0.9062
2025-11-24 10:27:16,860 - LeNet5_NumPy_logger - INFO - Epoch 2 [711/711 (100.0%)] Loss: 0.2378 Acc: 0.9688
2025-11-24 10:27:17,961 - LeNet5_NumPy_logger - INFO - Epoch 2 [721/721 (100.0%)] Loss: 0.4756 Acc: 0.8750
2025-11-24 10:27:19,039 - LeNet5_NumPy_logger - INFO - Epoch 2 [731/731 (100.0%)] Loss: 0.1840 Acc: 1.0000
2025-11-24 10:27:19,686 - LeNet5_NumPy_logger - INFO - Epoch 2 [741/741 (100.0%)] Loss: 0.3708 Acc: 0.9375
2025-11-24 10:27:20,330 - LeNet5_NumPy_logger - INFO - Epoch 2 [751/751 (100.0%)] Loss: 0.3459 Acc: 0.9375
2025-11-24 10:27:21,307 - LeNet5_NumPy_logger - INFO - Epoch 2 [761/761 (100.0%)] Loss: 0.2272 Acc: 1.0000
2025-11-24 10:27:22,064 - LeNet5_NumPy_logger - INFO - Epoch 2 [771/771 (100.0%)] Loss: 0.2371 Acc: 0.9688
2025-11-24 10:27:22,806 - LeNet5_NumPy_logger - INFO - Epoch 2 [781/781 (100.0%)] Loss: 0.1747 Acc: 1.0000
2025-11-24 10:27:23,473 - LeNet5_NumPy_logger - INFO - Epoch 2 [791/791 (100.0%)] Loss: 0.0739 Acc: 1.0000
2025-11-24 10:27:24,089 - LeNet5_NumPy_logger - INFO - Epoch 2 [801/801 (100.0%)] Loss: 0.3979 Acc: 0.9062
2025-11-24 10:27:24,870 - LeNet5_NumPy_logger - INFO - Epoch 2 [811/811 (100.0%)] Loss: 0.3962 Acc: 0.9062
2025-11-24 10:27:25,610 - LeNet5_NumPy_logger - INFO - Epoch 2 [821/821 (100.0%)] Loss: 0.2951 Acc: 0.9062
2025-11-24 10:27:26,154 - LeNet5_NumPy_logger - INFO - Epoch 2 [831/831 (100.0%)] Loss: 0.7780 Acc: 0.8438
2025-11-24 10:27:26,598 - LeNet5_NumPy_logger - INFO - Epoch 2 [841/841 (100.0%)] Loss: 0.1137 Acc: 1.0000
2025-11-24 10:27:27,204 - LeNet5_NumPy_logger - INFO - Epoch 2 [851/851 (100.0%)] Loss: 0.1311 Acc: 0.9688
2025-11-24 10:27:27,735 - LeNet5_NumPy_logger - INFO - Epoch 2 [861/861 (100.0%)] Loss: 0.2887 Acc: 0.9375
2025-11-24 10:27:28,486 - LeNet5_NumPy_logger - INFO - Epoch 2 [871/871 (100.0%)] Loss: 0.1779 Acc: 1.0000
2025-11-24 10:27:29,080 - LeNet5_NumPy_logger - INFO - Epoch 2 [881/881 (100.0%)] Loss: 0.0862 Acc: 1.0000
2025-11-24 10:27:29,613 - LeNet5_NumPy_logger - INFO - Epoch 2 [891/891 (100.0%)] Loss: 0.2508 Acc: 0.9375
2025-11-24 10:27:30,359 - LeNet5_NumPy_logger - INFO - Epoch 2 [901/901 (100.0%)] Loss: 0.6290 Acc: 0.8125
2025-11-24 10:27:30,977 - LeNet5_NumPy_logger - INFO - Epoch 2 [911/911 (100.0%)] Loss: 0.1412 Acc: 1.0000
2025-11-24 10:27:31,531 - LeNet5_NumPy_logger - INFO - Epoch 2 [921/921 (100.0%)] Loss: 0.5769 Acc: 0.9688
2025-11-24 10:27:33,259 - LeNet5_NumPy_logger - INFO - Epoch 2 [931/931 (100.0%)] Loss: 0.1175 Acc: 0.9375
2025-11-24 10:27:34,122 - LeNet5_NumPy_logger - INFO - Epoch 2 [941/941 (100.0%)] Loss: 0.2019 Acc: 0.9688
2025-11-24 10:27:34,922 - LeNet5_NumPy_logger - INFO - Epoch 2 [951/951 (100.0%)] Loss: 0.2205 Acc: 0.9688
2025-11-24 10:27:35,628 - LeNet5_NumPy_logger - INFO - Epoch 2 [961/961 (100.0%)] Loss: 0.6210 Acc: 0.8750
2025-11-24 10:27:36,288 - LeNet5_NumPy_logger - INFO - Epoch 2 [971/971 (100.0%)] Loss: 0.5587 Acc: 0.8438
2025-11-24 10:27:38,027 - LeNet5_NumPy_logger - INFO - Epoch 2 [981/981 (100.0%)] Loss: 0.0887 Acc: 1.0000
2025-11-24 10:27:38,681 - LeNet5_NumPy_logger - INFO - Epoch 2 [991/991 (100.0%)] Loss: 0.1913 Acc: 0.9688
2025-11-24 10:27:39,403 - LeNet5_NumPy_logger - INFO - Epoch 2 [1001/1001 (100.0%)] Loss: 0.3783 Acc: 0.9375
2025-11-24 10:27:39,944 - LeNet5_NumPy_logger - INFO - Epoch 2 [1011/1011 (100.0%)] Loss: 0.2375 Acc: 0.9688
2025-11-24 10:27:40,472 - LeNet5_NumPy_logger - INFO - Epoch 2 [1021/1021 (100.0%)] Loss: 0.0863 Acc: 1.0000
2025-11-24 10:27:41,471 - LeNet5_NumPy_logger - INFO - Epoch 2 [1031/1031 (100.0%)] Loss: 0.2045 Acc: 0.9688
2025-11-24 10:27:42,171 - LeNet5_NumPy_logger - INFO - Epoch 2 [1041/1041 (100.0%)] Loss: 0.1893 Acc: 0.9688
2025-11-24 10:27:43,001 - LeNet5_NumPy_logger - INFO - Epoch 2 [1051/1051 (100.0%)] Loss: 0.1907 Acc: 1.0000
2025-11-24 10:27:43,556 - LeNet5_NumPy_logger - INFO - Epoch 2 [1061/1061 (100.0%)] Loss: 0.5600 Acc: 0.8438
2025-11-24 10:27:44,342 - LeNet5_NumPy_logger - INFO - Epoch 2 [1071/1071 (100.0%)] Loss: 0.2321 Acc: 0.9688
2025-11-24 10:27:44,913 - LeNet5_NumPy_logger - INFO - Epoch 2 [1081/1081 (100.0%)] Loss: 0.3116 Acc: 0.9375
2025-11-24 10:27:45,355 - LeNet5_NumPy_logger - INFO - Epoch 2 [1091/1091 (100.0%)] Loss: 0.5012 Acc: 0.9062
2025-11-24 10:27:46,011 - LeNet5_NumPy_logger - INFO - Epoch 2 [1101/1101 (100.0%)] Loss: 0.1815 Acc: 1.0000
2025-11-24 10:27:46,552 - LeNet5_NumPy_logger - INFO - Epoch 2 [1111/1111 (100.0%)] Loss: 0.1375 Acc: 1.0000
2025-11-24 10:27:47,149 - LeNet5_NumPy_logger - INFO - Epoch 2 [1121/1121 (100.0%)] Loss: 0.2781 Acc: 0.9688
2025-11-24 10:27:47,671 - LeNet5_NumPy_logger - INFO - Epoch 2 [1131/1131 (100.0%)] Loss: 0.1935 Acc: 0.9688
2025-11-24 10:27:48,071 - LeNet5_NumPy_logger - INFO - Epoch 2 [1141/1141 (100.0%)] Loss: 0.4099 Acc: 0.9062
2025-11-24 10:27:48,632 - LeNet5_NumPy_logger - INFO - Epoch 2 [1151/1151 (100.0%)] Loss: 0.0993 Acc: 1.0000
2025-11-24 10:27:49,295 - LeNet5_NumPy_logger - INFO - Epoch 2 [1161/1161 (100.0%)] Loss: 0.1775 Acc: 0.9688
2025-11-24 10:27:50,271 - LeNet5_NumPy_logger - INFO - Epoch 2 [1171/1171 (100.0%)] Loss: 0.3671 Acc: 0.9688
2025-11-24 10:27:50,875 - LeNet5_NumPy_logger - INFO - Epoch 2 [1181/1181 (100.0%)] Loss: 0.2098 Acc: 1.0000
2025-11-24 10:27:51,555 - LeNet5_NumPy_logger - INFO - Epoch 2 [1191/1191 (100.0%)] Loss: 0.1931 Acc: 1.0000
2025-11-24 10:27:52,179 - LeNet5_NumPy_logger - INFO - Epoch 2 [1201/1201 (100.0%)] Loss: 0.1896 Acc: 0.9688
2025-11-24 10:27:52,684 - LeNet5_NumPy_logger - INFO - Epoch 2 [1211/1211 (100.0%)] Loss: 0.1957 Acc: 0.9688
2025-11-24 10:27:53,213 - LeNet5_NumPy_logger - INFO - Epoch 2 [1221/1221 (100.0%)] Loss: 0.3001 Acc: 0.9375
2025-11-24 10:27:53,938 - LeNet5_NumPy_logger - INFO - Epoch 2 [1231/1231 (100.0%)] Loss: 0.1029 Acc: 1.0000
2025-11-24 10:27:54,735 - LeNet5_NumPy_logger - INFO - Epoch 2 [1241/1241 (100.0%)] Loss: 0.0988 Acc: 0.9688
2025-11-24 10:27:55,198 - LeNet5_NumPy_logger - INFO - Epoch 2 [1251/1251 (100.0%)] Loss: 0.2713 Acc: 0.9375
2025-11-24 10:27:55,883 - LeNet5_NumPy_logger - INFO - Epoch 2 [1261/1261 (100.0%)] Loss: 0.0959 Acc: 1.0000
2025-11-24 10:27:56,364 - LeNet5_NumPy_logger - INFO - Epoch 2 [1271/1271 (100.0%)] Loss: 0.2500 Acc: 1.0000
2025-11-24 10:27:56,884 - LeNet5_NumPy_logger - INFO - Epoch 2 [1281/1281 (100.0%)] Loss: 0.1676 Acc: 1.0000
2025-11-24 10:27:57,883 - LeNet5_NumPy_logger - INFO - Epoch 2 [1291/1291 (100.0%)] Loss: 0.1592 Acc: 0.9688
2025-11-24 10:27:58,185 - LeNet5_NumPy_logger - INFO - Epoch 2 [1301/1301 (100.0%)] Loss: 0.2696 Acc: 0.9375
2025-11-24 10:27:58,380 - LeNet5_NumPy_logger - INFO - Epoch 2 [1311/1311 (100.0%)] Loss: 0.2995 Acc: 0.9688
2025-11-24 10:27:58,701 - LeNet5_NumPy_logger - INFO - Epoch 2 [1321/1321 (100.0%)] Loss: 0.1487 Acc: 0.9688
2025-11-24 10:27:58,932 - LeNet5_NumPy_logger - INFO - Epoch 2 [1331/1331 (100.0%)] Loss: 0.0676 Acc: 1.0000
2025-11-24 10:27:59,652 - LeNet5_NumPy_logger - INFO - Epoch 2 [1341/1341 (100.0%)] Loss: 0.2354 Acc: 0.9375
2025-11-24 10:27:59,915 - LeNet5_NumPy_logger - INFO - Epoch 2 [1351/1351 (100.0%)] Loss: 0.3081 Acc: 0.9375
2025-11-24 10:28:00,169 - LeNet5_NumPy_logger - INFO - Epoch 2 [1361/1361 (100.0%)] Loss: 0.2723 Acc: 0.9688
2025-11-24 10:28:00,464 - LeNet5_NumPy_logger - INFO - Epoch 2 [1371/1371 (100.0%)] Loss: 0.3780 Acc: 0.9375
2025-11-24 10:28:00,976 - LeNet5_NumPy_logger - INFO - Epoch 2 [1381/1381 (100.0%)] Loss: 0.4666 Acc: 0.9375
2025-11-24 10:28:01,393 - LeNet5_NumPy_logger - INFO - Epoch 2 [1391/1391 (100.0%)] Loss: 0.0563 Acc: 1.0000
2025-11-24 10:28:01,663 - LeNet5_NumPy_logger - INFO - Epoch 2 [1401/1401 (100.0%)] Loss: 0.3780 Acc: 0.9375
2025-11-24 10:28:01,900 - LeNet5_NumPy_logger - INFO - Epoch 2 [1411/1411 (100.0%)] Loss: 0.2223 Acc: 0.9688
2025-11-24 10:28:02,318 - LeNet5_NumPy_logger - INFO - Epoch 2 [1421/1421 (100.0%)] Loss: 0.2861 Acc: 0.9688
2025-11-24 10:28:02,639 - LeNet5_NumPy_logger - INFO - Epoch 2 [1431/1431 (100.0%)] Loss: 0.1997 Acc: 0.9688
2025-11-24 10:28:02,888 - LeNet5_NumPy_logger - INFO - Epoch 2 [1441/1441 (100.0%)] Loss: 0.1689 Acc: 1.0000
2025-11-24 10:28:03,149 - LeNet5_NumPy_logger - INFO - Epoch 2 [1451/1451 (100.0%)] Loss: 0.2187 Acc: 0.9375
2025-11-24 10:28:03,522 - LeNet5_NumPy_logger - INFO - Epoch 2 [1461/1461 (100.0%)] Loss: 0.3633 Acc: 0.9688
2025-11-24 10:28:03,918 - LeNet5_NumPy_logger - INFO - Epoch 2 [1471/1471 (100.0%)] Loss: 0.1631 Acc: 0.9375
2025-11-24 10:28:04,144 - LeNet5_NumPy_logger - INFO - Epoch 2 [1481/1481 (100.0%)] Loss: 0.2034 Acc: 0.9688
2025-11-24 10:28:04,426 - LeNet5_NumPy_logger - INFO - Epoch 2 [1491/1491 (100.0%)] Loss: 0.1993 Acc: 0.9688
2025-11-24 10:28:04,635 - LeNet5_NumPy_logger - INFO - Epoch 2 [1501/1501 (100.0%)] Loss: 0.4069 Acc: 0.9062
2025-11-24 10:28:04,967 - LeNet5_NumPy_logger - INFO - Epoch 2 [1511/1511 (100.0%)] Loss: 0.3311 Acc: 0.9375
2025-11-24 10:28:05,139 - LeNet5_NumPy_logger - INFO - Epoch 2 [1521/1521 (100.0%)] Loss: 0.2278 Acc: 0.9688
2025-11-24 10:28:05,299 - LeNet5_NumPy_logger - INFO - Epoch 2 [1531/1531 (100.0%)] Loss: 0.0861 Acc: 1.0000
2025-11-24 10:28:05,460 - LeNet5_NumPy_logger - INFO - Epoch 2 [1541/1541 (100.0%)] Loss: 0.0681 Acc: 1.0000
2025-11-24 10:28:05,665 - LeNet5_NumPy_logger - INFO - Epoch 2 [1551/1551 (100.0%)] Loss: 0.4482 Acc: 0.8750
2025-11-24 10:28:05,888 - LeNet5_NumPy_logger - INFO - Epoch 2 [1561/1561 (100.0%)] Loss: 0.1754 Acc: 1.0000
2025-11-24 10:28:06,037 - LeNet5_NumPy_logger - INFO - Epoch 2 [1571/1571 (100.0%)] Loss: 0.2876 Acc: 0.9688
2025-11-24 10:28:06,224 - LeNet5_NumPy_logger - INFO - Epoch 2 [1581/1581 (100.0%)] Loss: 0.1095 Acc: 1.0000
2025-11-24 10:28:06,382 - LeNet5_NumPy_logger - INFO - Epoch 2 [1591/1591 (100.0%)] Loss: 0.1622 Acc: 1.0000
2025-11-24 10:28:06,602 - LeNet5_NumPy_logger - INFO - Epoch 2 [1601/1601 (100.0%)] Loss: 0.2787 Acc: 0.9688
2025-11-24 10:28:06,974 - LeNet5_NumPy_logger - INFO - Epoch 2 [1611/1611 (100.0%)] Loss: 0.3280 Acc: 0.9375
2025-11-24 10:28:07,146 - LeNet5_NumPy_logger - INFO - Epoch 2 [1621/1621 (100.0%)] Loss: 0.3843 Acc: 0.9375
2025-11-24 10:28:07,326 - LeNet5_NumPy_logger - INFO - Epoch 2 [1631/1631 (100.0%)] Loss: 0.2160 Acc: 1.0000
2025-11-24 10:28:07,549 - LeNet5_NumPy_logger - INFO - Epoch 2 [1641/1641 (100.0%)] Loss: 0.1155 Acc: 1.0000
2025-11-24 10:28:07,815 - LeNet5_NumPy_logger - INFO - Epoch 2 [1651/1651 (100.0%)] Loss: 0.1133 Acc: 1.0000
2025-11-24 10:28:08,095 - LeNet5_NumPy_logger - INFO - Epoch 2 [1661/1661 (100.0%)] Loss: 0.0738 Acc: 1.0000
2025-11-24 10:28:08,418 - LeNet5_NumPy_logger - INFO - Epoch 2 [1671/1671 (100.0%)] Loss: 0.2950 Acc: 0.9375
2025-11-24 10:28:08,682 - LeNet5_NumPy_logger - INFO - Epoch 2 [1681/1681 (100.0%)] Loss: 0.2642 Acc: 0.9062
2025-11-24 10:28:08,938 - LeNet5_NumPy_logger - INFO - Epoch 2 [1691/1691 (100.0%)] Loss: 0.1354 Acc: 0.9688
2025-11-24 10:28:09,188 - LeNet5_NumPy_logger - INFO - Epoch 2 [1701/1701 (100.0%)] Loss: 0.0578 Acc: 1.0000
2025-11-24 10:28:09,398 - LeNet5_NumPy_logger - INFO - Epoch 2 [1711/1711 (100.0%)] Loss: 0.1473 Acc: 0.9688
2025-11-24 10:28:09,561 - LeNet5_NumPy_logger - INFO - Epoch 2 [1721/1721 (100.0%)] Loss: 0.1559 Acc: 0.9688
2025-11-24 10:28:09,752 - LeNet5_NumPy_logger - INFO - Epoch 2 [1731/1731 (100.0%)] Loss: 0.1486 Acc: 1.0000
2025-11-24 10:28:10,035 - LeNet5_NumPy_logger - INFO - Epoch 2 [1741/1741 (100.0%)] Loss: 0.1954 Acc: 0.9688
2025-11-24 10:28:10,259 - LeNet5_NumPy_logger - INFO - Epoch 2 [1751/1751 (100.0%)] Loss: 0.1892 Acc: 1.0000
2025-11-24 10:28:10,409 - LeNet5_NumPy_logger - INFO - Epoch 2 [1761/1761 (100.0%)] Loss: 0.1796 Acc: 1.0000
2025-11-24 10:28:10,605 - LeNet5_NumPy_logger - INFO - Epoch 2 [1771/1771 (100.0%)] Loss: 0.1805 Acc: 1.0000
2025-11-24 10:28:10,780 - LeNet5_NumPy_logger - INFO - Epoch 2 [1781/1781 (100.0%)] Loss: 0.1338 Acc: 1.0000
2025-11-24 10:28:10,938 - LeNet5_NumPy_logger - INFO - Epoch 2 [1791/1791 (100.0%)] Loss: 0.2366 Acc: 0.9688
2025-11-24 10:28:11,150 - LeNet5_NumPy_logger - INFO - Epoch 2 [1801/1801 (100.0%)] Loss: 0.0477 Acc: 1.0000
2025-11-24 10:28:11,399 - LeNet5_NumPy_logger - INFO - Epoch 2 [1811/1811 (100.0%)] Loss: 0.5393 Acc: 0.9062
2025-11-24 10:28:11,572 - LeNet5_NumPy_logger - INFO - Epoch 2 [1821/1821 (100.0%)] Loss: 0.0788 Acc: 1.0000
2025-11-24 10:28:11,775 - LeNet5_NumPy_logger - INFO - Epoch 2 [1831/1831 (100.0%)] Loss: 0.1337 Acc: 1.0000
2025-11-24 10:28:11,992 - LeNet5_NumPy_logger - INFO - Epoch 2 [1841/1841 (100.0%)] Loss: 0.1323 Acc: 1.0000
2025-11-24 10:28:12,147 - LeNet5_NumPy_logger - INFO - Epoch 2 [1851/1851 (100.0%)] Loss: 0.2782 Acc: 0.9688
2025-11-24 10:28:12,318 - LeNet5_NumPy_logger - INFO - Epoch 2 [1861/1861 (100.0%)] Loss: 0.1289 Acc: 0.9688
2025-11-24 10:28:12,582 - LeNet5_NumPy_logger - INFO - Epoch 2 [1871/1871 (100.0%)] Loss: 0.2655 Acc: 0.9375
2025-11-24 10:28:15,970 - LeNet5_NumPy_logger - INFO - Epoch   2 | Train Loss: 0.2852 | Train Acc: 0.9320 | Val Loss: 0.2099 | Val Acc: 0.2099
2025-11-24 10:28:16,030 - LeNet5_NumPy_logger - INFO - Epoch 3 [1/1 (100.0%)] Loss: 0.0658 Acc: 1.0000
2025-11-24 10:28:16,288 - LeNet5_NumPy_logger - INFO - Epoch 3 [11/11 (100.0%)] Loss: 0.1384 Acc: 0.9688
2025-11-24 10:28:16,436 - LeNet5_NumPy_logger - INFO - Epoch 3 [21/21 (100.0%)] Loss: 0.4150 Acc: 0.9688
2025-11-24 10:28:16,722 - LeNet5_NumPy_logger - INFO - Epoch 3 [31/31 (100.0%)] Loss: 0.3527 Acc: 0.9688
2025-11-24 10:28:17,089 - LeNet5_NumPy_logger - INFO - Epoch 3 [41/41 (100.0%)] Loss: 0.1374 Acc: 1.0000
2025-11-24 10:28:18,004 - LeNet5_NumPy_logger - INFO - Epoch 3 [51/51 (100.0%)] Loss: 0.2934 Acc: 0.9688
2025-11-24 10:28:18,504 - LeNet5_NumPy_logger - INFO - Epoch 3 [61/61 (100.0%)] Loss: 0.1049 Acc: 1.0000
2025-11-24 10:28:18,912 - LeNet5_NumPy_logger - INFO - Epoch 3 [71/71 (100.0%)] Loss: 0.2629 Acc: 0.9375
2025-11-24 10:28:19,398 - LeNet5_NumPy_logger - INFO - Epoch 3 [81/81 (100.0%)] Loss: 0.1719 Acc: 0.9375
2025-11-24 10:28:19,896 - LeNet5_NumPy_logger - INFO - Epoch 3 [91/91 (100.0%)] Loss: 0.4269 Acc: 0.9062
2025-11-24 10:28:20,600 - LeNet5_NumPy_logger - INFO - Epoch 3 [101/101 (100.0%)] Loss: 0.1011 Acc: 1.0000
2025-11-24 10:28:22,562 - LeNet5_NumPy_logger - INFO - Epoch 3 [111/111 (100.0%)] Loss: 0.0276 Acc: 1.0000
2025-11-24 10:28:22,968 - LeNet5_NumPy_logger - INFO - Epoch 3 [121/121 (100.0%)] Loss: 0.0787 Acc: 1.0000
2025-11-24 10:28:23,363 - LeNet5_NumPy_logger - INFO - Epoch 3 [131/131 (100.0%)] Loss: 0.1881 Acc: 0.9688
2025-11-24 10:28:24,558 - LeNet5_NumPy_logger - INFO - Epoch 3 [141/141 (100.0%)] Loss: 0.1152 Acc: 0.9688
2025-11-24 10:28:25,040 - LeNet5_NumPy_logger - INFO - Epoch 3 [151/151 (100.0%)] Loss: 0.2219 Acc: 1.0000
2025-11-24 10:28:25,345 - LeNet5_NumPy_logger - INFO - Epoch 3 [161/161 (100.0%)] Loss: 0.3271 Acc: 0.9375
2025-11-24 10:28:25,574 - LeNet5_NumPy_logger - INFO - Epoch 3 [171/171 (100.0%)] Loss: 0.2308 Acc: 0.9688
2025-11-24 10:28:25,956 - LeNet5_NumPy_logger - INFO - Epoch 3 [181/181 (100.0%)] Loss: 0.1538 Acc: 0.9688
2025-11-24 10:28:26,212 - LeNet5_NumPy_logger - INFO - Epoch 3 [191/191 (100.0%)] Loss: 0.2707 Acc: 0.9375
2025-11-24 10:28:26,462 - LeNet5_NumPy_logger - INFO - Epoch 3 [201/201 (100.0%)] Loss: 0.2066 Acc: 0.9688
2025-11-24 10:28:26,771 - LeNet5_NumPy_logger - INFO - Epoch 3 [211/211 (100.0%)] Loss: 0.1290 Acc: 1.0000
2025-11-24 10:28:27,111 - LeNet5_NumPy_logger - INFO - Epoch 3 [221/221 (100.0%)] Loss: 0.0616 Acc: 1.0000
2025-11-24 10:28:27,490 - LeNet5_NumPy_logger - INFO - Epoch 3 [231/231 (100.0%)] Loss: 0.1254 Acc: 1.0000
2025-11-24 10:28:27,756 - LeNet5_NumPy_logger - INFO - Epoch 3 [241/241 (100.0%)] Loss: 0.2649 Acc: 0.9688
2025-11-24 10:28:28,058 - LeNet5_NumPy_logger - INFO - Epoch 3 [251/251 (100.0%)] Loss: 0.0589 Acc: 1.0000
2025-11-24 10:28:28,263 - LeNet5_NumPy_logger - INFO - Epoch 3 [261/261 (100.0%)] Loss: 0.1245 Acc: 1.0000
2025-11-24 10:28:28,470 - LeNet5_NumPy_logger - INFO - Epoch 3 [271/271 (100.0%)] Loss: 0.5104 Acc: 0.9375
2025-11-24 10:28:28,753 - LeNet5_NumPy_logger - INFO - Epoch 3 [281/281 (100.0%)] Loss: 0.0743 Acc: 1.0000
2025-11-24 10:28:29,011 - LeNet5_NumPy_logger - INFO - Epoch 3 [291/291 (100.0%)] Loss: 0.0651 Acc: 1.0000
2025-11-24 10:28:29,241 - LeNet5_NumPy_logger - INFO - Epoch 3 [301/301 (100.0%)] Loss: 0.1599 Acc: 1.0000
2025-11-24 10:28:29,420 - LeNet5_NumPy_logger - INFO - Epoch 3 [311/311 (100.0%)] Loss: 0.3067 Acc: 0.9375
2025-11-24 10:28:29,664 - LeNet5_NumPy_logger - INFO - Epoch 3 [321/321 (100.0%)] Loss: 0.1395 Acc: 1.0000
2025-11-24 10:28:29,925 - LeNet5_NumPy_logger - INFO - Epoch 3 [331/331 (100.0%)] Loss: 0.0317 Acc: 1.0000
2025-11-24 10:28:30,140 - LeNet5_NumPy_logger - INFO - Epoch 3 [341/341 (100.0%)] Loss: 0.1604 Acc: 0.9688
2025-11-24 10:28:30,477 - LeNet5_NumPy_logger - INFO - Epoch 3 [351/351 (100.0%)] Loss: 0.3722 Acc: 0.9688
2025-11-24 10:28:30,713 - LeNet5_NumPy_logger - INFO - Epoch 3 [361/361 (100.0%)] Loss: 0.1097 Acc: 1.0000
2025-11-24 10:28:31,533 - LeNet5_NumPy_logger - INFO - Epoch 3 [371/371 (100.0%)] Loss: 0.1018 Acc: 1.0000
2025-11-24 10:28:31,848 - LeNet5_NumPy_logger - INFO - Epoch 3 [381/381 (100.0%)] Loss: 0.0462 Acc: 1.0000
2025-11-24 10:28:32,314 - LeNet5_NumPy_logger - INFO - Epoch 3 [391/391 (100.0%)] Loss: 0.0458 Acc: 1.0000
2025-11-24 10:28:32,661 - LeNet5_NumPy_logger - INFO - Epoch 3 [401/401 (100.0%)] Loss: 0.3388 Acc: 0.9688
2025-11-24 10:28:32,911 - LeNet5_NumPy_logger - INFO - Epoch 3 [411/411 (100.0%)] Loss: 0.0584 Acc: 1.0000
2025-11-24 10:28:33,162 - LeNet5_NumPy_logger - INFO - Epoch 3 [421/421 (100.0%)] Loss: 0.0181 Acc: 1.0000
2025-11-24 10:28:33,419 - LeNet5_NumPy_logger - INFO - Epoch 3 [431/431 (100.0%)] Loss: 0.2915 Acc: 0.9062
2025-11-24 10:28:33,851 - LeNet5_NumPy_logger - INFO - Epoch 3 [441/441 (100.0%)] Loss: 0.3449 Acc: 0.9688
2025-11-24 10:28:34,104 - LeNet5_NumPy_logger - INFO - Epoch 3 [451/451 (100.0%)] Loss: 0.0293 Acc: 1.0000
2025-11-24 10:28:34,364 - LeNet5_NumPy_logger - INFO - Epoch 3 [461/461 (100.0%)] Loss: 0.1799 Acc: 1.0000
2025-11-24 10:28:34,533 - LeNet5_NumPy_logger - INFO - Epoch 3 [471/471 (100.0%)] Loss: 0.1054 Acc: 1.0000
2025-11-24 10:28:34,810 - LeNet5_NumPy_logger - INFO - Epoch 3 [481/481 (100.0%)] Loss: 0.3613 Acc: 0.9688
2025-11-24 10:28:35,032 - LeNet5_NumPy_logger - INFO - Epoch 3 [491/491 (100.0%)] Loss: 0.1230 Acc: 1.0000
2025-11-24 10:28:35,467 - LeNet5_NumPy_logger - INFO - Epoch 3 [501/501 (100.0%)] Loss: 0.2210 Acc: 0.9688
2025-11-24 10:28:35,804 - LeNet5_NumPy_logger - INFO - Epoch 3 [511/511 (100.0%)] Loss: 0.1967 Acc: 0.9688
2025-11-24 10:28:36,102 - LeNet5_NumPy_logger - INFO - Epoch 3 [521/521 (100.0%)] Loss: 0.0630 Acc: 1.0000
2025-11-24 10:28:36,368 - LeNet5_NumPy_logger - INFO - Epoch 3 [531/531 (100.0%)] Loss: 0.2293 Acc: 0.9688
2025-11-24 10:28:36,654 - LeNet5_NumPy_logger - INFO - Epoch 3 [541/541 (100.0%)] Loss: 0.0302 Acc: 1.0000
2025-11-24 10:28:37,077 - LeNet5_NumPy_logger - INFO - Epoch 3 [551/551 (100.0%)] Loss: 0.1283 Acc: 0.9688
2025-11-24 10:28:37,280 - LeNet5_NumPy_logger - INFO - Epoch 3 [561/561 (100.0%)] Loss: 0.1130 Acc: 1.0000
2025-11-24 10:28:37,494 - LeNet5_NumPy_logger - INFO - Epoch 3 [571/571 (100.0%)] Loss: 0.2868 Acc: 0.9062
2025-11-24 10:28:37,726 - LeNet5_NumPy_logger - INFO - Epoch 3 [581/581 (100.0%)] Loss: 0.2679 Acc: 0.9688
2025-11-24 10:28:37,908 - LeNet5_NumPy_logger - INFO - Epoch 3 [591/591 (100.0%)] Loss: 0.2165 Acc: 0.9688
2025-11-24 10:28:38,190 - LeNet5_NumPy_logger - INFO - Epoch 3 [601/601 (100.0%)] Loss: 0.1142 Acc: 1.0000
2025-11-24 10:28:38,602 - LeNet5_NumPy_logger - INFO - Epoch 3 [611/611 (100.0%)] Loss: 0.2093 Acc: 0.9375
2025-11-24 10:28:38,881 - LeNet5_NumPy_logger - INFO - Epoch 3 [621/621 (100.0%)] Loss: 0.2552 Acc: 0.9375
2025-11-24 10:28:39,132 - LeNet5_NumPy_logger - INFO - Epoch 3 [631/631 (100.0%)] Loss: 0.1279 Acc: 1.0000
2025-11-24 10:28:39,406 - LeNet5_NumPy_logger - INFO - Epoch 3 [641/641 (100.0%)] Loss: 0.1800 Acc: 0.9688
2025-11-24 10:28:39,647 - LeNet5_NumPy_logger - INFO - Epoch 3 [651/651 (100.0%)] Loss: 0.1473 Acc: 1.0000
2025-11-24 10:28:39,793 - LeNet5_NumPy_logger - INFO - Epoch 3 [661/661 (100.0%)] Loss: 0.1237 Acc: 1.0000
2025-11-24 10:28:40,047 - LeNet5_NumPy_logger - INFO - Epoch 3 [671/671 (100.0%)] Loss: 0.1603 Acc: 0.9688
2025-11-24 10:28:40,314 - LeNet5_NumPy_logger - INFO - Epoch 3 [681/681 (100.0%)] Loss: 0.0267 Acc: 1.0000
2025-11-24 10:28:40,870 - LeNet5_NumPy_logger - INFO - Epoch 3 [691/691 (100.0%)] Loss: 0.0668 Acc: 1.0000
2025-11-24 10:28:41,380 - LeNet5_NumPy_logger - INFO - Epoch 3 [701/701 (100.0%)] Loss: 0.1672 Acc: 0.9375
2025-11-24 10:28:42,446 - LeNet5_NumPy_logger - INFO - Epoch 3 [711/711 (100.0%)] Loss: 0.1975 Acc: 0.9688
2025-11-24 10:28:43,161 - LeNet5_NumPy_logger - INFO - Epoch 3 [721/721 (100.0%)] Loss: 0.1114 Acc: 1.0000
2025-11-24 10:28:43,449 - LeNet5_NumPy_logger - INFO - Epoch 3 [731/731 (100.0%)] Loss: 0.3019 Acc: 0.9688
2025-11-24 10:28:43,785 - LeNet5_NumPy_logger - INFO - Epoch 3 [741/741 (100.0%)] Loss: 0.5293 Acc: 0.9062
2025-11-24 10:28:44,102 - LeNet5_NumPy_logger - INFO - Epoch 3 [751/751 (100.0%)] Loss: 0.1369 Acc: 0.9688
2025-11-24 10:28:44,286 - LeNet5_NumPy_logger - INFO - Epoch 3 [761/761 (100.0%)] Loss: 0.1406 Acc: 0.9688
2025-11-24 10:28:44,518 - LeNet5_NumPy_logger - INFO - Epoch 3 [771/771 (100.0%)] Loss: 0.2338 Acc: 0.9688
2025-11-24 10:28:44,944 - LeNet5_NumPy_logger - INFO - Epoch 3 [781/781 (100.0%)] Loss: 0.0927 Acc: 1.0000
2025-11-24 10:28:45,304 - LeNet5_NumPy_logger - INFO - Epoch 3 [791/791 (100.0%)] Loss: 0.0274 Acc: 1.0000
2025-11-24 10:28:45,523 - LeNet5_NumPy_logger - INFO - Epoch 3 [801/801 (100.0%)] Loss: 0.4067 Acc: 0.9688
2025-11-24 10:28:45,888 - LeNet5_NumPy_logger - INFO - Epoch 3 [811/811 (100.0%)] Loss: 0.1132 Acc: 0.9688
2025-11-24 10:28:46,233 - LeNet5_NumPy_logger - INFO - Epoch 3 [821/821 (100.0%)] Loss: 0.1179 Acc: 1.0000
2025-11-24 10:28:46,666 - LeNet5_NumPy_logger - INFO - Epoch 3 [831/831 (100.0%)] Loss: 0.0734 Acc: 1.0000
2025-11-24 10:28:47,001 - LeNet5_NumPy_logger - INFO - Epoch 3 [841/841 (100.0%)] Loss: 0.0627 Acc: 1.0000
2025-11-24 10:28:47,246 - LeNet5_NumPy_logger - INFO - Epoch 3 [851/851 (100.0%)] Loss: 0.0813 Acc: 1.0000
2025-11-24 10:28:47,489 - LeNet5_NumPy_logger - INFO - Epoch 3 [861/861 (100.0%)] Loss: 0.0818 Acc: 1.0000
2025-11-24 10:28:47,771 - LeNet5_NumPy_logger - INFO - Epoch 3 [871/871 (100.0%)] Loss: 0.2183 Acc: 0.9688
2025-11-24 10:28:48,092 - LeNet5_NumPy_logger - INFO - Epoch 3 [881/881 (100.0%)] Loss: 0.1227 Acc: 1.0000
2025-11-24 10:28:48,361 - LeNet5_NumPy_logger - INFO - Epoch 3 [891/891 (100.0%)] Loss: 0.6228 Acc: 0.8750
2025-11-24 10:28:48,754 - LeNet5_NumPy_logger - INFO - Epoch 3 [901/901 (100.0%)] Loss: 0.1253 Acc: 0.9688
2025-11-24 10:28:49,134 - LeNet5_NumPy_logger - INFO - Epoch 3 [911/911 (100.0%)] Loss: 0.1077 Acc: 1.0000
2025-11-24 10:28:49,333 - LeNet5_NumPy_logger - INFO - Epoch 3 [921/921 (100.0%)] Loss: 0.1576 Acc: 0.9688
2025-11-24 10:28:49,604 - LeNet5_NumPy_logger - INFO - Epoch 3 [931/931 (100.0%)] Loss: 0.0848 Acc: 1.0000
2025-11-24 10:28:49,902 - LeNet5_NumPy_logger - INFO - Epoch 3 [941/941 (100.0%)] Loss: 0.2169 Acc: 0.9688
2025-11-24 10:28:50,218 - LeNet5_NumPy_logger - INFO - Epoch 3 [951/951 (100.0%)] Loss: 0.0640 Acc: 1.0000
2025-11-24 10:28:50,580 - LeNet5_NumPy_logger - INFO - Epoch 3 [961/961 (100.0%)] Loss: 0.3831 Acc: 0.9688
2025-11-24 10:28:50,819 - LeNet5_NumPy_logger - INFO - Epoch 3 [971/971 (100.0%)] Loss: 0.1779 Acc: 0.9688
2025-11-24 10:28:51,143 - LeNet5_NumPy_logger - INFO - Epoch 3 [981/981 (100.0%)] Loss: 0.0412 Acc: 1.0000
2025-11-24 10:28:51,459 - LeNet5_NumPy_logger - INFO - Epoch 3 [991/991 (100.0%)] Loss: 0.1193 Acc: 1.0000
2025-11-24 10:28:51,853 - LeNet5_NumPy_logger - INFO - Epoch 3 [1001/1001 (100.0%)] Loss: 0.0784 Acc: 1.0000
2025-11-24 10:28:52,292 - LeNet5_NumPy_logger - INFO - Epoch 3 [1011/1011 (100.0%)] Loss: 0.1836 Acc: 1.0000
2025-11-24 10:28:52,792 - LeNet5_NumPy_logger - INFO - Epoch 3 [1021/1021 (100.0%)] Loss: 0.1595 Acc: 0.9688
2025-11-24 10:28:53,209 - LeNet5_NumPy_logger - INFO - Epoch 3 [1031/1031 (100.0%)] Loss: 0.0811 Acc: 1.0000
2025-11-24 10:28:53,533 - LeNet5_NumPy_logger - INFO - Epoch 3 [1041/1041 (100.0%)] Loss: 0.0807 Acc: 1.0000
2025-11-24 10:28:54,045 - LeNet5_NumPy_logger - INFO - Epoch 3 [1051/1051 (100.0%)] Loss: 0.1518 Acc: 1.0000
2025-11-24 10:28:54,288 - LeNet5_NumPy_logger - INFO - Epoch 3 [1061/1061 (100.0%)] Loss: 0.1715 Acc: 0.9688
2025-11-24 10:28:54,614 - LeNet5_NumPy_logger - INFO - Epoch 3 [1071/1071 (100.0%)] Loss: 0.0760 Acc: 1.0000
2025-11-24 10:28:55,137 - LeNet5_NumPy_logger - INFO - Epoch 3 [1081/1081 (100.0%)] Loss: 0.1819 Acc: 0.9688
2025-11-24 10:28:55,381 - LeNet5_NumPy_logger - INFO - Epoch 3 [1091/1091 (100.0%)] Loss: 0.4645 Acc: 0.9375
2025-11-24 10:28:55,643 - LeNet5_NumPy_logger - INFO - Epoch 3 [1101/1101 (100.0%)] Loss: 0.1189 Acc: 1.0000
2025-11-24 10:28:55,872 - LeNet5_NumPy_logger - INFO - Epoch 3 [1111/1111 (100.0%)] Loss: 0.1467 Acc: 1.0000
2025-11-24 10:28:56,119 - LeNet5_NumPy_logger - INFO - Epoch 3 [1121/1121 (100.0%)] Loss: 0.2688 Acc: 0.9688
2025-11-24 10:28:56,359 - LeNet5_NumPy_logger - INFO - Epoch 3 [1131/1131 (100.0%)] Loss: 0.0602 Acc: 1.0000
2025-11-24 10:28:56,666 - LeNet5_NumPy_logger - INFO - Epoch 3 [1141/1141 (100.0%)] Loss: 0.1874 Acc: 0.9688
2025-11-24 10:28:56,983 - LeNet5_NumPy_logger - INFO - Epoch 3 [1151/1151 (100.0%)] Loss: 0.0697 Acc: 1.0000
2025-11-24 10:28:57,220 - LeNet5_NumPy_logger - INFO - Epoch 3 [1161/1161 (100.0%)] Loss: 0.1825 Acc: 1.0000
2025-11-24 10:28:57,583 - LeNet5_NumPy_logger - INFO - Epoch 3 [1171/1171 (100.0%)] Loss: 0.1062 Acc: 1.0000
2025-11-24 10:28:57,969 - LeNet5_NumPy_logger - INFO - Epoch 3 [1181/1181 (100.0%)] Loss: 0.0490 Acc: 1.0000
2025-11-24 10:28:58,209 - LeNet5_NumPy_logger - INFO - Epoch 3 [1191/1191 (100.0%)] Loss: 0.4814 Acc: 0.9062
2025-11-24 10:28:58,416 - LeNet5_NumPy_logger - INFO - Epoch 3 [1201/1201 (100.0%)] Loss: 0.2063 Acc: 0.9688
2025-11-24 10:28:58,720 - LeNet5_NumPy_logger - INFO - Epoch 3 [1211/1211 (100.0%)] Loss: 0.2364 Acc: 0.9375
2025-11-24 10:28:59,116 - LeNet5_NumPy_logger - INFO - Epoch 3 [1221/1221 (100.0%)] Loss: 0.1684 Acc: 0.9688
2025-11-24 10:28:59,360 - LeNet5_NumPy_logger - INFO - Epoch 3 [1231/1231 (100.0%)] Loss: 0.1392 Acc: 0.9688
2025-11-24 10:28:59,604 - LeNet5_NumPy_logger - INFO - Epoch 3 [1241/1241 (100.0%)] Loss: 0.1911 Acc: 1.0000
2025-11-24 10:28:59,877 - LeNet5_NumPy_logger - INFO - Epoch 3 [1251/1251 (100.0%)] Loss: 0.1165 Acc: 0.9688
2025-11-24 10:29:00,180 - LeNet5_NumPy_logger - INFO - Epoch 3 [1261/1261 (100.0%)] Loss: 0.1401 Acc: 0.9688
2025-11-24 10:29:00,453 - LeNet5_NumPy_logger - INFO - Epoch 3 [1271/1271 (100.0%)] Loss: 0.2929 Acc: 0.9688
2025-11-24 10:29:00,755 - LeNet5_NumPy_logger - INFO - Epoch 3 [1281/1281 (100.0%)] Loss: 0.1986 Acc: 0.9688
2025-11-24 10:29:01,131 - LeNet5_NumPy_logger - INFO - Epoch 3 [1291/1291 (100.0%)] Loss: 0.1808 Acc: 0.9688
2025-11-24 10:29:01,371 - LeNet5_NumPy_logger - INFO - Epoch 3 [1301/1301 (100.0%)] Loss: 0.0236 Acc: 1.0000
2025-11-24 10:29:01,591 - LeNet5_NumPy_logger - INFO - Epoch 3 [1311/1311 (100.0%)] Loss: 0.2960 Acc: 0.9688
2025-11-24 10:29:01,865 - LeNet5_NumPy_logger - INFO - Epoch 3 [1321/1321 (100.0%)] Loss: 0.0633 Acc: 1.0000
2025-11-24 10:29:02,173 - LeNet5_NumPy_logger - INFO - Epoch 3 [1331/1331 (100.0%)] Loss: 0.1539 Acc: 0.9688
2025-11-24 10:29:02,498 - LeNet5_NumPy_logger - INFO - Epoch 3 [1341/1341 (100.0%)] Loss: 0.0876 Acc: 1.0000
2025-11-24 10:29:02,908 - LeNet5_NumPy_logger - INFO - Epoch 3 [1351/1351 (100.0%)] Loss: 0.2410 Acc: 0.9688
2025-11-24 10:29:03,170 - LeNet5_NumPy_logger - INFO - Epoch 3 [1361/1361 (100.0%)] Loss: 0.3030 Acc: 0.9375
2025-11-24 10:29:03,429 - LeNet5_NumPy_logger - INFO - Epoch 3 [1371/1371 (100.0%)] Loss: 0.1281 Acc: 1.0000
2025-11-24 10:29:03,776 - LeNet5_NumPy_logger - INFO - Epoch 3 [1381/1381 (100.0%)] Loss: 0.2403 Acc: 0.9375
2025-11-24 10:29:03,983 - LeNet5_NumPy_logger - INFO - Epoch 3 [1391/1391 (100.0%)] Loss: 0.2971 Acc: 0.9062
2025-11-24 10:29:04,193 - LeNet5_NumPy_logger - INFO - Epoch 3 [1401/1401 (100.0%)] Loss: 0.2121 Acc: 0.9688
2025-11-24 10:29:04,504 - LeNet5_NumPy_logger - INFO - Epoch 3 [1411/1411 (100.0%)] Loss: 0.4497 Acc: 0.9375
2025-11-24 10:29:04,806 - LeNet5_NumPy_logger - INFO - Epoch 3 [1421/1421 (100.0%)] Loss: 0.4570 Acc: 0.9062
2025-11-24 10:29:05,025 - LeNet5_NumPy_logger - INFO - Epoch 3 [1431/1431 (100.0%)] Loss: 0.3036 Acc: 0.9688
2025-11-24 10:29:05,241 - LeNet5_NumPy_logger - INFO - Epoch 3 [1441/1441 (100.0%)] Loss: 0.0603 Acc: 1.0000
2025-11-24 10:29:05,537 - LeNet5_NumPy_logger - INFO - Epoch 3 [1451/1451 (100.0%)] Loss: 0.0923 Acc: 1.0000
2025-11-24 10:29:05,739 - LeNet5_NumPy_logger - INFO - Epoch 3 [1461/1461 (100.0%)] Loss: 0.0695 Acc: 1.0000
2025-11-24 10:29:05,977 - LeNet5_NumPy_logger - INFO - Epoch 3 [1471/1471 (100.0%)] Loss: 0.2087 Acc: 1.0000
2025-11-24 10:29:06,181 - LeNet5_NumPy_logger - INFO - Epoch 3 [1481/1481 (100.0%)] Loss: 0.0218 Acc: 1.0000
2025-11-24 10:29:06,426 - LeNet5_NumPy_logger - INFO - Epoch 3 [1491/1491 (100.0%)] Loss: 0.0634 Acc: 1.0000
2025-11-24 10:29:06,753 - LeNet5_NumPy_logger - INFO - Epoch 3 [1501/1501 (100.0%)] Loss: 0.0753 Acc: 1.0000
2025-11-24 10:29:07,030 - LeNet5_NumPy_logger - INFO - Epoch 3 [1511/1511 (100.0%)] Loss: 0.0604 Acc: 1.0000
2025-11-24 10:29:07,271 - LeNet5_NumPy_logger - INFO - Epoch 3 [1521/1521 (100.0%)] Loss: 0.2977 Acc: 0.9688
2025-11-24 10:29:07,493 - LeNet5_NumPy_logger - INFO - Epoch 3 [1531/1531 (100.0%)] Loss: 0.0854 Acc: 1.0000
2025-11-24 10:29:07,781 - LeNet5_NumPy_logger - INFO - Epoch 3 [1541/1541 (100.0%)] Loss: 0.1890 Acc: 0.9688
2025-11-24 10:29:08,088 - LeNet5_NumPy_logger - INFO - Epoch 3 [1551/1551 (100.0%)] Loss: 0.0766 Acc: 1.0000
2025-11-24 10:29:08,431 - LeNet5_NumPy_logger - INFO - Epoch 3 [1561/1561 (100.0%)] Loss: 0.0605 Acc: 1.0000
2025-11-24 10:29:08,719 - LeNet5_NumPy_logger - INFO - Epoch 3 [1571/1571 (100.0%)] Loss: 0.0352 Acc: 1.0000
2025-11-24 10:29:09,010 - LeNet5_NumPy_logger - INFO - Epoch 3 [1581/1581 (100.0%)] Loss: 0.0187 Acc: 1.0000
2025-11-24 10:29:09,239 - LeNet5_NumPy_logger - INFO - Epoch 3 [1591/1591 (100.0%)] Loss: 0.3049 Acc: 0.9688
2025-11-24 10:29:09,535 - LeNet5_NumPy_logger - INFO - Epoch 3 [1601/1601 (100.0%)] Loss: 0.3140 Acc: 0.9375
2025-11-24 10:29:09,902 - LeNet5_NumPy_logger - INFO - Epoch 3 [1611/1611 (100.0%)] Loss: 0.0392 Acc: 1.0000
2025-11-24 10:29:10,181 - LeNet5_NumPy_logger - INFO - Epoch 3 [1621/1621 (100.0%)] Loss: 0.0691 Acc: 1.0000
2025-11-24 10:29:10,440 - LeNet5_NumPy_logger - INFO - Epoch 3 [1631/1631 (100.0%)] Loss: 0.1112 Acc: 0.9688
2025-11-24 10:29:10,683 - LeNet5_NumPy_logger - INFO - Epoch 3 [1641/1641 (100.0%)] Loss: 0.1367 Acc: 1.0000
2025-11-24 10:29:10,908 - LeNet5_NumPy_logger - INFO - Epoch 3 [1651/1651 (100.0%)] Loss: 0.0421 Acc: 1.0000
2025-11-24 10:29:11,275 - LeNet5_NumPy_logger - INFO - Epoch 3 [1661/1661 (100.0%)] Loss: 0.1048 Acc: 1.0000
2025-11-24 10:29:11,569 - LeNet5_NumPy_logger - INFO - Epoch 3 [1671/1671 (100.0%)] Loss: 0.0667 Acc: 1.0000
2025-11-24 10:29:11,807 - LeNet5_NumPy_logger - INFO - Epoch 3 [1681/1681 (100.0%)] Loss: 0.1003 Acc: 0.9688
2025-11-24 10:29:12,142 - LeNet5_NumPy_logger - INFO - Epoch 3 [1691/1691 (100.0%)] Loss: 0.0489 Acc: 1.0000
2025-11-24 10:29:12,441 - LeNet5_NumPy_logger - INFO - Epoch 3 [1701/1701 (100.0%)] Loss: 0.0443 Acc: 1.0000
2025-11-24 10:29:12,988 - LeNet5_NumPy_logger - INFO - Epoch 3 [1711/1711 (100.0%)] Loss: 0.1460 Acc: 1.0000
2025-11-24 10:29:13,389 - LeNet5_NumPy_logger - INFO - Epoch 3 [1721/1721 (100.0%)] Loss: 0.4146 Acc: 0.9688
2025-11-24 10:29:13,783 - LeNet5_NumPy_logger - INFO - Epoch 3 [1731/1731 (100.0%)] Loss: 0.1021 Acc: 1.0000
2025-11-24 10:29:13,996 - LeNet5_NumPy_logger - INFO - Epoch 3 [1741/1741 (100.0%)] Loss: 0.1742 Acc: 1.0000
2025-11-24 10:29:14,487 - LeNet5_NumPy_logger - INFO - Epoch 3 [1751/1751 (100.0%)] Loss: 0.2889 Acc: 0.9375
2025-11-24 10:29:14,872 - LeNet5_NumPy_logger - INFO - Epoch 3 [1761/1761 (100.0%)] Loss: 0.0856 Acc: 1.0000
2025-11-24 10:29:15,122 - LeNet5_NumPy_logger - INFO - Epoch 3 [1771/1771 (100.0%)] Loss: 0.1631 Acc: 0.9688
2025-11-24 10:29:15,369 - LeNet5_NumPy_logger - INFO - Epoch 3 [1781/1781 (100.0%)] Loss: 0.2667 Acc: 0.9688
2025-11-24 10:29:15,675 - LeNet5_NumPy_logger - INFO - Epoch 3 [1791/1791 (100.0%)] Loss: 0.1979 Acc: 0.9688
2025-11-24 10:29:15,988 - LeNet5_NumPy_logger - INFO - Epoch 3 [1801/1801 (100.0%)] Loss: 0.0337 Acc: 1.0000
2025-11-24 10:29:16,218 - LeNet5_NumPy_logger - INFO - Epoch 3 [1811/1811 (100.0%)] Loss: 0.1390 Acc: 1.0000
2025-11-24 10:29:16,602 - LeNet5_NumPy_logger - INFO - Epoch 3 [1821/1821 (100.0%)] Loss: 0.1490 Acc: 1.0000
2025-11-24 10:29:17,136 - LeNet5_NumPy_logger - INFO - Epoch 3 [1831/1831 (100.0%)] Loss: 0.3224 Acc: 0.9375
2025-11-24 10:29:17,372 - LeNet5_NumPy_logger - INFO - Epoch 3 [1841/1841 (100.0%)] Loss: 0.3465 Acc: 0.9688
2025-11-24 10:29:17,715 - LeNet5_NumPy_logger - INFO - Epoch 3 [1851/1851 (100.0%)] Loss: 0.1486 Acc: 1.0000
2025-11-24 10:29:17,964 - LeNet5_NumPy_logger - INFO - Epoch 3 [1861/1861 (100.0%)] Loss: 0.1154 Acc: 1.0000
2025-11-24 10:29:18,372 - LeNet5_NumPy_logger - INFO - Epoch 3 [1871/1871 (100.0%)] Loss: 0.1379 Acc: 0.9688
2025-11-24 10:29:22,639 - LeNet5_NumPy_logger - INFO - Epoch   3 | Train Loss: 0.1631 | Train Acc: 0.9610 | Val Loss: 0.1220 | Val Acc: 0.1220
2025-11-24 10:29:23,287 - LeNet5_NumPy_logger - INFO - Epoch 4 [1/1 (100.0%)] Loss: 0.0571 Acc: 1.0000
2025-11-24 10:29:23,803 - LeNet5_NumPy_logger - INFO - Epoch 4 [11/11 (100.0%)] Loss: 0.2378 Acc: 0.9688
2025-11-24 10:29:24,009 - LeNet5_NumPy_logger - INFO - Epoch 4 [21/21 (100.0%)] Loss: 0.0792 Acc: 1.0000
2025-11-24 10:29:24,318 - LeNet5_NumPy_logger - INFO - Epoch 4 [31/31 (100.0%)] Loss: 0.0579 Acc: 1.0000
2025-11-24 10:29:24,522 - LeNet5_NumPy_logger - INFO - Epoch 4 [41/41 (100.0%)] Loss: 0.0778 Acc: 1.0000
2025-11-24 10:29:24,741 - LeNet5_NumPy_logger - INFO - Epoch 4 [51/51 (100.0%)] Loss: 0.3825 Acc: 0.9375
2025-11-24 10:29:25,008 - LeNet5_NumPy_logger - INFO - Epoch 4 [61/61 (100.0%)] Loss: 0.1836 Acc: 1.0000
2025-11-24 10:29:25,435 - LeNet5_NumPy_logger - INFO - Epoch 4 [71/71 (100.0%)] Loss: 0.1936 Acc: 0.9688
2025-11-24 10:29:25,787 - LeNet5_NumPy_logger - INFO - Epoch 4 [81/81 (100.0%)] Loss: 0.1669 Acc: 0.9375
2025-11-24 10:29:26,459 - LeNet5_NumPy_logger - INFO - Epoch 4 [91/91 (100.0%)] Loss: 0.1232 Acc: 0.9688
2025-11-24 10:29:26,706 - LeNet5_NumPy_logger - INFO - Epoch 4 [101/101 (100.0%)] Loss: 0.0409 Acc: 1.0000
2025-11-24 10:29:26,998 - LeNet5_NumPy_logger - INFO - Epoch 4 [111/111 (100.0%)] Loss: 0.1006 Acc: 1.0000
2025-11-24 10:29:27,249 - LeNet5_NumPy_logger - INFO - Epoch 4 [121/121 (100.0%)] Loss: 0.1435 Acc: 0.9688
2025-11-24 10:29:27,807 - LeNet5_NumPy_logger - INFO - Epoch 4 [131/131 (100.0%)] Loss: 0.0334 Acc: 1.0000
2025-11-24 10:29:28,089 - LeNet5_NumPy_logger - INFO - Epoch 4 [141/141 (100.0%)] Loss: 0.0701 Acc: 1.0000
2025-11-24 10:29:28,364 - LeNet5_NumPy_logger - INFO - Epoch 4 [151/151 (100.0%)] Loss: 0.0280 Acc: 1.0000
2025-11-24 10:29:28,790 - LeNet5_NumPy_logger - INFO - Epoch 4 [161/161 (100.0%)] Loss: 0.0193 Acc: 1.0000
2025-11-24 10:29:29,060 - LeNet5_NumPy_logger - INFO - Epoch 4 [171/171 (100.0%)] Loss: 0.0342 Acc: 1.0000
2025-11-24 10:29:29,320 - LeNet5_NumPy_logger - INFO - Epoch 4 [181/181 (100.0%)] Loss: 0.0298 Acc: 1.0000
2025-11-24 10:29:29,557 - LeNet5_NumPy_logger - INFO - Epoch 4 [191/191 (100.0%)] Loss: 0.1590 Acc: 1.0000
2025-11-24 10:29:29,882 - LeNet5_NumPy_logger - INFO - Epoch 4 [201/201 (100.0%)] Loss: 0.0263 Acc: 1.0000
2025-11-24 10:29:30,137 - LeNet5_NumPy_logger - INFO - Epoch 4 [211/211 (100.0%)] Loss: 0.0389 Acc: 1.0000
2025-11-24 10:29:30,396 - LeNet5_NumPy_logger - INFO - Epoch 4 [221/221 (100.0%)] Loss: 0.0786 Acc: 1.0000
2025-11-24 10:29:30,620 - LeNet5_NumPy_logger - INFO - Epoch 4 [231/231 (100.0%)] Loss: 0.0580 Acc: 1.0000
2025-11-24 10:29:30,940 - LeNet5_NumPy_logger - INFO - Epoch 4 [241/241 (100.0%)] Loss: 0.1611 Acc: 0.9688
2025-11-24 10:29:31,182 - LeNet5_NumPy_logger - INFO - Epoch 4 [251/251 (100.0%)] Loss: 0.1894 Acc: 0.9688
2025-11-24 10:29:31,440 - LeNet5_NumPy_logger - INFO - Epoch 4 [261/261 (100.0%)] Loss: 0.0137 Acc: 1.0000
2025-11-24 10:29:31,662 - LeNet5_NumPy_logger - INFO - Epoch 4 [271/271 (100.0%)] Loss: 0.0432 Acc: 1.0000
2025-11-24 10:29:32,023 - LeNet5_NumPy_logger - INFO - Epoch 4 [281/281 (100.0%)] Loss: 0.0485 Acc: 1.0000
2025-11-24 10:29:32,290 - LeNet5_NumPy_logger - INFO - Epoch 4 [291/291 (100.0%)] Loss: 0.4259 Acc: 0.9688
2025-11-24 10:29:32,538 - LeNet5_NumPy_logger - INFO - Epoch 4 [301/301 (100.0%)] Loss: 0.1723 Acc: 0.9688
2025-11-24 10:29:32,802 - LeNet5_NumPy_logger - INFO - Epoch 4 [311/311 (100.0%)] Loss: 0.1035 Acc: 0.9688
2025-11-24 10:29:33,179 - LeNet5_NumPy_logger - INFO - Epoch 4 [321/321 (100.0%)] Loss: 0.0762 Acc: 1.0000
2025-11-24 10:29:33,449 - LeNet5_NumPy_logger - INFO - Epoch 4 [331/331 (100.0%)] Loss: 0.1025 Acc: 1.0000
2025-11-24 10:29:33,664 - LeNet5_NumPy_logger - INFO - Epoch 4 [341/341 (100.0%)] Loss: 0.1881 Acc: 1.0000
2025-11-24 10:29:33,931 - LeNet5_NumPy_logger - INFO - Epoch 4 [351/351 (100.0%)] Loss: 0.0534 Acc: 1.0000
2025-11-24 10:29:34,218 - LeNet5_NumPy_logger - INFO - Epoch 4 [361/361 (100.0%)] Loss: 0.0171 Acc: 1.0000
2025-11-24 10:29:34,466 - LeNet5_NumPy_logger - INFO - Epoch 4 [371/371 (100.0%)] Loss: 0.0324 Acc: 1.0000
2025-11-24 10:29:34,678 - LeNet5_NumPy_logger - INFO - Epoch 4 [381/381 (100.0%)] Loss: 0.1378 Acc: 1.0000
2025-11-24 10:29:34,927 - LeNet5_NumPy_logger - INFO - Epoch 4 [391/391 (100.0%)] Loss: 0.0845 Acc: 1.0000
2025-11-24 10:29:35,170 - LeNet5_NumPy_logger - INFO - Epoch 4 [401/401 (100.0%)] Loss: 0.1166 Acc: 0.9688
2025-11-24 10:29:35,411 - LeNet5_NumPy_logger - INFO - Epoch 4 [411/411 (100.0%)] Loss: 0.0817 Acc: 1.0000
2025-11-24 10:29:35,701 - LeNet5_NumPy_logger - INFO - Epoch 4 [421/421 (100.0%)] Loss: 0.1296 Acc: 0.9688
2025-11-24 10:29:35,977 - LeNet5_NumPy_logger - INFO - Epoch 4 [431/431 (100.0%)] Loss: 0.1271 Acc: 1.0000
2025-11-24 10:29:36,277 - LeNet5_NumPy_logger - INFO - Epoch 4 [441/441 (100.0%)] Loss: 0.1609 Acc: 0.9688
2025-11-24 10:29:36,503 - LeNet5_NumPy_logger - INFO - Epoch 4 [451/451 (100.0%)] Loss: 0.3450 Acc: 0.9688
2025-11-24 10:29:36,788 - LeNet5_NumPy_logger - INFO - Epoch 4 [461/461 (100.0%)] Loss: 0.0525 Acc: 1.0000
2025-11-24 10:29:37,081 - LeNet5_NumPy_logger - INFO - Epoch 4 [471/471 (100.0%)] Loss: 0.0383 Acc: 1.0000
2025-11-24 10:29:37,425 - LeNet5_NumPy_logger - INFO - Epoch 4 [481/481 (100.0%)] Loss: 0.1143 Acc: 1.0000
2025-11-24 10:29:37,688 - LeNet5_NumPy_logger - INFO - Epoch 4 [491/491 (100.0%)] Loss: 0.1750 Acc: 1.0000
2025-11-24 10:29:37,991 - LeNet5_NumPy_logger - INFO - Epoch 4 [501/501 (100.0%)] Loss: 0.0250 Acc: 1.0000
2025-11-24 10:29:38,280 - LeNet5_NumPy_logger - INFO - Epoch 4 [511/511 (100.0%)] Loss: 0.0322 Acc: 1.0000
2025-11-24 10:29:38,620 - LeNet5_NumPy_logger - INFO - Epoch 4 [521/521 (100.0%)] Loss: 0.2205 Acc: 0.9375
2025-11-24 10:29:38,852 - LeNet5_NumPy_logger - INFO - Epoch 4 [531/531 (100.0%)] Loss: 0.0425 Acc: 1.0000
2025-11-24 10:29:39,090 - LeNet5_NumPy_logger - INFO - Epoch 4 [541/541 (100.0%)] Loss: 0.2857 Acc: 0.9375
2025-11-24 10:29:39,368 - LeNet5_NumPy_logger - INFO - Epoch 4 [551/551 (100.0%)] Loss: 0.1177 Acc: 0.9688
2025-11-24 10:29:39,669 - LeNet5_NumPy_logger - INFO - Epoch 4 [561/561 (100.0%)] Loss: 0.1482 Acc: 0.9688
2025-11-24 10:29:39,933 - LeNet5_NumPy_logger - INFO - Epoch 4 [571/571 (100.0%)] Loss: 0.2035 Acc: 0.9688
2025-11-24 10:29:40,819 - LeNet5_NumPy_logger - INFO - Epoch 4 [581/581 (100.0%)] Loss: 0.1000 Acc: 0.9688
2025-11-24 10:29:41,340 - LeNet5_NumPy_logger - INFO - Epoch 4 [591/591 (100.0%)] Loss: 0.1630 Acc: 0.9688
2025-11-24 10:29:41,670 - LeNet5_NumPy_logger - INFO - Epoch 4 [601/601 (100.0%)] Loss: 0.1103 Acc: 1.0000
2025-11-24 10:29:42,323 - LeNet5_NumPy_logger - INFO - Epoch 4 [611/611 (100.0%)] Loss: 0.0288 Acc: 1.0000
2025-11-24 10:29:43,493 - LeNet5_NumPy_logger - INFO - Epoch 4 [621/621 (100.0%)] Loss: 0.0772 Acc: 1.0000
2025-11-24 10:29:43,981 - LeNet5_NumPy_logger - INFO - Epoch 4 [631/631 (100.0%)] Loss: 0.2646 Acc: 0.9688
2025-11-24 10:29:44,442 - LeNet5_NumPy_logger - INFO - Epoch 4 [641/641 (100.0%)] Loss: 0.1040 Acc: 1.0000
2025-11-24 10:29:44,815 - LeNet5_NumPy_logger - INFO - Epoch 4 [651/651 (100.0%)] Loss: 0.0323 Acc: 1.0000
2025-11-24 10:29:45,473 - LeNet5_NumPy_logger - INFO - Epoch 4 [661/661 (100.0%)] Loss: 0.2921 Acc: 0.9688
2025-11-24 10:29:45,818 - LeNet5_NumPy_logger - INFO - Epoch 4 [671/671 (100.0%)] Loss: 0.1675 Acc: 1.0000
2025-11-24 10:29:46,096 - LeNet5_NumPy_logger - INFO - Epoch 4 [681/681 (100.0%)] Loss: 0.2794 Acc: 0.9375
2025-11-24 10:29:46,342 - LeNet5_NumPy_logger - INFO - Epoch 4 [691/691 (100.0%)] Loss: 0.0290 Acc: 1.0000
2025-11-24 10:29:47,218 - LeNet5_NumPy_logger - INFO - Epoch 4 [701/701 (100.0%)] Loss: 0.0762 Acc: 1.0000
2025-11-24 10:29:47,670 - LeNet5_NumPy_logger - INFO - Epoch 4 [711/711 (100.0%)] Loss: 0.0587 Acc: 1.0000
2025-11-24 10:29:48,093 - LeNet5_NumPy_logger - INFO - Epoch 4 [721/721 (100.0%)] Loss: 0.0929 Acc: 1.0000
2025-11-24 10:29:48,328 - LeNet5_NumPy_logger - INFO - Epoch 4 [731/731 (100.0%)] Loss: 0.0650 Acc: 1.0000
2025-11-24 10:29:48,569 - LeNet5_NumPy_logger - INFO - Epoch 4 [741/741 (100.0%)] Loss: 0.0389 Acc: 1.0000
2025-11-24 10:29:48,891 - LeNet5_NumPy_logger - INFO - Epoch 4 [751/751 (100.0%)] Loss: 0.2175 Acc: 0.9688
2025-11-24 10:29:49,176 - LeNet5_NumPy_logger - INFO - Epoch 4 [761/761 (100.0%)] Loss: 0.1142 Acc: 0.9688
2025-11-24 10:29:49,626 - LeNet5_NumPy_logger - INFO - Epoch 4 [771/771 (100.0%)] Loss: 0.0875 Acc: 1.0000
2025-11-24 10:29:50,009 - LeNet5_NumPy_logger - INFO - Epoch 4 [781/781 (100.0%)] Loss: 0.2149 Acc: 0.9688
2025-11-24 10:29:50,311 - LeNet5_NumPy_logger - INFO - Epoch 4 [791/791 (100.0%)] Loss: 0.1317 Acc: 1.0000
2025-11-24 10:29:50,626 - LeNet5_NumPy_logger - INFO - Epoch 4 [801/801 (100.0%)] Loss: 0.1847 Acc: 0.9688
2025-11-24 10:29:50,982 - LeNet5_NumPy_logger - INFO - Epoch 4 [811/811 (100.0%)] Loss: 0.1256 Acc: 1.0000
2025-11-24 10:29:51,276 - LeNet5_NumPy_logger - INFO - Epoch 4 [821/821 (100.0%)] Loss: 0.7425 Acc: 0.9062
2025-11-24 10:29:51,615 - LeNet5_NumPy_logger - INFO - Epoch 4 [831/831 (100.0%)] Loss: 0.1234 Acc: 1.0000
2025-11-24 10:29:51,852 - LeNet5_NumPy_logger - INFO - Epoch 4 [841/841 (100.0%)] Loss: 0.1039 Acc: 1.0000
2025-11-24 10:29:52,132 - LeNet5_NumPy_logger - INFO - Epoch 4 [851/851 (100.0%)] Loss: 0.3529 Acc: 0.9375
2025-11-24 10:29:52,376 - LeNet5_NumPy_logger - INFO - Epoch 4 [861/861 (100.0%)] Loss: 0.0587 Acc: 1.0000
2025-11-24 10:29:52,586 - LeNet5_NumPy_logger - INFO - Epoch 4 [871/871 (100.0%)] Loss: 0.0198 Acc: 1.0000
2025-11-24 10:29:52,799 - LeNet5_NumPy_logger - INFO - Epoch 4 [881/881 (100.0%)] Loss: 0.0869 Acc: 1.0000
2025-11-24 10:29:53,095 - LeNet5_NumPy_logger - INFO - Epoch 4 [891/891 (100.0%)] Loss: 0.3516 Acc: 0.9688
2025-11-24 10:29:53,353 - LeNet5_NumPy_logger - INFO - Epoch 4 [901/901 (100.0%)] Loss: 0.1494 Acc: 0.9688
2025-11-24 10:29:53,678 - LeNet5_NumPy_logger - INFO - Epoch 4 [911/911 (100.0%)] Loss: 0.0527 Acc: 1.0000
2025-11-24 10:29:53,961 - LeNet5_NumPy_logger - INFO - Epoch 4 [921/921 (100.0%)] Loss: 0.1211 Acc: 0.9688
2025-11-24 10:29:54,293 - LeNet5_NumPy_logger - INFO - Epoch 4 [931/931 (100.0%)] Loss: 0.0212 Acc: 1.0000
2025-11-24 10:29:54,522 - LeNet5_NumPy_logger - INFO - Epoch 4 [941/941 (100.0%)] Loss: 0.0883 Acc: 1.0000
2025-11-24 10:29:54,801 - LeNet5_NumPy_logger - INFO - Epoch 4 [951/951 (100.0%)] Loss: 0.1517 Acc: 0.9688
2025-11-24 10:29:55,025 - LeNet5_NumPy_logger - INFO - Epoch 4 [961/961 (100.0%)] Loss: 0.0198 Acc: 1.0000
2025-11-24 10:29:55,314 - LeNet5_NumPy_logger - INFO - Epoch 4 [971/971 (100.0%)] Loss: 0.0342 Acc: 1.0000
2025-11-24 10:29:55,536 - LeNet5_NumPy_logger - INFO - Epoch 4 [981/981 (100.0%)] Loss: 0.2080 Acc: 0.9688
2025-11-24 10:29:55,814 - LeNet5_NumPy_logger - INFO - Epoch 4 [991/991 (100.0%)] Loss: 0.4183 Acc: 0.9375
2025-11-24 10:29:56,094 - LeNet5_NumPy_logger - INFO - Epoch 4 [1001/1001 (100.0%)] Loss: 0.1957 Acc: 0.9375
2025-11-24 10:29:56,344 - LeNet5_NumPy_logger - INFO - Epoch 4 [1011/1011 (100.0%)] Loss: 0.0793 Acc: 1.0000
2025-11-24 10:29:56,658 - LeNet5_NumPy_logger - INFO - Epoch 4 [1021/1021 (100.0%)] Loss: 0.0944 Acc: 1.0000
2025-11-24 10:29:56,931 - LeNet5_NumPy_logger - INFO - Epoch 4 [1031/1031 (100.0%)] Loss: 0.2116 Acc: 0.9688
2025-11-24 10:29:57,209 - LeNet5_NumPy_logger - INFO - Epoch 4 [1041/1041 (100.0%)] Loss: 0.2049 Acc: 0.9688
2025-11-24 10:29:57,549 - LeNet5_NumPy_logger - INFO - Epoch 4 [1051/1051 (100.0%)] Loss: 0.0776 Acc: 1.0000
2025-11-24 10:29:57,843 - LeNet5_NumPy_logger - INFO - Epoch 4 [1061/1061 (100.0%)] Loss: 0.0263 Acc: 1.0000
2025-11-24 10:29:58,080 - LeNet5_NumPy_logger - INFO - Epoch 4 [1071/1071 (100.0%)] Loss: 0.0439 Acc: 1.0000
2025-11-24 10:29:58,385 - LeNet5_NumPy_logger - INFO - Epoch 4 [1081/1081 (100.0%)] Loss: 0.1037 Acc: 1.0000
2025-11-24 10:29:58,765 - LeNet5_NumPy_logger - INFO - Epoch 4 [1091/1091 (100.0%)] Loss: 0.1190 Acc: 0.9688
2025-11-24 10:29:58,991 - LeNet5_NumPy_logger - INFO - Epoch 4 [1101/1101 (100.0%)] Loss: 0.0235 Acc: 1.0000
2025-11-24 10:29:59,227 - LeNet5_NumPy_logger - INFO - Epoch 4 [1111/1111 (100.0%)] Loss: 0.0368 Acc: 1.0000
2025-11-24 10:29:59,464 - LeNet5_NumPy_logger - INFO - Epoch 4 [1121/1121 (100.0%)] Loss: 0.1756 Acc: 0.9688
2025-11-24 10:29:59,701 - LeNet5_NumPy_logger - INFO - Epoch 4 [1131/1131 (100.0%)] Loss: 0.0619 Acc: 1.0000
2025-11-24 10:30:00,037 - LeNet5_NumPy_logger - INFO - Epoch 4 [1141/1141 (100.0%)] Loss: 0.3885 Acc: 1.0000
2025-11-24 10:30:00,315 - LeNet5_NumPy_logger - INFO - Epoch 4 [1151/1151 (100.0%)] Loss: 0.1643 Acc: 1.0000
2025-11-24 10:30:00,548 - LeNet5_NumPy_logger - INFO - Epoch 4 [1161/1161 (100.0%)] Loss: 0.1522 Acc: 1.0000
2025-11-24 10:30:00,765 - LeNet5_NumPy_logger - INFO - Epoch 4 [1171/1171 (100.0%)] Loss: 0.2416 Acc: 0.9688
2025-11-24 10:30:01,100 - LeNet5_NumPy_logger - INFO - Epoch 4 [1181/1181 (100.0%)] Loss: 0.0099 Acc: 1.0000
2025-11-24 10:30:01,341 - LeNet5_NumPy_logger - INFO - Epoch 4 [1191/1191 (100.0%)] Loss: 0.1570 Acc: 0.9688
2025-11-24 10:30:01,661 - LeNet5_NumPy_logger - INFO - Epoch 4 [1201/1201 (100.0%)] Loss: 0.0429 Acc: 1.0000
2025-11-24 10:30:02,031 - LeNet5_NumPy_logger - INFO - Epoch 4 [1211/1211 (100.0%)] Loss: 0.0360 Acc: 1.0000
2025-11-24 10:30:02,302 - LeNet5_NumPy_logger - INFO - Epoch 4 [1221/1221 (100.0%)] Loss: 0.0699 Acc: 1.0000
2025-11-24 10:30:02,709 - LeNet5_NumPy_logger - INFO - Epoch 4 [1231/1231 (100.0%)] Loss: 0.0839 Acc: 1.0000
2025-11-24 10:30:03,065 - LeNet5_NumPy_logger - INFO - Epoch 4 [1241/1241 (100.0%)] Loss: 0.0229 Acc: 1.0000
2025-11-24 10:30:03,328 - LeNet5_NumPy_logger - INFO - Epoch 4 [1251/1251 (100.0%)] Loss: 0.0698 Acc: 1.0000
2025-11-24 10:30:03,665 - LeNet5_NumPy_logger - INFO - Epoch 4 [1261/1261 (100.0%)] Loss: 0.0177 Acc: 1.0000
2025-11-24 10:30:03,959 - LeNet5_NumPy_logger - INFO - Epoch 4 [1271/1271 (100.0%)] Loss: 0.0258 Acc: 1.0000
2025-11-24 10:30:04,338 - LeNet5_NumPy_logger - INFO - Epoch 4 [1281/1281 (100.0%)] Loss: 0.2345 Acc: 0.9375
2025-11-24 10:30:04,626 - LeNet5_NumPy_logger - INFO - Epoch 4 [1291/1291 (100.0%)] Loss: 0.0089 Acc: 1.0000
2025-11-24 10:30:04,864 - LeNet5_NumPy_logger - INFO - Epoch 4 [1301/1301 (100.0%)] Loss: 0.1077 Acc: 0.9688
2025-11-24 10:30:05,081 - LeNet5_NumPy_logger - INFO - Epoch 4 [1311/1311 (100.0%)] Loss: 0.0121 Acc: 1.0000
2025-11-24 10:30:05,365 - LeNet5_NumPy_logger - INFO - Epoch 4 [1321/1321 (100.0%)] Loss: 0.0810 Acc: 1.0000
2025-11-24 10:30:05,598 - LeNet5_NumPy_logger - INFO - Epoch 4 [1331/1331 (100.0%)] Loss: 0.1177 Acc: 1.0000
2025-11-24 10:30:05,815 - LeNet5_NumPy_logger - INFO - Epoch 4 [1341/1341 (100.0%)] Loss: 0.1579 Acc: 0.9688
2025-11-24 10:30:06,001 - LeNet5_NumPy_logger - INFO - Epoch 4 [1351/1351 (100.0%)] Loss: 0.1796 Acc: 1.0000
2025-11-24 10:30:06,194 - LeNet5_NumPy_logger - INFO - Epoch 4 [1361/1361 (100.0%)] Loss: 0.0549 Acc: 1.0000
2025-11-24 10:30:06,477 - LeNet5_NumPy_logger - INFO - Epoch 4 [1371/1371 (100.0%)] Loss: 0.0342 Acc: 1.0000
2025-11-24 10:30:06,699 - LeNet5_NumPy_logger - INFO - Epoch 4 [1381/1381 (100.0%)] Loss: 0.0692 Acc: 1.0000
2025-11-24 10:30:06,984 - LeNet5_NumPy_logger - INFO - Epoch 4 [1391/1391 (100.0%)] Loss: 0.0492 Acc: 1.0000
2025-11-24 10:30:07,244 - LeNet5_NumPy_logger - INFO - Epoch 4 [1401/1401 (100.0%)] Loss: 0.1351 Acc: 1.0000
2025-11-24 10:30:07,631 - LeNet5_NumPy_logger - INFO - Epoch 4 [1411/1411 (100.0%)] Loss: 0.0086 Acc: 1.0000
2025-11-24 10:30:07,957 - LeNet5_NumPy_logger - INFO - Epoch 4 [1421/1421 (100.0%)] Loss: 0.0230 Acc: 1.0000
2025-11-24 10:30:08,250 - LeNet5_NumPy_logger - INFO - Epoch 4 [1431/1431 (100.0%)] Loss: 0.1454 Acc: 1.0000
2025-11-24 10:30:08,917 - LeNet5_NumPy_logger - INFO - Epoch 4 [1441/1441 (100.0%)] Loss: 0.2529 Acc: 0.9688
2025-11-24 10:30:09,198 - LeNet5_NumPy_logger - INFO - Epoch 4 [1451/1451 (100.0%)] Loss: 0.2822 Acc: 0.9688
2025-11-24 10:30:09,417 - LeNet5_NumPy_logger - INFO - Epoch 4 [1461/1461 (100.0%)] Loss: 0.2072 Acc: 0.9688
2025-11-24 10:30:09,817 - LeNet5_NumPy_logger - INFO - Epoch 4 [1471/1471 (100.0%)] Loss: 0.1318 Acc: 1.0000
2025-11-24 10:30:10,111 - LeNet5_NumPy_logger - INFO - Epoch 4 [1481/1481 (100.0%)] Loss: 0.1531 Acc: 0.9688
2025-11-24 10:30:10,358 - LeNet5_NumPy_logger - INFO - Epoch 4 [1491/1491 (100.0%)] Loss: 0.2485 Acc: 0.9688
2025-11-24 10:30:10,633 - LeNet5_NumPy_logger - INFO - Epoch 4 [1501/1501 (100.0%)] Loss: 0.0342 Acc: 1.0000
2025-11-24 10:30:10,959 - LeNet5_NumPy_logger - INFO - Epoch 4 [1511/1511 (100.0%)] Loss: 0.1210 Acc: 1.0000
2025-11-24 10:30:11,275 - LeNet5_NumPy_logger - INFO - Epoch 4 [1521/1521 (100.0%)] Loss: 0.1494 Acc: 0.9688
2025-11-24 10:30:11,717 - LeNet5_NumPy_logger - INFO - Epoch 4 [1531/1531 (100.0%)] Loss: 0.0132 Acc: 1.0000
2025-11-24 10:30:12,127 - LeNet5_NumPy_logger - INFO - Epoch 4 [1541/1541 (100.0%)] Loss: 0.3107 Acc: 0.9062
2025-11-24 10:30:12,451 - LeNet5_NumPy_logger - INFO - Epoch 4 [1551/1551 (100.0%)] Loss: 0.0864 Acc: 1.0000
2025-11-24 10:30:12,702 - LeNet5_NumPy_logger - INFO - Epoch 4 [1561/1561 (100.0%)] Loss: 0.0796 Acc: 1.0000
2025-11-24 10:30:13,185 - LeNet5_NumPy_logger - INFO - Epoch 4 [1571/1571 (100.0%)] Loss: 0.0461 Acc: 1.0000
2025-11-24 10:30:13,459 - LeNet5_NumPy_logger - INFO - Epoch 4 [1581/1581 (100.0%)] Loss: 0.2314 Acc: 0.9688
2025-11-24 10:30:13,712 - LeNet5_NumPy_logger - INFO - Epoch 4 [1591/1591 (100.0%)] Loss: 0.0337 Acc: 1.0000
2025-11-24 10:30:14,038 - LeNet5_NumPy_logger - INFO - Epoch 4 [1601/1601 (100.0%)] Loss: 0.0081 Acc: 1.0000
2025-11-24 10:30:14,358 - LeNet5_NumPy_logger - INFO - Epoch 4 [1611/1611 (100.0%)] Loss: 0.0401 Acc: 1.0000
2025-11-24 10:30:14,575 - LeNet5_NumPy_logger - INFO - Epoch 4 [1621/1621 (100.0%)] Loss: 0.1514 Acc: 1.0000
2025-11-24 10:30:14,899 - LeNet5_NumPy_logger - INFO - Epoch 4 [1631/1631 (100.0%)] Loss: 0.1226 Acc: 0.9688
2025-11-24 10:30:15,482 - LeNet5_NumPy_logger - INFO - Epoch 4 [1641/1641 (100.0%)] Loss: 0.1738 Acc: 1.0000
2025-11-24 10:30:15,711 - LeNet5_NumPy_logger - INFO - Epoch 4 [1651/1651 (100.0%)] Loss: 0.1533 Acc: 0.9688
2025-11-24 10:30:16,033 - LeNet5_NumPy_logger - INFO - Epoch 4 [1661/1661 (100.0%)] Loss: 0.0480 Acc: 1.0000
2025-11-24 10:30:16,469 - LeNet5_NumPy_logger - INFO - Epoch 4 [1671/1671 (100.0%)] Loss: 0.1095 Acc: 1.0000
2025-11-24 10:30:16,801 - LeNet5_NumPy_logger - INFO - Epoch 4 [1681/1681 (100.0%)] Loss: 0.0240 Acc: 1.0000
2025-11-24 10:30:17,084 - LeNet5_NumPy_logger - INFO - Epoch 4 [1691/1691 (100.0%)] Loss: 0.1764 Acc: 0.9688
2025-11-24 10:30:17,331 - LeNet5_NumPy_logger - INFO - Epoch 4 [1701/1701 (100.0%)] Loss: 0.0326 Acc: 1.0000
2025-11-24 10:30:18,807 - LeNet5_NumPy_logger - INFO - Epoch 4 [1711/1711 (100.0%)] Loss: 0.0170 Acc: 1.0000
2025-11-24 10:30:19,027 - LeNet5_NumPy_logger - INFO - Epoch 4 [1721/1721 (100.0%)] Loss: 0.1608 Acc: 0.9688
2025-11-24 10:30:19,301 - LeNet5_NumPy_logger - INFO - Epoch 4 [1731/1731 (100.0%)] Loss: 0.1566 Acc: 1.0000
2025-11-24 10:30:19,538 - LeNet5_NumPy_logger - INFO - Epoch 4 [1741/1741 (100.0%)] Loss: 0.1126 Acc: 1.0000
2025-11-24 10:30:19,836 - LeNet5_NumPy_logger - INFO - Epoch 4 [1751/1751 (100.0%)] Loss: 0.2560 Acc: 0.9688
2025-11-24 10:30:20,236 - LeNet5_NumPy_logger - INFO - Epoch 4 [1761/1761 (100.0%)] Loss: 0.0189 Acc: 1.0000
2025-11-24 10:30:20,668 - LeNet5_NumPy_logger - INFO - Epoch 4 [1771/1771 (100.0%)] Loss: 0.0148 Acc: 1.0000
2025-11-24 10:30:21,021 - LeNet5_NumPy_logger - INFO - Epoch 4 [1781/1781 (100.0%)] Loss: 0.0641 Acc: 1.0000
2025-11-24 10:30:21,275 - LeNet5_NumPy_logger - INFO - Epoch 4 [1791/1791 (100.0%)] Loss: 0.0296 Acc: 1.0000
2025-11-24 10:30:21,497 - LeNet5_NumPy_logger - INFO - Epoch 4 [1801/1801 (100.0%)] Loss: 0.2075 Acc: 0.9688
2025-11-24 10:30:21,919 - LeNet5_NumPy_logger - INFO - Epoch 4 [1811/1811 (100.0%)] Loss: 0.0401 Acc: 1.0000
2025-11-24 10:30:22,350 - LeNet5_NumPy_logger - INFO - Epoch 4 [1821/1821 (100.0%)] Loss: 0.0210 Acc: 1.0000
2025-11-24 10:30:22,733 - LeNet5_NumPy_logger - INFO - Epoch 4 [1831/1831 (100.0%)] Loss: 0.1200 Acc: 0.9688
2025-11-24 10:30:23,402 - LeNet5_NumPy_logger - INFO - Epoch 4 [1841/1841 (100.0%)] Loss: 0.2077 Acc: 0.9688
2025-11-24 10:30:23,587 - LeNet5_NumPy_logger - INFO - Epoch 4 [1851/1851 (100.0%)] Loss: 0.0323 Acc: 1.0000
2025-11-24 10:30:23,847 - LeNet5_NumPy_logger - INFO - Epoch 4 [1861/1861 (100.0%)] Loss: 0.0581 Acc: 1.0000
2025-11-24 10:30:24,743 - LeNet5_NumPy_logger - INFO - Epoch 4 [1871/1871 (100.0%)] Loss: 0.1046 Acc: 1.0000
2025-11-24 10:30:28,852 - LeNet5_NumPy_logger - INFO - Epoch   4 | Train Loss: 0.1179 | Train Acc: 0.9770 | Val Loss: 0.0850 | Val Acc: 0.0850
2025-11-24 10:30:28,947 - LeNet5_NumPy_logger - INFO - Epoch 5 [1/1 (100.0%)] Loss: 0.0117 Acc: 1.0000
2025-11-24 10:30:29,164 - LeNet5_NumPy_logger - INFO - Epoch 5 [11/11 (100.0%)] Loss: 0.0200 Acc: 1.0000
2025-11-24 10:30:29,415 - LeNet5_NumPy_logger - INFO - Epoch 5 [21/21 (100.0%)] Loss: 0.1752 Acc: 1.0000
2025-11-24 10:30:29,664 - LeNet5_NumPy_logger - INFO - Epoch 5 [31/31 (100.0%)] Loss: 0.0203 Acc: 1.0000
2025-11-24 10:30:29,891 - LeNet5_NumPy_logger - INFO - Epoch 5 [41/41 (100.0%)] Loss: 0.2180 Acc: 0.9375
2025-11-24 10:30:30,164 - LeNet5_NumPy_logger - INFO - Epoch 5 [51/51 (100.0%)] Loss: 0.0286 Acc: 1.0000
2025-11-24 10:30:30,504 - LeNet5_NumPy_logger - INFO - Epoch 5 [61/61 (100.0%)] Loss: 0.4014 Acc: 0.9375
2025-11-24 10:30:30,726 - LeNet5_NumPy_logger - INFO - Epoch 5 [71/71 (100.0%)] Loss: 0.0777 Acc: 1.0000
2025-11-24 10:30:30,981 - LeNet5_NumPy_logger - INFO - Epoch 5 [81/81 (100.0%)] Loss: 0.2554 Acc: 0.9375
2025-11-24 10:30:31,293 - LeNet5_NumPy_logger - INFO - Epoch 5 [91/91 (100.0%)] Loss: 0.1524 Acc: 0.9688
2025-11-24 10:30:31,567 - LeNet5_NumPy_logger - INFO - Epoch 5 [101/101 (100.0%)] Loss: 0.1161 Acc: 1.0000
2025-11-24 10:30:31,774 - LeNet5_NumPy_logger - INFO - Epoch 5 [111/111 (100.0%)] Loss: 0.0679 Acc: 1.0000
2025-11-24 10:30:32,058 - LeNet5_NumPy_logger - INFO - Epoch 5 [121/121 (100.0%)] Loss: 0.1422 Acc: 0.9688
2025-11-24 10:30:32,748 - LeNet5_NumPy_logger - INFO - Epoch 5 [131/131 (100.0%)] Loss: 0.0442 Acc: 1.0000
2025-11-24 10:30:33,403 - LeNet5_NumPy_logger - INFO - Epoch 5 [141/141 (100.0%)] Loss: 0.1266 Acc: 1.0000
2025-11-24 10:30:33,603 - LeNet5_NumPy_logger - INFO - Epoch 5 [151/151 (100.0%)] Loss: 0.0474 Acc: 1.0000
2025-11-24 10:30:33,858 - LeNet5_NumPy_logger - INFO - Epoch 5 [161/161 (100.0%)] Loss: 0.3342 Acc: 0.9688
2025-11-24 10:30:34,098 - LeNet5_NumPy_logger - INFO - Epoch 5 [171/171 (100.0%)] Loss: 0.0578 Acc: 1.0000
2025-11-24 10:30:34,461 - LeNet5_NumPy_logger - INFO - Epoch 5 [181/181 (100.0%)] Loss: 0.0313 Acc: 1.0000
2025-11-24 10:30:34,884 - LeNet5_NumPy_logger - INFO - Epoch 5 [191/191 (100.0%)] Loss: 0.4170 Acc: 0.9062
2025-11-24 10:30:35,147 - LeNet5_NumPy_logger - INFO - Epoch 5 [201/201 (100.0%)] Loss: 0.0259 Acc: 1.0000
2025-11-24 10:30:35,573 - LeNet5_NumPy_logger - INFO - Epoch 5 [211/211 (100.0%)] Loss: 0.1243 Acc: 0.9688
2025-11-24 10:30:35,823 - LeNet5_NumPy_logger - INFO - Epoch 5 [221/221 (100.0%)] Loss: 0.0351 Acc: 1.0000
2025-11-24 10:30:36,042 - LeNet5_NumPy_logger - INFO - Epoch 5 [231/231 (100.0%)] Loss: 0.0666 Acc: 1.0000
2025-11-24 10:30:36,404 - LeNet5_NumPy_logger - INFO - Epoch 5 [241/241 (100.0%)] Loss: 0.2738 Acc: 0.9688
2025-11-24 10:30:36,727 - LeNet5_NumPy_logger - INFO - Epoch 5 [251/251 (100.0%)] Loss: 0.0786 Acc: 1.0000
2025-11-24 10:30:37,973 - LeNet5_NumPy_logger - INFO - Epoch 5 [261/261 (100.0%)] Loss: 0.0271 Acc: 1.0000
2025-11-24 10:30:38,292 - LeNet5_NumPy_logger - INFO - Epoch 5 [271/271 (100.0%)] Loss: 0.0083 Acc: 1.0000
2025-11-24 10:30:38,628 - LeNet5_NumPy_logger - INFO - Epoch 5 [281/281 (100.0%)] Loss: 0.4576 Acc: 0.9062
2025-11-24 10:30:38,939 - LeNet5_NumPy_logger - INFO - Epoch 5 [291/291 (100.0%)] Loss: 0.0397 Acc: 1.0000
2025-11-24 10:30:39,320 - LeNet5_NumPy_logger - INFO - Epoch 5 [301/301 (100.0%)] Loss: 0.1754 Acc: 1.0000
2025-11-24 10:30:39,607 - LeNet5_NumPy_logger - INFO - Epoch 5 [311/311 (100.0%)] Loss: 0.0066 Acc: 1.0000
2025-11-24 10:30:39,846 - LeNet5_NumPy_logger - INFO - Epoch 5 [321/321 (100.0%)] Loss: 0.1692 Acc: 1.0000
2025-11-24 10:30:40,135 - LeNet5_NumPy_logger - INFO - Epoch 5 [331/331 (100.0%)] Loss: 0.1384 Acc: 1.0000
2025-11-24 10:30:40,347 - LeNet5_NumPy_logger - INFO - Epoch 5 [341/341 (100.0%)] Loss: 0.0303 Acc: 1.0000
2025-11-24 10:30:40,597 - LeNet5_NumPy_logger - INFO - Epoch 5 [351/351 (100.0%)] Loss: 0.0401 Acc: 1.0000
2025-11-24 10:30:40,810 - LeNet5_NumPy_logger - INFO - Epoch 5 [361/361 (100.0%)] Loss: 0.0718 Acc: 1.0000
2025-11-24 10:30:41,131 - LeNet5_NumPy_logger - INFO - Epoch 5 [371/371 (100.0%)] Loss: 0.1835 Acc: 0.9688
2025-11-24 10:30:41,347 - LeNet5_NumPy_logger - INFO - Epoch 5 [381/381 (100.0%)] Loss: 0.0850 Acc: 1.0000
2025-11-24 10:30:41,554 - LeNet5_NumPy_logger - INFO - Epoch 5 [391/391 (100.0%)] Loss: 0.0852 Acc: 1.0000
2025-11-24 10:30:41,759 - LeNet5_NumPy_logger - INFO - Epoch 5 [401/401 (100.0%)] Loss: 0.0233 Acc: 1.0000
2025-11-24 10:30:42,013 - LeNet5_NumPy_logger - INFO - Epoch 5 [411/411 (100.0%)] Loss: 0.1200 Acc: 1.0000
2025-11-24 10:30:42,398 - LeNet5_NumPy_logger - INFO - Epoch 5 [421/421 (100.0%)] Loss: 0.0879 Acc: 1.0000
2025-11-24 10:30:42,583 - LeNet5_NumPy_logger - INFO - Epoch 5 [431/431 (100.0%)] Loss: 0.0299 Acc: 1.0000
2025-11-24 10:30:43,079 - LeNet5_NumPy_logger - INFO - Epoch 5 [441/441 (100.0%)] Loss: 0.0511 Acc: 1.0000
2025-11-24 10:30:43,398 - LeNet5_NumPy_logger - INFO - Epoch 5 [451/451 (100.0%)] Loss: 0.0614 Acc: 1.0000
2025-11-24 10:30:43,584 - LeNet5_NumPy_logger - INFO - Epoch 5 [461/461 (100.0%)] Loss: 0.0157 Acc: 1.0000
2025-11-24 10:30:43,908 - LeNet5_NumPy_logger - INFO - Epoch 5 [471/471 (100.0%)] Loss: 0.1442 Acc: 0.9688
2025-11-24 10:30:44,287 - LeNet5_NumPy_logger - INFO - Epoch 5 [481/481 (100.0%)] Loss: 0.1573 Acc: 1.0000
2025-11-24 10:30:44,503 - LeNet5_NumPy_logger - INFO - Epoch 5 [491/491 (100.0%)] Loss: 0.0902 Acc: 1.0000
2025-11-24 10:30:44,714 - LeNet5_NumPy_logger - INFO - Epoch 5 [501/501 (100.0%)] Loss: 0.1554 Acc: 0.9688
2025-11-24 10:30:44,916 - LeNet5_NumPy_logger - INFO - Epoch 5 [511/511 (100.0%)] Loss: 0.0705 Acc: 1.0000
2025-11-24 10:30:45,499 - LeNet5_NumPy_logger - INFO - Epoch 5 [521/521 (100.0%)] Loss: 0.0142 Acc: 1.0000
2025-11-24 10:30:45,831 - LeNet5_NumPy_logger - INFO - Epoch 5 [531/531 (100.0%)] Loss: 0.0242 Acc: 1.0000
2025-11-24 10:30:46,491 - LeNet5_NumPy_logger - INFO - Epoch 5 [541/541 (100.0%)] Loss: 0.0266 Acc: 1.0000
2025-11-24 10:30:47,177 - LeNet5_NumPy_logger - INFO - Epoch 5 [551/551 (100.0%)] Loss: 0.0093 Acc: 1.0000
2025-11-24 10:30:47,375 - LeNet5_NumPy_logger - INFO - Epoch 5 [561/561 (100.0%)] Loss: 0.0798 Acc: 1.0000
2025-11-24 10:30:47,664 - LeNet5_NumPy_logger - INFO - Epoch 5 [571/571 (100.0%)] Loss: 0.2430 Acc: 0.9688
2025-11-24 10:30:47,916 - LeNet5_NumPy_logger - INFO - Epoch 5 [581/581 (100.0%)] Loss: 0.0240 Acc: 1.0000
2025-11-24 10:30:48,530 - LeNet5_NumPy_logger - INFO - Epoch 5 [591/591 (100.0%)] Loss: 0.1533 Acc: 1.0000
2025-11-24 10:30:48,960 - LeNet5_NumPy_logger - INFO - Epoch 5 [601/601 (100.0%)] Loss: 0.0984 Acc: 1.0000
2025-11-24 10:30:49,247 - LeNet5_NumPy_logger - INFO - Epoch 5 [611/611 (100.0%)] Loss: 0.0149 Acc: 1.0000
2025-11-24 10:30:49,510 - LeNet5_NumPy_logger - INFO - Epoch 5 [621/621 (100.0%)] Loss: 0.0333 Acc: 1.0000
2025-11-24 10:30:49,949 - LeNet5_NumPy_logger - INFO - Epoch 5 [631/631 (100.0%)] Loss: 0.0830 Acc: 1.0000
2025-11-24 10:30:50,221 - LeNet5_NumPy_logger - INFO - Epoch 5 [641/641 (100.0%)] Loss: 0.0347 Acc: 1.0000
2025-11-24 10:30:50,540 - LeNet5_NumPy_logger - INFO - Epoch 5 [651/651 (100.0%)] Loss: 0.0236 Acc: 1.0000
2025-11-24 10:30:50,749 - LeNet5_NumPy_logger - INFO - Epoch 5 [661/661 (100.0%)] Loss: 0.1933 Acc: 1.0000
2025-11-24 10:30:51,041 - LeNet5_NumPy_logger - INFO - Epoch 5 [671/671 (100.0%)] Loss: 0.0619 Acc: 1.0000
2025-11-24 10:30:51,251 - LeNet5_NumPy_logger - INFO - Epoch 5 [681/681 (100.0%)] Loss: 0.0361 Acc: 1.0000
2025-11-24 10:30:51,525 - LeNet5_NumPy_logger - INFO - Epoch 5 [691/691 (100.0%)] Loss: 0.1224 Acc: 0.9688
2025-11-24 10:30:51,809 - LeNet5_NumPy_logger - INFO - Epoch 5 [701/701 (100.0%)] Loss: 0.2039 Acc: 0.9688
2025-11-24 10:30:52,110 - LeNet5_NumPy_logger - INFO - Epoch 5 [711/711 (100.0%)] Loss: 0.0485 Acc: 1.0000
2025-11-24 10:30:52,342 - LeNet5_NumPy_logger - INFO - Epoch 5 [721/721 (100.0%)] Loss: 0.1088 Acc: 1.0000
2025-11-24 10:30:52,584 - LeNet5_NumPy_logger - INFO - Epoch 5 [731/731 (100.0%)] Loss: 0.3109 Acc: 0.9375
2025-11-24 10:30:52,840 - LeNet5_NumPy_logger - INFO - Epoch 5 [741/741 (100.0%)] Loss: 0.0097 Acc: 1.0000
2025-11-24 10:30:53,196 - LeNet5_NumPy_logger - INFO - Epoch 5 [751/751 (100.0%)] Loss: 0.0389 Acc: 1.0000
2025-11-24 10:30:53,439 - LeNet5_NumPy_logger - INFO - Epoch 5 [761/761 (100.0%)] Loss: 0.1113 Acc: 0.9688
2025-11-24 10:30:53,638 - LeNet5_NumPy_logger - INFO - Epoch 5 [771/771 (100.0%)] Loss: 0.0583 Acc: 1.0000
2025-11-24 10:30:54,338 - LeNet5_NumPy_logger - INFO - Epoch 5 [781/781 (100.0%)] Loss: 0.0490 Acc: 1.0000
2025-11-24 10:30:54,538 - LeNet5_NumPy_logger - INFO - Epoch 5 [791/791 (100.0%)] Loss: 0.1798 Acc: 0.9375
2025-11-24 10:30:54,864 - LeNet5_NumPy_logger - INFO - Epoch 5 [801/801 (100.0%)] Loss: 0.3361 Acc: 0.9375
2025-11-24 10:30:55,324 - LeNet5_NumPy_logger - INFO - Epoch 5 [811/811 (100.0%)] Loss: 0.1063 Acc: 1.0000
2025-11-24 10:30:55,639 - LeNet5_NumPy_logger - INFO - Epoch 5 [821/821 (100.0%)] Loss: 0.1916 Acc: 0.9375
2025-11-24 10:30:55,907 - LeNet5_NumPy_logger - INFO - Epoch 5 [831/831 (100.0%)] Loss: 0.0802 Acc: 1.0000
2025-11-24 10:30:56,165 - LeNet5_NumPy_logger - INFO - Epoch 5 [841/841 (100.0%)] Loss: 0.0603 Acc: 1.0000
2025-11-24 10:30:56,440 - LeNet5_NumPy_logger - INFO - Epoch 5 [851/851 (100.0%)] Loss: 0.0419 Acc: 1.0000
2025-11-24 10:30:56,948 - LeNet5_NumPy_logger - INFO - Epoch 5 [861/861 (100.0%)] Loss: 0.0147 Acc: 1.0000
2025-11-24 10:30:57,284 - LeNet5_NumPy_logger - INFO - Epoch 5 [871/871 (100.0%)] Loss: 0.1899 Acc: 0.9688
2025-11-24 10:30:57,608 - LeNet5_NumPy_logger - INFO - Epoch 5 [881/881 (100.0%)] Loss: 0.0511 Acc: 1.0000
2025-11-24 10:30:58,197 - LeNet5_NumPy_logger - INFO - Epoch 5 [891/891 (100.0%)] Loss: 0.0107 Acc: 1.0000
2025-11-24 10:30:58,490 - LeNet5_NumPy_logger - INFO - Epoch 5 [901/901 (100.0%)] Loss: 0.0619 Acc: 1.0000
2025-11-24 10:30:58,722 - LeNet5_NumPy_logger - INFO - Epoch 5 [911/911 (100.0%)] Loss: 0.0721 Acc: 1.0000
2025-11-24 10:30:59,190 - LeNet5_NumPy_logger - INFO - Epoch 5 [921/921 (100.0%)] Loss: 0.1421 Acc: 1.0000
2025-11-24 10:30:59,398 - LeNet5_NumPy_logger - INFO - Epoch 5 [931/931 (100.0%)] Loss: 0.1128 Acc: 1.0000
2025-11-24 10:30:59,775 - LeNet5_NumPy_logger - INFO - Epoch 5 [941/941 (100.0%)] Loss: 0.1823 Acc: 0.9688
2025-11-24 10:31:00,350 - LeNet5_NumPy_logger - INFO - Epoch 5 [951/951 (100.0%)] Loss: 0.0703 Acc: 1.0000
2025-11-24 10:31:00,572 - LeNet5_NumPy_logger - INFO - Epoch 5 [961/961 (100.0%)] Loss: 0.1090 Acc: 1.0000
2025-11-24 10:31:00,788 - LeNet5_NumPy_logger - INFO - Epoch 5 [971/971 (100.0%)] Loss: 0.1086 Acc: 1.0000
2025-11-24 10:31:01,025 - LeNet5_NumPy_logger - INFO - Epoch 5 [981/981 (100.0%)] Loss: 0.0636 Acc: 1.0000
2025-11-24 10:31:01,494 - LeNet5_NumPy_logger - INFO - Epoch 5 [991/991 (100.0%)] Loss: 0.0378 Acc: 1.0000
2025-11-24 10:31:02,025 - LeNet5_NumPy_logger - INFO - Epoch 5 [1001/1001 (100.0%)] Loss: 0.0542 Acc: 1.0000
2025-11-24 10:31:02,354 - LeNet5_NumPy_logger - INFO - Epoch 5 [1011/1011 (100.0%)] Loss: 0.0050 Acc: 1.0000
2025-11-24 10:31:03,028 - LeNet5_NumPy_logger - INFO - Epoch 5 [1021/1021 (100.0%)] Loss: 0.1201 Acc: 1.0000
2025-11-24 10:31:03,322 - LeNet5_NumPy_logger - INFO - Epoch 5 [1031/1031 (100.0%)] Loss: 0.0825 Acc: 1.0000
2025-11-24 10:31:03,593 - LeNet5_NumPy_logger - INFO - Epoch 5 [1041/1041 (100.0%)] Loss: 0.0642 Acc: 1.0000
2025-11-24 10:31:03,809 - LeNet5_NumPy_logger - INFO - Epoch 5 [1051/1051 (100.0%)] Loss: 0.0152 Acc: 1.0000
2025-11-24 10:31:04,039 - LeNet5_NumPy_logger - INFO - Epoch 5 [1061/1061 (100.0%)] Loss: 0.0709 Acc: 1.0000
2025-11-24 10:31:04,551 - LeNet5_NumPy_logger - INFO - Epoch 5 [1071/1071 (100.0%)] Loss: 0.2637 Acc: 0.9062
2025-11-24 10:31:06,322 - LeNet5_NumPy_logger - INFO - Epoch 5 [1081/1081 (100.0%)] Loss: 0.1421 Acc: 1.0000
2025-11-24 10:31:07,110 - LeNet5_NumPy_logger - INFO - Epoch 5 [1091/1091 (100.0%)] Loss: 0.0336 Acc: 1.0000
2025-11-24 10:31:07,833 - LeNet5_NumPy_logger - INFO - Epoch 5 [1101/1101 (100.0%)] Loss: 0.0115 Acc: 1.0000
2025-11-24 10:31:08,128 - LeNet5_NumPy_logger - INFO - Epoch 5 [1111/1111 (100.0%)] Loss: 0.0940 Acc: 1.0000
2025-11-24 10:31:08,585 - LeNet5_NumPy_logger - INFO - Epoch 5 [1121/1121 (100.0%)] Loss: 0.1313 Acc: 1.0000
2025-11-24 10:31:09,378 - LeNet5_NumPy_logger - INFO - Epoch 5 [1131/1131 (100.0%)] Loss: 0.0320 Acc: 1.0000
2025-11-24 10:31:09,880 - LeNet5_NumPy_logger - INFO - Epoch 5 [1141/1141 (100.0%)] Loss: 0.1978 Acc: 0.9688
2025-11-24 10:31:10,371 - LeNet5_NumPy_logger - INFO - Epoch 5 [1151/1151 (100.0%)] Loss: 0.1215 Acc: 1.0000
2025-11-24 10:31:10,980 - LeNet5_NumPy_logger - INFO - Epoch 5 [1161/1161 (100.0%)] Loss: 0.2439 Acc: 0.9688
2025-11-24 10:31:11,516 - LeNet5_NumPy_logger - INFO - Epoch 5 [1171/1171 (100.0%)] Loss: 0.1296 Acc: 0.9688
2025-11-24 10:31:11,983 - LeNet5_NumPy_logger - INFO - Epoch 5 [1181/1181 (100.0%)] Loss: 0.0448 Acc: 1.0000
2025-11-24 10:31:12,375 - LeNet5_NumPy_logger - INFO - Epoch 5 [1191/1191 (100.0%)] Loss: 0.2738 Acc: 0.9688
2025-11-24 10:31:12,764 - LeNet5_NumPy_logger - INFO - Epoch 5 [1201/1201 (100.0%)] Loss: 0.0844 Acc: 1.0000
2025-11-24 10:31:13,070 - LeNet5_NumPy_logger - INFO - Epoch 5 [1211/1211 (100.0%)] Loss: 0.0128 Acc: 1.0000
2025-11-24 10:31:13,517 - LeNet5_NumPy_logger - INFO - Epoch 5 [1221/1221 (100.0%)] Loss: 0.1372 Acc: 0.9688
2025-11-24 10:31:13,923 - LeNet5_NumPy_logger - INFO - Epoch 5 [1231/1231 (100.0%)] Loss: 0.0816 Acc: 1.0000
2025-11-24 10:31:14,236 - LeNet5_NumPy_logger - INFO - Epoch 5 [1241/1241 (100.0%)] Loss: 0.1328 Acc: 0.9688
2025-11-24 10:31:14,577 - LeNet5_NumPy_logger - INFO - Epoch 5 [1251/1251 (100.0%)] Loss: 0.1236 Acc: 1.0000
2025-11-24 10:31:14,981 - LeNet5_NumPy_logger - INFO - Epoch 5 [1261/1261 (100.0%)] Loss: 0.0797 Acc: 1.0000
2025-11-24 10:31:15,304 - LeNet5_NumPy_logger - INFO - Epoch 5 [1271/1271 (100.0%)] Loss: 0.1907 Acc: 0.9688
2025-11-24 10:31:15,776 - LeNet5_NumPy_logger - INFO - Epoch 5 [1281/1281 (100.0%)] Loss: 0.1059 Acc: 1.0000
2025-11-24 10:31:16,220 - LeNet5_NumPy_logger - INFO - Epoch 5 [1291/1291 (100.0%)] Loss: 0.0269 Acc: 1.0000
2025-11-24 10:31:16,747 - LeNet5_NumPy_logger - INFO - Epoch 5 [1301/1301 (100.0%)] Loss: 0.0081 Acc: 1.0000
2025-11-24 10:31:17,150 - LeNet5_NumPy_logger - INFO - Epoch 5 [1311/1311 (100.0%)] Loss: 0.0453 Acc: 1.0000
2025-11-24 10:31:18,647 - LeNet5_NumPy_logger - INFO - Epoch 5 [1321/1321 (100.0%)] Loss: 0.0366 Acc: 1.0000
2025-11-24 10:31:19,399 - LeNet5_NumPy_logger - INFO - Epoch 5 [1331/1331 (100.0%)] Loss: 0.0805 Acc: 1.0000
2025-11-24 10:31:20,067 - LeNet5_NumPy_logger - INFO - Epoch 5 [1341/1341 (100.0%)] Loss: 0.1818 Acc: 0.9688
2025-11-24 10:31:20,400 - LeNet5_NumPy_logger - INFO - Epoch 5 [1351/1351 (100.0%)] Loss: 0.0094 Acc: 1.0000
2025-11-24 10:31:21,113 - LeNet5_NumPy_logger - INFO - Epoch 5 [1361/1361 (100.0%)] Loss: 0.0730 Acc: 0.9688
2025-11-24 10:31:21,464 - LeNet5_NumPy_logger - INFO - Epoch 5 [1371/1371 (100.0%)] Loss: 0.0550 Acc: 1.0000
2025-11-24 10:31:21,914 - LeNet5_NumPy_logger - INFO - Epoch 5 [1381/1381 (100.0%)] Loss: 0.0060 Acc: 1.0000
2025-11-24 10:31:22,353 - LeNet5_NumPy_logger - INFO - Epoch 5 [1391/1391 (100.0%)] Loss: 0.0661 Acc: 1.0000
2025-11-24 10:31:23,049 - LeNet5_NumPy_logger - INFO - Epoch 5 [1401/1401 (100.0%)] Loss: 0.1108 Acc: 1.0000
2025-11-24 10:31:23,802 - LeNet5_NumPy_logger - INFO - Epoch 5 [1411/1411 (100.0%)] Loss: 0.2045 Acc: 0.9688
2025-11-24 10:31:24,235 - LeNet5_NumPy_logger - INFO - Epoch 5 [1421/1421 (100.0%)] Loss: 0.0205 Acc: 1.0000
2025-11-24 10:31:24,711 - LeNet5_NumPy_logger - INFO - Epoch 5 [1431/1431 (100.0%)] Loss: 0.0089 Acc: 1.0000
2025-11-24 10:31:25,004 - LeNet5_NumPy_logger - INFO - Epoch 5 [1441/1441 (100.0%)] Loss: 0.2434 Acc: 0.9688
2025-11-24 10:31:25,658 - LeNet5_NumPy_logger - INFO - Epoch 5 [1451/1451 (100.0%)] Loss: 0.0793 Acc: 1.0000
2025-11-24 10:31:26,117 - LeNet5_NumPy_logger - INFO - Epoch 5 [1461/1461 (100.0%)] Loss: 0.0559 Acc: 1.0000
2025-11-24 10:31:26,361 - LeNet5_NumPy_logger - INFO - Epoch 5 [1471/1471 (100.0%)] Loss: 0.0282 Acc: 1.0000
2025-11-24 10:31:26,664 - LeNet5_NumPy_logger - INFO - Epoch 5 [1481/1481 (100.0%)] Loss: 0.0144 Acc: 1.0000
2025-11-24 10:31:26,823 - LeNet5_NumPy_logger - INFO - Epoch 5 [1491/1491 (100.0%)] Loss: 0.0184 Acc: 1.0000
2025-11-24 10:31:27,017 - LeNet5_NumPy_logger - INFO - Epoch 5 [1501/1501 (100.0%)] Loss: 0.2988 Acc: 0.9688
2025-11-24 10:31:27,230 - LeNet5_NumPy_logger - INFO - Epoch 5 [1511/1511 (100.0%)] Loss: 0.0590 Acc: 1.0000
2025-11-24 10:31:27,423 - LeNet5_NumPy_logger - INFO - Epoch 5 [1521/1521 (100.0%)] Loss: 0.1640 Acc: 1.0000
2025-11-24 10:31:27,736 - LeNet5_NumPy_logger - INFO - Epoch 5 [1531/1531 (100.0%)] Loss: 0.0148 Acc: 1.0000
2025-11-24 10:31:27,923 - LeNet5_NumPy_logger - INFO - Epoch 5 [1541/1541 (100.0%)] Loss: 0.1590 Acc: 0.9688
2025-11-24 10:31:28,160 - LeNet5_NumPy_logger - INFO - Epoch 5 [1551/1551 (100.0%)] Loss: 0.0562 Acc: 1.0000
2025-11-24 10:31:28,348 - LeNet5_NumPy_logger - INFO - Epoch 5 [1561/1561 (100.0%)] Loss: 0.1298 Acc: 0.9688
2025-11-24 10:31:28,567 - LeNet5_NumPy_logger - INFO - Epoch 5 [1571/1571 (100.0%)] Loss: 0.0070 Acc: 1.0000
2025-11-24 10:31:28,965 - LeNet5_NumPy_logger - INFO - Epoch 5 [1581/1581 (100.0%)] Loss: 0.0531 Acc: 1.0000
2025-11-24 10:31:29,141 - LeNet5_NumPy_logger - INFO - Epoch 5 [1591/1591 (100.0%)] Loss: 0.0353 Acc: 1.0000
2025-11-24 10:31:29,354 - LeNet5_NumPy_logger - INFO - Epoch 5 [1601/1601 (100.0%)] Loss: 0.1297 Acc: 0.9688
2025-11-24 10:31:29,548 - LeNet5_NumPy_logger - INFO - Epoch 5 [1611/1611 (100.0%)] Loss: 0.0228 Acc: 1.0000
2025-11-24 10:31:29,767 - LeNet5_NumPy_logger - INFO - Epoch 5 [1621/1621 (100.0%)] Loss: 0.2939 Acc: 1.0000
2025-11-24 10:31:30,134 - LeNet5_NumPy_logger - INFO - Epoch 5 [1631/1631 (100.0%)] Loss: 0.0397 Acc: 1.0000
2025-11-24 10:31:30,394 - LeNet5_NumPy_logger - INFO - Epoch 5 [1641/1641 (100.0%)] Loss: 0.0127 Acc: 1.0000
2025-11-24 10:31:30,572 - LeNet5_NumPy_logger - INFO - Epoch 5 [1651/1651 (100.0%)] Loss: 0.0761 Acc: 1.0000
2025-11-24 10:31:30,804 - LeNet5_NumPy_logger - INFO - Epoch 5 [1661/1661 (100.0%)] Loss: 0.0420 Acc: 1.0000
2025-11-24 10:31:31,273 - LeNet5_NumPy_logger - INFO - Epoch 5 [1671/1671 (100.0%)] Loss: 0.1298 Acc: 1.0000
2025-11-24 10:31:31,674 - LeNet5_NumPy_logger - INFO - Epoch 5 [1681/1681 (100.0%)] Loss: 0.1137 Acc: 1.0000
2025-11-24 10:31:32,015 - LeNet5_NumPy_logger - INFO - Epoch 5 [1691/1691 (100.0%)] Loss: 0.2458 Acc: 0.9062
2025-11-24 10:31:32,298 - LeNet5_NumPy_logger - INFO - Epoch 5 [1701/1701 (100.0%)] Loss: 0.0956 Acc: 1.0000
2025-11-24 10:31:32,515 - LeNet5_NumPy_logger - INFO - Epoch 5 [1711/1711 (100.0%)] Loss: 0.0078 Acc: 1.0000
2025-11-24 10:31:32,779 - LeNet5_NumPy_logger - INFO - Epoch 5 [1721/1721 (100.0%)] Loss: 0.0594 Acc: 1.0000
2025-11-24 10:31:33,111 - LeNet5_NumPy_logger - INFO - Epoch 5 [1731/1731 (100.0%)] Loss: 0.0907 Acc: 1.0000
2025-11-24 10:31:33,408 - LeNet5_NumPy_logger - INFO - Epoch 5 [1741/1741 (100.0%)] Loss: 0.0228 Acc: 1.0000
2025-11-24 10:31:33,607 - LeNet5_NumPy_logger - INFO - Epoch 5 [1751/1751 (100.0%)] Loss: 0.4911 Acc: 0.9688
2025-11-24 10:31:33,942 - LeNet5_NumPy_logger - INFO - Epoch 5 [1761/1761 (100.0%)] Loss: 0.0271 Acc: 1.0000
2025-11-24 10:31:34,219 - LeNet5_NumPy_logger - INFO - Epoch 5 [1771/1771 (100.0%)] Loss: 0.0829 Acc: 1.0000
2025-11-24 10:31:34,491 - LeNet5_NumPy_logger - INFO - Epoch 5 [1781/1781 (100.0%)] Loss: 0.0251 Acc: 1.0000
2025-11-24 10:31:34,857 - LeNet5_NumPy_logger - INFO - Epoch 5 [1791/1791 (100.0%)] Loss: 0.2425 Acc: 0.9375
2025-11-24 10:31:35,071 - LeNet5_NumPy_logger - INFO - Epoch 5 [1801/1801 (100.0%)] Loss: 0.0384 Acc: 1.0000
2025-11-24 10:31:35,314 - LeNet5_NumPy_logger - INFO - Epoch 5 [1811/1811 (100.0%)] Loss: 0.2004 Acc: 0.9688
2025-11-24 10:31:35,672 - LeNet5_NumPy_logger - INFO - Epoch 5 [1821/1821 (100.0%)] Loss: 0.0460 Acc: 1.0000
2025-11-24 10:31:35,980 - LeNet5_NumPy_logger - INFO - Epoch 5 [1831/1831 (100.0%)] Loss: 0.0810 Acc: 1.0000
2025-11-24 10:31:36,325 - LeNet5_NumPy_logger - INFO - Epoch 5 [1841/1841 (100.0%)] Loss: 0.0087 Acc: 1.0000
2025-11-24 10:31:36,779 - LeNet5_NumPy_logger - INFO - Epoch 5 [1851/1851 (100.0%)] Loss: 0.1000 Acc: 1.0000
2025-11-24 10:31:37,166 - LeNet5_NumPy_logger - INFO - Epoch 5 [1861/1861 (100.0%)] Loss: 0.0181 Acc: 1.0000
2025-11-24 10:31:37,464 - LeNet5_NumPy_logger - INFO - Epoch 5 [1871/1871 (100.0%)] Loss: 0.1427 Acc: 0.9688
2025-11-24 10:31:41,545 - LeNet5_NumPy_logger - INFO - Epoch   5 | Train Loss: 0.0950 | Train Acc: 0.9740 | Val Loss: 0.0785 | Val Acc: 0.0785
2025-11-24 10:31:45,673 - LeNet5_NumPy_logger - INFO - ============================================================
2025-11-24 10:31:45,673 - LeNet5_NumPy_logger - INFO - 训练完成！最终性能指标:
2025-11-24 10:31:45,673 - LeNet5_NumPy_logger - INFO -   test_accuracy: 0.9754
2025-11-24 10:31:45,673 - LeNet5_NumPy_logger - INFO -   test_loss: 0.0785
2025-11-24 10:31:45,674 - LeNet5_NumPy_logger - INFO -   training_time: 409.0196
2025-11-24 10:31:45,674 - LeNet5_NumPy_logger - INFO - ============================================================
2025-11-24 10:31:45,674 - LeNet5_NumPy_logger - INFO - 训练结束时间: 2025-11-24 10:31:45
2025-11-24 10:31:45,674 - LeNet5_NumPy_logger - INFO - 总训练时间: 00:06:53
2025-11-24 10:31:45,674 - LeNet5_NumPy_logger - INFO - 日志文件: assets/logs/LeNet5_NumPy_20251124_102452.log
2025-11-24 10:31:45,674 - LeNet5_NumPy_logger - INFO - ============================================================
