2025-11-23 22:25:12,265 - LeNet5_NumPy_logger - INFO - ============================================================
2025-11-23 22:25:12,265 - LeNet5_NumPy_logger - INFO - 开始训练模型: LeNet5_NumPy
2025-11-23 22:25:12,265 - LeNet5_NumPy_logger - INFO - 训练开始时间: 2025-11-23 22:25:12
2025-11-23 22:25:12,265 - LeNet5_NumPy_logger - INFO - 训练配置:
2025-11-23 22:25:12,265 - LeNet5_NumPy_logger - INFO -   model_type: LeNet-5 NumPy
2025-11-23 22:25:12,265 - LeNet5_NumPy_logger - INFO -   learning_rate: 0.01
2025-11-23 22:25:12,265 - LeNet5_NumPy_logger - INFO -   batch_size: 32
2025-11-23 22:25:12,265 - LeNet5_NumPy_logger - INFO -   epochs: 5
2025-11-23 22:25:12,265 - LeNet5_NumPy_logger - INFO -   activation: Sigmoid
2025-11-23 22:25:12,265 - LeNet5_NumPy_logger - INFO -   device: NumPy
2025-11-23 22:25:12,265 - LeNet5_NumPy_logger - INFO - ============================================================
2025-11-23 22:25:12,265 - LeNet5_NumPy_logger - INFO - 数据集信息:
2025-11-23 22:25:12,265 - LeNet5_NumPy_logger - INFO -   训练样本数: 60000
2025-11-23 22:25:12,265 - LeNet5_NumPy_logger - INFO -   测试样本数: 10000
2025-11-23 22:25:12,265 - LeNet5_NumPy_logger - INFO -   输入形状: (1, 28, 28)
2025-11-23 22:25:12,265 - LeNet5_NumPy_logger - INFO -   类别数: 10
2025-11-23 22:25:12,910 - LeNet5_NumPy_logger - INFO - Epoch 1 [1/1 (100.0%)] Loss: 2.5166 Acc: 0.0625
2025-11-23 22:25:18,002 - LeNet5_NumPy_logger - INFO - Epoch 1 [11/11 (100.0%)] Loss: 2.5433 Acc: 0.1875
2025-11-23 22:25:18,408 - LeNet5_NumPy_logger - INFO - Epoch 1 [21/21 (100.0%)] Loss: 2.4159 Acc: 0.1562
2025-11-23 22:25:18,760 - LeNet5_NumPy_logger - INFO - Epoch 1 [31/31 (100.0%)] Loss: 2.5392 Acc: 0.1250
2025-11-23 22:25:19,202 - LeNet5_NumPy_logger - INFO - Epoch 1 [41/41 (100.0%)] Loss: 2.3751 Acc: 0.1875
2025-11-23 22:25:19,544 - LeNet5_NumPy_logger - INFO - Epoch 1 [51/51 (100.0%)] Loss: 2.4349 Acc: 0.2188
2025-11-23 22:25:19,913 - LeNet5_NumPy_logger - INFO - Epoch 1 [61/61 (100.0%)] Loss: 2.3063 Acc: 0.2188
2025-11-23 22:25:20,343 - LeNet5_NumPy_logger - INFO - Epoch 1 [71/71 (100.0%)] Loss: 2.4489 Acc: 0.1875
2025-11-23 22:25:20,701 - LeNet5_NumPy_logger - INFO - Epoch 1 [81/81 (100.0%)] Loss: 2.2950 Acc: 0.1250
2025-11-23 22:25:21,216 - LeNet5_NumPy_logger - INFO - Epoch 1 [91/91 (100.0%)] Loss: 2.3449 Acc: 0.1250
2025-11-23 22:25:21,585 - LeNet5_NumPy_logger - INFO - Epoch 1 [101/101 (100.0%)] Loss: 2.3058 Acc: 0.1562
2025-11-23 22:25:21,958 - LeNet5_NumPy_logger - INFO - Epoch 1 [111/111 (100.0%)] Loss: 2.3981 Acc: 0.1250
2025-11-23 22:25:22,370 - LeNet5_NumPy_logger - INFO - Epoch 1 [121/121 (100.0%)] Loss: 2.3405 Acc: 0.2188
2025-11-23 22:25:22,729 - LeNet5_NumPy_logger - INFO - Epoch 1 [131/131 (100.0%)] Loss: 2.3144 Acc: 0.1562
2025-11-23 22:25:23,071 - LeNet5_NumPy_logger - INFO - Epoch 1 [141/141 (100.0%)] Loss: 2.2347 Acc: 0.2188
2025-11-23 22:25:23,556 - LeNet5_NumPy_logger - INFO - Epoch 1 [151/151 (100.0%)] Loss: 2.3432 Acc: 0.1250
2025-11-23 22:25:23,914 - LeNet5_NumPy_logger - INFO - Epoch 1 [161/161 (100.0%)] Loss: 2.3969 Acc: 0.2188
2025-11-23 22:25:24,255 - LeNet5_NumPy_logger - INFO - Epoch 1 [171/171 (100.0%)] Loss: 2.4401 Acc: 0.1250
2025-11-23 22:25:24,629 - LeNet5_NumPy_logger - INFO - Epoch 1 [181/181 (100.0%)] Loss: 2.3047 Acc: 0.1250
2025-11-23 22:25:25,065 - LeNet5_NumPy_logger - INFO - Epoch 1 [191/191 (100.0%)] Loss: 2.2568 Acc: 0.1875
2025-11-23 22:25:25,489 - LeNet5_NumPy_logger - INFO - Epoch 1 [201/201 (100.0%)] Loss: 2.3191 Acc: 0.1250
2025-11-23 22:25:26,037 - LeNet5_NumPy_logger - INFO - Epoch 1 [211/211 (100.0%)] Loss: 2.2830 Acc: 0.1875
2025-11-23 22:25:26,440 - LeNet5_NumPy_logger - INFO - Epoch 1 [221/221 (100.0%)] Loss: 2.3691 Acc: 0.1250
2025-11-23 22:25:26,763 - LeNet5_NumPy_logger - INFO - Epoch 1 [231/231 (100.0%)] Loss: 2.3399 Acc: 0.0625
2025-11-23 22:25:27,173 - LeNet5_NumPy_logger - INFO - Epoch 1 [241/241 (100.0%)] Loss: 2.2391 Acc: 0.3125
2025-11-23 22:25:27,578 - LeNet5_NumPy_logger - INFO - Epoch 1 [251/251 (100.0%)] Loss: 2.3018 Acc: 0.1875
2025-11-23 22:25:27,989 - LeNet5_NumPy_logger - INFO - Epoch 1 [261/261 (100.0%)] Loss: 2.3398 Acc: 0.1250
2025-11-23 22:25:28,473 - LeNet5_NumPy_logger - INFO - Epoch 1 [271/271 (100.0%)] Loss: 2.3140 Acc: 0.1250
2025-11-23 22:25:28,824 - LeNet5_NumPy_logger - INFO - Epoch 1 [281/281 (100.0%)] Loss: 2.3296 Acc: 0.0625
2025-11-23 22:25:29,266 - LeNet5_NumPy_logger - INFO - Epoch 1 [291/291 (100.0%)] Loss: 2.3118 Acc: 0.1250
2025-11-23 22:25:29,606 - LeNet5_NumPy_logger - INFO - Epoch 1 [301/301 (100.0%)] Loss: 2.3014 Acc: 0.2188
2025-11-23 22:25:29,974 - LeNet5_NumPy_logger - INFO - Epoch 1 [311/311 (100.0%)] Loss: 2.3014 Acc: 0.1562
2025-11-23 22:25:30,393 - LeNet5_NumPy_logger - INFO - Epoch 1 [321/321 (100.0%)] Loss: 2.3286 Acc: 0.1875
2025-11-23 22:25:30,852 - LeNet5_NumPy_logger - INFO - Epoch 1 [331/331 (100.0%)] Loss: 2.3212 Acc: 0.2188
2025-11-23 22:25:31,254 - LeNet5_NumPy_logger - INFO - Epoch 1 [341/341 (100.0%)] Loss: 2.2593 Acc: 0.2500
2025-11-23 22:25:31,627 - LeNet5_NumPy_logger - INFO - Epoch 1 [351/351 (100.0%)] Loss: 2.3188 Acc: 0.1250
2025-11-23 22:25:32,011 - LeNet5_NumPy_logger - INFO - Epoch 1 [361/361 (100.0%)] Loss: 2.3342 Acc: 0.1250
2025-11-23 22:25:32,388 - LeNet5_NumPy_logger - INFO - Epoch 1 [371/371 (100.0%)] Loss: 2.3607 Acc: 0.0312
2025-11-23 22:25:32,793 - LeNet5_NumPy_logger - INFO - Epoch 1 [381/381 (100.0%)] Loss: 2.3435 Acc: 0.0938
2025-11-23 22:25:33,251 - LeNet5_NumPy_logger - INFO - Epoch 1 [391/391 (100.0%)] Loss: 2.3063 Acc: 0.0625
2025-11-23 22:25:33,628 - LeNet5_NumPy_logger - INFO - Epoch 1 [401/401 (100.0%)] Loss: 2.3188 Acc: 0.2188
2025-11-23 22:25:34,009 - LeNet5_NumPy_logger - INFO - Epoch 1 [411/411 (100.0%)] Loss: 2.2964 Acc: 0.1562
2025-11-23 22:25:34,409 - LeNet5_NumPy_logger - INFO - Epoch 1 [421/421 (100.0%)] Loss: 2.2828 Acc: 0.1562
2025-11-23 22:25:34,838 - LeNet5_NumPy_logger - INFO - Epoch 1 [431/431 (100.0%)] Loss: 2.3296 Acc: 0.0938
2025-11-23 22:25:35,199 - LeNet5_NumPy_logger - INFO - Epoch 1 [441/441 (100.0%)] Loss: 2.3336 Acc: 0.1875
2025-11-23 22:25:35,628 - LeNet5_NumPy_logger - INFO - Epoch 1 [451/451 (100.0%)] Loss: 2.2957 Acc: 0.1875
2025-11-23 22:25:36,122 - LeNet5_NumPy_logger - INFO - Epoch 1 [461/461 (100.0%)] Loss: 2.3338 Acc: 0.2500
2025-11-23 22:25:36,476 - LeNet5_NumPy_logger - INFO - Epoch 1 [471/471 (100.0%)] Loss: 2.2860 Acc: 0.1562
2025-11-23 22:25:36,839 - LeNet5_NumPy_logger - INFO - Epoch 1 [481/481 (100.0%)] Loss: 2.2984 Acc: 0.1250
2025-11-23 22:25:37,233 - LeNet5_NumPy_logger - INFO - Epoch 1 [491/491 (100.0%)] Loss: 2.3007 Acc: 0.1250
2025-11-23 22:25:37,581 - LeNet5_NumPy_logger - INFO - Epoch 1 [501/501 (100.0%)] Loss: 2.3589 Acc: 0.1562
2025-11-23 22:25:38,006 - LeNet5_NumPy_logger - INFO - Epoch 1 [511/511 (100.0%)] Loss: 2.3027 Acc: 0.1562
2025-11-23 22:25:38,359 - LeNet5_NumPy_logger - INFO - Epoch 1 [521/521 (100.0%)] Loss: 2.2896 Acc: 0.1562
2025-11-23 22:25:38,698 - LeNet5_NumPy_logger - INFO - Epoch 1 [531/531 (100.0%)] Loss: 2.3726 Acc: 0.0938
2025-11-23 22:25:39,063 - LeNet5_NumPy_logger - INFO - Epoch 1 [541/541 (100.0%)] Loss: 2.2970 Acc: 0.0938
2025-11-23 22:25:39,520 - LeNet5_NumPy_logger - INFO - Epoch 1 [551/551 (100.0%)] Loss: 2.3139 Acc: 0.1250
2025-11-23 22:25:39,855 - LeNet5_NumPy_logger - INFO - Epoch 1 [561/561 (100.0%)] Loss: 2.3248 Acc: 0.0938
2025-11-23 22:25:40,277 - LeNet5_NumPy_logger - INFO - Epoch 1 [571/571 (100.0%)] Loss: 2.2995 Acc: 0.1562
2025-11-23 22:25:40,611 - LeNet5_NumPy_logger - INFO - Epoch 1 [581/581 (100.0%)] Loss: 2.3063 Acc: 0.0312
2025-11-23 22:25:40,936 - LeNet5_NumPy_logger - INFO - Epoch 1 [591/591 (100.0%)] Loss: 2.3089 Acc: 0.0938
2025-11-23 22:25:41,299 - LeNet5_NumPy_logger - INFO - Epoch 1 [601/601 (100.0%)] Loss: 2.2951 Acc: 0.1562
2025-11-23 22:25:41,743 - LeNet5_NumPy_logger - INFO - Epoch 1 [611/611 (100.0%)] Loss: 2.3142 Acc: 0.1875
2025-11-23 22:25:42,124 - LeNet5_NumPy_logger - INFO - Epoch 1 [621/621 (100.0%)] Loss: 2.3544 Acc: 0.1250
2025-11-23 22:25:42,571 - LeNet5_NumPy_logger - INFO - Epoch 1 [631/631 (100.0%)] Loss: 2.3112 Acc: 0.1562
2025-11-23 22:25:42,919 - LeNet5_NumPy_logger - INFO - Epoch 1 [641/641 (100.0%)] Loss: 2.3193 Acc: 0.1250
2025-11-23 22:25:43,256 - LeNet5_NumPy_logger - INFO - Epoch 1 [651/651 (100.0%)] Loss: 2.3327 Acc: 0.0312
2025-11-23 22:25:43,601 - LeNet5_NumPy_logger - INFO - Epoch 1 [661/661 (100.0%)] Loss: 2.3022 Acc: 0.2500
2025-11-23 22:25:44,024 - LeNet5_NumPy_logger - INFO - Epoch 1 [671/671 (100.0%)] Loss: 2.3015 Acc: 0.1562
2025-11-23 22:25:44,391 - LeNet5_NumPy_logger - INFO - Epoch 1 [681/681 (100.0%)] Loss: 2.3025 Acc: 0.1250
2025-11-23 22:25:44,829 - LeNet5_NumPy_logger - INFO - Epoch 1 [691/691 (100.0%)] Loss: 2.3114 Acc: 0.1875
2025-11-23 22:25:45,206 - LeNet5_NumPy_logger - INFO - Epoch 1 [701/701 (100.0%)] Loss: 2.2735 Acc: 0.1562
2025-11-23 22:25:45,602 - LeNet5_NumPy_logger - INFO - Epoch 1 [711/711 (100.0%)] Loss: 2.2715 Acc: 0.1562
2025-11-23 22:25:45,966 - LeNet5_NumPy_logger - INFO - Epoch 1 [721/721 (100.0%)] Loss: 2.3000 Acc: 0.1250
2025-11-23 22:25:46,356 - LeNet5_NumPy_logger - INFO - Epoch 1 [731/731 (100.0%)] Loss: 2.3472 Acc: 0.1250
2025-11-23 22:25:46,828 - LeNet5_NumPy_logger - INFO - Epoch 1 [741/741 (100.0%)] Loss: 2.2994 Acc: 0.1562
2025-11-23 22:25:47,322 - LeNet5_NumPy_logger - INFO - Epoch 1 [751/751 (100.0%)] Loss: 2.2822 Acc: 0.1250
2025-11-23 22:25:47,674 - LeNet5_NumPy_logger - INFO - Epoch 1 [761/761 (100.0%)] Loss: 2.3126 Acc: 0.2188
2025-11-23 22:25:48,032 - LeNet5_NumPy_logger - INFO - Epoch 1 [771/771 (100.0%)] Loss: 2.2947 Acc: 0.0938
2025-11-23 22:25:48,477 - LeNet5_NumPy_logger - INFO - Epoch 1 [781/781 (100.0%)] Loss: 2.2905 Acc: 0.1562
2025-11-23 22:25:48,885 - LeNet5_NumPy_logger - INFO - Epoch 1 [791/791 (100.0%)] Loss: 2.3186 Acc: 0.1562
2025-11-23 22:25:49,252 - LeNet5_NumPy_logger - INFO - Epoch 1 [801/801 (100.0%)] Loss: 2.2963 Acc: 0.1250
2025-11-23 22:25:49,703 - LeNet5_NumPy_logger - INFO - Epoch 1 [811/811 (100.0%)] Loss: 2.2920 Acc: 0.0938
2025-11-23 22:25:50,071 - LeNet5_NumPy_logger - INFO - Epoch 1 [821/821 (100.0%)] Loss: 2.3011 Acc: 0.0938
2025-11-23 22:25:50,478 - LeNet5_NumPy_logger - INFO - Epoch 1 [831/831 (100.0%)] Loss: 2.2864 Acc: 0.0625
2025-11-23 22:25:50,828 - LeNet5_NumPy_logger - INFO - Epoch 1 [841/841 (100.0%)] Loss: 2.2749 Acc: 0.1250
2025-11-23 22:25:51,241 - LeNet5_NumPy_logger - INFO - Epoch 1 [851/851 (100.0%)] Loss: 2.2943 Acc: 0.0938
2025-11-23 22:25:51,608 - LeNet5_NumPy_logger - INFO - Epoch 1 [861/861 (100.0%)] Loss: 2.2975 Acc: 0.1562
2025-11-23 22:25:52,085 - LeNet5_NumPy_logger - INFO - Epoch 1 [871/871 (100.0%)] Loss: 2.3465 Acc: 0.0625
2025-11-23 22:25:52,441 - LeNet5_NumPy_logger - INFO - Epoch 1 [881/881 (100.0%)] Loss: 2.2940 Acc: 0.1250
2025-11-23 22:25:52,830 - LeNet5_NumPy_logger - INFO - Epoch 1 [891/891 (100.0%)] Loss: 2.2928 Acc: 0.1875
2025-11-23 22:25:53,200 - LeNet5_NumPy_logger - INFO - Epoch 1 [901/901 (100.0%)] Loss: 2.3036 Acc: 0.2500
2025-11-23 22:25:53,569 - LeNet5_NumPy_logger - INFO - Epoch 1 [911/911 (100.0%)] Loss: 2.2797 Acc: 0.2812
2025-11-23 22:25:54,003 - LeNet5_NumPy_logger - INFO - Epoch 1 [921/921 (100.0%)] Loss: 2.3005 Acc: 0.1250
2025-11-23 22:25:54,461 - LeNet5_NumPy_logger - INFO - Epoch 1 [931/931 (100.0%)] Loss: 2.3145 Acc: 0.1875
2025-11-23 22:25:54,820 - LeNet5_NumPy_logger - INFO - Epoch 1 [941/941 (100.0%)] Loss: 2.3129 Acc: 0.0625
2025-11-23 22:25:55,252 - LeNet5_NumPy_logger - INFO - Epoch 1 [951/951 (100.0%)] Loss: 2.3747 Acc: 0.1875
2025-11-23 22:25:55,598 - LeNet5_NumPy_logger - INFO - Epoch 1 [961/961 (100.0%)] Loss: 2.2422 Acc: 0.4062
2025-11-23 22:25:55,954 - LeNet5_NumPy_logger - INFO - Epoch 1 [971/971 (100.0%)] Loss: 2.2661 Acc: 0.1250
2025-11-23 22:25:56,325 - LeNet5_NumPy_logger - INFO - Epoch 1 [981/981 (100.0%)] Loss: 2.2442 Acc: 0.2188
2025-11-23 22:25:56,765 - LeNet5_NumPy_logger - INFO - Epoch 1 [991/991 (100.0%)] Loss: 2.3494 Acc: 0.0938
2025-11-23 22:25:57,144 - LeNet5_NumPy_logger - INFO - Epoch 1 [1001/1001 (100.0%)] Loss: 2.3011 Acc: 0.1562
2025-11-23 22:25:57,499 - LeNet5_NumPy_logger - INFO - Epoch 1 [1011/1011 (100.0%)] Loss: 2.2379 Acc: 0.2812
2025-11-23 22:25:57,872 - LeNet5_NumPy_logger - INFO - Epoch 1 [1021/1021 (100.0%)] Loss: 2.2676 Acc: 0.2188
2025-11-23 22:25:58,233 - LeNet5_NumPy_logger - INFO - Epoch 1 [1031/1031 (100.0%)] Loss: 2.3216 Acc: 0.2500
2025-11-23 22:25:58,601 - LeNet5_NumPy_logger - INFO - Epoch 1 [1041/1041 (100.0%)] Loss: 2.2677 Acc: 0.2812
2025-11-23 22:25:59,037 - LeNet5_NumPy_logger - INFO - Epoch 1 [1051/1051 (100.0%)] Loss: 2.2318 Acc: 0.2812
2025-11-23 22:25:59,475 - LeNet5_NumPy_logger - INFO - Epoch 1 [1061/1061 (100.0%)] Loss: 2.2498 Acc: 0.2188
2025-11-23 22:25:59,834 - LeNet5_NumPy_logger - INFO - Epoch 1 [1071/1071 (100.0%)] Loss: 2.2272 Acc: 0.2188
2025-11-23 22:26:00,185 - LeNet5_NumPy_logger - INFO - Epoch 1 [1081/1081 (100.0%)] Loss: 2.2323 Acc: 0.3125
2025-11-23 22:26:00,566 - LeNet5_NumPy_logger - INFO - Epoch 1 [1091/1091 (100.0%)] Loss: 2.2063 Acc: 0.2812
2025-11-23 22:26:00,927 - LeNet5_NumPy_logger - INFO - Epoch 1 [1101/1101 (100.0%)] Loss: 2.2312 Acc: 0.2812
2025-11-23 22:26:01,376 - LeNet5_NumPy_logger - INFO - Epoch 1 [1111/1111 (100.0%)] Loss: 2.2219 Acc: 0.2188
2025-11-23 22:26:01,790 - LeNet5_NumPy_logger - INFO - Epoch 1 [1121/1121 (100.0%)] Loss: 2.0477 Acc: 0.3750
2025-11-23 22:26:02,146 - LeNet5_NumPy_logger - INFO - Epoch 1 [1131/1131 (100.0%)] Loss: 2.1284 Acc: 0.2500
2025-11-23 22:26:02,511 - LeNet5_NumPy_logger - INFO - Epoch 1 [1141/1141 (100.0%)] Loss: 1.9885 Acc: 0.4062
2025-11-23 22:26:02,929 - LeNet5_NumPy_logger - INFO - Epoch 1 [1151/1151 (100.0%)] Loss: 2.0869 Acc: 0.3438
2025-11-23 22:26:03,304 - LeNet5_NumPy_logger - INFO - Epoch 1 [1161/1161 (100.0%)] Loss: 2.2184 Acc: 0.1875
2025-11-23 22:26:03,719 - LeNet5_NumPy_logger - INFO - Epoch 1 [1171/1171 (100.0%)] Loss: 1.9338 Acc: 0.4062
2025-11-23 22:26:04,137 - LeNet5_NumPy_logger - INFO - Epoch 1 [1181/1181 (100.0%)] Loss: 2.0659 Acc: 0.3438
2025-11-23 22:26:04,514 - LeNet5_NumPy_logger - INFO - Epoch 1 [1191/1191 (100.0%)] Loss: 2.0129 Acc: 0.3438
2025-11-23 22:26:04,872 - LeNet5_NumPy_logger - INFO - Epoch 1 [1201/1201 (100.0%)] Loss: 2.0201 Acc: 0.3438
2025-11-23 22:26:05,283 - LeNet5_NumPy_logger - INFO - Epoch 1 [1211/1211 (100.0%)] Loss: 1.8781 Acc: 0.3125
2025-11-23 22:26:05,663 - LeNet5_NumPy_logger - INFO - Epoch 1 [1221/1221 (100.0%)] Loss: 1.8737 Acc: 0.3750
2025-11-23 22:26:06,188 - LeNet5_NumPy_logger - INFO - Epoch 1 [1231/1231 (100.0%)] Loss: 1.8617 Acc: 0.3750
2025-11-23 22:26:06,521 - LeNet5_NumPy_logger - INFO - Epoch 1 [1241/1241 (100.0%)] Loss: 1.8059 Acc: 0.4375
2025-11-23 22:26:06,863 - LeNet5_NumPy_logger - INFO - Epoch 1 [1251/1251 (100.0%)] Loss: 1.7689 Acc: 0.6250
2025-11-23 22:26:07,288 - LeNet5_NumPy_logger - INFO - Epoch 1 [1261/1261 (100.0%)] Loss: 1.7071 Acc: 0.5938
2025-11-23 22:26:07,663 - LeNet5_NumPy_logger - INFO - Epoch 1 [1271/1271 (100.0%)] Loss: 1.6808 Acc: 0.6562
2025-11-23 22:26:08,055 - LeNet5_NumPy_logger - INFO - Epoch 1 [1281/1281 (100.0%)] Loss: 1.5513 Acc: 0.6250
2025-11-23 22:26:08,576 - LeNet5_NumPy_logger - INFO - Epoch 1 [1291/1291 (100.0%)] Loss: 1.8108 Acc: 0.5000
2025-11-23 22:26:08,917 - LeNet5_NumPy_logger - INFO - Epoch 1 [1301/1301 (100.0%)] Loss: 1.5210 Acc: 0.5938
2025-11-23 22:26:09,311 - LeNet5_NumPy_logger - INFO - Epoch 1 [1311/1311 (100.0%)] Loss: 1.3477 Acc: 0.6562
2025-11-23 22:26:09,704 - LeNet5_NumPy_logger - INFO - Epoch 1 [1321/1321 (100.0%)] Loss: 1.5659 Acc: 0.5000
2025-11-23 22:26:10,119 - LeNet5_NumPy_logger - INFO - Epoch 1 [1331/1331 (100.0%)] Loss: 1.6454 Acc: 0.5625
2025-11-23 22:26:10,482 - LeNet5_NumPy_logger - INFO - Epoch 1 [1341/1341 (100.0%)] Loss: 1.3015 Acc: 0.8125
2025-11-23 22:26:10,945 - LeNet5_NumPy_logger - INFO - Epoch 1 [1351/1351 (100.0%)] Loss: 1.4572 Acc: 0.5312
2025-11-23 22:26:11,317 - LeNet5_NumPy_logger - INFO - Epoch 1 [1361/1361 (100.0%)] Loss: 1.3388 Acc: 0.6562
2025-11-23 22:26:11,697 - LeNet5_NumPy_logger - INFO - Epoch 1 [1371/1371 (100.0%)] Loss: 1.0886 Acc: 0.5938
2025-11-23 22:26:12,071 - LeNet5_NumPy_logger - INFO - Epoch 1 [1381/1381 (100.0%)] Loss: 1.0947 Acc: 0.8125
2025-11-23 22:26:12,431 - LeNet5_NumPy_logger - INFO - Epoch 1 [1391/1391 (100.0%)] Loss: 1.3034 Acc: 0.6875
2025-11-23 22:26:12,807 - LeNet5_NumPy_logger - INFO - Epoch 1 [1401/1401 (100.0%)] Loss: 0.9443 Acc: 0.8750
2025-11-23 22:26:13,257 - LeNet5_NumPy_logger - INFO - Epoch 1 [1411/1411 (100.0%)] Loss: 0.8168 Acc: 0.8750
2025-11-23 22:26:13,609 - LeNet5_NumPy_logger - INFO - Epoch 1 [1421/1421 (100.0%)] Loss: 1.1931 Acc: 0.6250
2025-11-23 22:26:14,076 - LeNet5_NumPy_logger - INFO - Epoch 1 [1431/1431 (100.0%)] Loss: 0.7873 Acc: 0.7500
2025-11-23 22:26:14,416 - LeNet5_NumPy_logger - INFO - Epoch 1 [1441/1441 (100.0%)] Loss: 0.8772 Acc: 0.7500
2025-11-23 22:26:14,784 - LeNet5_NumPy_logger - INFO - Epoch 1 [1451/1451 (100.0%)] Loss: 0.7109 Acc: 0.8438
2025-11-23 22:26:15,237 - LeNet5_NumPy_logger - INFO - Epoch 1 [1461/1461 (100.0%)] Loss: 0.9758 Acc: 0.8125
2025-11-23 22:26:15,726 - LeNet5_NumPy_logger - INFO - Epoch 1 [1471/1471 (100.0%)] Loss: 0.9496 Acc: 0.8750
2025-11-23 22:26:16,129 - LeNet5_NumPy_logger - INFO - Epoch 1 [1481/1481 (100.0%)] Loss: 0.7570 Acc: 0.9062
2025-11-23 22:26:16,531 - LeNet5_NumPy_logger - INFO - Epoch 1 [1491/1491 (100.0%)] Loss: 0.7232 Acc: 0.8750
2025-11-23 22:26:16,882 - LeNet5_NumPy_logger - INFO - Epoch 1 [1501/1501 (100.0%)] Loss: 0.7951 Acc: 0.7812
2025-11-23 22:26:17,238 - LeNet5_NumPy_logger - INFO - Epoch 1 [1511/1511 (100.0%)] Loss: 0.5087 Acc: 0.9062
2025-11-23 22:26:17,595 - LeNet5_NumPy_logger - INFO - Epoch 1 [1521/1521 (100.0%)] Loss: 0.8175 Acc: 0.8125
2025-11-23 22:26:18,057 - LeNet5_NumPy_logger - INFO - Epoch 1 [1531/1531 (100.0%)] Loss: 0.6969 Acc: 0.8438
2025-11-23 22:26:18,461 - LeNet5_NumPy_logger - INFO - Epoch 1 [1541/1541 (100.0%)] Loss: 0.6236 Acc: 0.9062
2025-11-23 22:26:18,817 - LeNet5_NumPy_logger - INFO - Epoch 1 [1551/1551 (100.0%)] Loss: 0.6351 Acc: 0.9062
2025-11-23 22:26:19,180 - LeNet5_NumPy_logger - INFO - Epoch 1 [1561/1561 (100.0%)] Loss: 0.7683 Acc: 0.8125
2025-11-23 22:26:19,600 - LeNet5_NumPy_logger - INFO - Epoch 1 [1571/1571 (100.0%)] Loss: 0.4359 Acc: 0.9375
2025-11-23 22:26:19,938 - LeNet5_NumPy_logger - INFO - Epoch 1 [1581/1581 (100.0%)] Loss: 0.6290 Acc: 0.9062
2025-11-23 22:26:20,404 - LeNet5_NumPy_logger - INFO - Epoch 1 [1591/1591 (100.0%)] Loss: 0.4045 Acc: 0.9375
2025-11-23 22:26:20,824 - LeNet5_NumPy_logger - INFO - Epoch 1 [1601/1601 (100.0%)] Loss: 0.5191 Acc: 0.9062
2025-11-23 22:26:21,233 - LeNet5_NumPy_logger - INFO - Epoch 1 [1611/1611 (100.0%)] Loss: 0.5784 Acc: 0.8438
2025-11-23 22:26:21,605 - LeNet5_NumPy_logger - INFO - Epoch 1 [1621/1621 (100.0%)] Loss: 0.5006 Acc: 0.9375
2025-11-23 22:26:22,041 - LeNet5_NumPy_logger - INFO - Epoch 1 [1631/1631 (100.0%)] Loss: 0.6423 Acc: 0.8750
2025-11-23 22:26:22,373 - LeNet5_NumPy_logger - INFO - Epoch 1 [1641/1641 (100.0%)] Loss: 0.3931 Acc: 0.9375
2025-11-23 22:26:22,820 - LeNet5_NumPy_logger - INFO - Epoch 1 [1651/1651 (100.0%)] Loss: 0.3490 Acc: 0.9375
2025-11-23 22:26:23,160 - LeNet5_NumPy_logger - INFO - Epoch 1 [1661/1661 (100.0%)] Loss: 0.6330 Acc: 0.8438
2025-11-23 22:26:23,525 - LeNet5_NumPy_logger - INFO - Epoch 1 [1671/1671 (100.0%)] Loss: 0.4452 Acc: 0.8750
2025-11-23 22:26:23,968 - LeNet5_NumPy_logger - INFO - Epoch 1 [1681/1681 (100.0%)] Loss: 0.4676 Acc: 0.9375
2025-11-23 22:26:24,318 - LeNet5_NumPy_logger - INFO - Epoch 1 [1691/1691 (100.0%)] Loss: 0.4230 Acc: 0.9375
2025-11-23 22:26:24,688 - LeNet5_NumPy_logger - INFO - Epoch 1 [1701/1701 (100.0%)] Loss: 0.4578 Acc: 0.9062
2025-11-23 22:26:25,138 - LeNet5_NumPy_logger - INFO - Epoch 1 [1711/1711 (100.0%)] Loss: 0.7190 Acc: 0.9062
2025-11-23 22:26:25,499 - LeNet5_NumPy_logger - INFO - Epoch 1 [1721/1721 (100.0%)] Loss: 0.7571 Acc: 0.8438
2025-11-23 22:26:25,878 - LeNet5_NumPy_logger - INFO - Epoch 1 [1731/1731 (100.0%)] Loss: 0.4001 Acc: 0.9688
2025-11-23 22:26:26,282 - LeNet5_NumPy_logger - INFO - Epoch 1 [1741/1741 (100.0%)] Loss: 0.5133 Acc: 0.9375
2025-11-23 22:26:26,658 - LeNet5_NumPy_logger - INFO - Epoch 1 [1751/1751 (100.0%)] Loss: 0.2209 Acc: 1.0000
2025-11-23 22:26:27,063 - LeNet5_NumPy_logger - INFO - Epoch 1 [1761/1761 (100.0%)] Loss: 0.3803 Acc: 0.9062
2025-11-23 22:26:27,601 - LeNet5_NumPy_logger - INFO - Epoch 1 [1771/1771 (100.0%)] Loss: 0.4526 Acc: 0.9375
2025-11-23 22:26:28,003 - LeNet5_NumPy_logger - INFO - Epoch 1 [1781/1781 (100.0%)] Loss: 0.5514 Acc: 0.8438
2025-11-23 22:26:28,367 - LeNet5_NumPy_logger - INFO - Epoch 1 [1791/1791 (100.0%)] Loss: 0.4775 Acc: 0.8750
2025-11-23 22:26:28,787 - LeNet5_NumPy_logger - INFO - Epoch 1 [1801/1801 (100.0%)] Loss: 0.6777 Acc: 0.9062
2025-11-23 22:26:29,152 - LeNet5_NumPy_logger - INFO - Epoch 1 [1811/1811 (100.0%)] Loss: 0.5859 Acc: 0.8125
2025-11-23 22:26:29,498 - LeNet5_NumPy_logger - INFO - Epoch 1 [1821/1821 (100.0%)] Loss: 0.3476 Acc: 0.8750
2025-11-23 22:26:30,040 - LeNet5_NumPy_logger - INFO - Epoch 1 [1831/1831 (100.0%)] Loss: 0.4022 Acc: 0.8750
2025-11-23 22:26:30,391 - LeNet5_NumPy_logger - INFO - Epoch 1 [1841/1841 (100.0%)] Loss: 0.6416 Acc: 0.8438
2025-11-23 22:26:30,754 - LeNet5_NumPy_logger - INFO - Epoch 1 [1851/1851 (100.0%)] Loss: 0.3421 Acc: 0.9688
2025-11-23 22:26:31,191 - LeNet5_NumPy_logger - INFO - Epoch 1 [1861/1861 (100.0%)] Loss: 0.1907 Acc: 1.0000
2025-11-23 22:26:31,551 - LeNet5_NumPy_logger - INFO - Epoch 1 [1871/1871 (100.0%)] Loss: 0.2929 Acc: 0.9688
2025-11-23 22:26:35,203 - LeNet5_NumPy_logger - INFO - Epoch   1 | Train Loss: 1.7782 | Train Acc: 0.8430 | Val Loss: 0.4791 | Val Acc: 0.4791
2025-11-23 22:26:35,618 - LeNet5_NumPy_logger - INFO - Epoch 2 [1/1 (100.0%)] Loss: 0.2513 Acc: 0.9688
2025-11-23 22:26:35,980 - LeNet5_NumPy_logger - INFO - Epoch 2 [11/11 (100.0%)] Loss: 0.3989 Acc: 0.9062
2025-11-23 22:26:36,401 - LeNet5_NumPy_logger - INFO - Epoch 2 [21/21 (100.0%)] Loss: 0.2660 Acc: 0.9375
2025-11-23 22:26:36,792 - LeNet5_NumPy_logger - INFO - Epoch 2 [31/31 (100.0%)] Loss: 0.4463 Acc: 0.8750
2025-11-23 22:26:37,167 - LeNet5_NumPy_logger - INFO - Epoch 2 [41/41 (100.0%)] Loss: 0.4787 Acc: 0.9062
2025-11-23 22:26:37,684 - LeNet5_NumPy_logger - INFO - Epoch 2 [51/51 (100.0%)] Loss: 0.4816 Acc: 0.9375
2025-11-23 22:26:38,067 - LeNet5_NumPy_logger - INFO - Epoch 2 [61/61 (100.0%)] Loss: 0.1330 Acc: 1.0000
2025-11-23 22:26:38,412 - LeNet5_NumPy_logger - INFO - Epoch 2 [71/71 (100.0%)] Loss: 0.7792 Acc: 0.7500
2025-11-23 22:26:38,846 - LeNet5_NumPy_logger - INFO - Epoch 2 [81/81 (100.0%)] Loss: 0.2943 Acc: 0.9375
2025-11-23 22:26:39,230 - LeNet5_NumPy_logger - INFO - Epoch 2 [91/91 (100.0%)] Loss: 0.4036 Acc: 0.9062
2025-11-23 22:26:39,583 - LeNet5_NumPy_logger - INFO - Epoch 2 [101/101 (100.0%)] Loss: 0.2346 Acc: 0.9688
2025-11-23 22:26:40,083 - LeNet5_NumPy_logger - INFO - Epoch 2 [111/111 (100.0%)] Loss: 0.2431 Acc: 0.9688
2025-11-23 22:26:40,448 - LeNet5_NumPy_logger - INFO - Epoch 2 [121/121 (100.0%)] Loss: 0.3505 Acc: 0.8750
2025-11-23 22:26:40,842 - LeNet5_NumPy_logger - INFO - Epoch 2 [131/131 (100.0%)] Loss: 0.3583 Acc: 0.9688
2025-11-23 22:26:41,239 - LeNet5_NumPy_logger - INFO - Epoch 2 [141/141 (100.0%)] Loss: 0.4828 Acc: 0.9062
2025-11-23 22:26:41,563 - LeNet5_NumPy_logger - INFO - Epoch 2 [151/151 (100.0%)] Loss: 0.1510 Acc: 0.9688
2025-11-23 22:26:41,964 - LeNet5_NumPy_logger - INFO - Epoch 2 [161/161 (100.0%)] Loss: 0.3786 Acc: 0.9688
2025-11-23 22:26:42,450 - LeNet5_NumPy_logger - INFO - Epoch 2 [171/171 (100.0%)] Loss: 0.2884 Acc: 0.9375
2025-11-23 22:26:42,789 - LeNet5_NumPy_logger - INFO - Epoch 2 [181/181 (100.0%)] Loss: 0.2489 Acc: 0.9688
2025-11-23 22:26:43,117 - LeNet5_NumPy_logger - INFO - Epoch 2 [191/191 (100.0%)] Loss: 0.3783 Acc: 0.9375
2025-11-23 22:26:43,495 - LeNet5_NumPy_logger - INFO - Epoch 2 [201/201 (100.0%)] Loss: 0.6109 Acc: 0.8750
2025-11-23 22:26:43,883 - LeNet5_NumPy_logger - INFO - Epoch 2 [211/211 (100.0%)] Loss: 0.3569 Acc: 0.9062
2025-11-23 22:26:44,266 - LeNet5_NumPy_logger - INFO - Epoch 2 [221/221 (100.0%)] Loss: 0.5407 Acc: 0.9375
2025-11-23 22:26:44,730 - LeNet5_NumPy_logger - INFO - Epoch 2 [231/231 (100.0%)] Loss: 0.2801 Acc: 0.9375
2025-11-23 22:26:45,121 - LeNet5_NumPy_logger - INFO - Epoch 2 [241/241 (100.0%)] Loss: 0.3843 Acc: 0.9375
2025-11-23 22:26:45,471 - LeNet5_NumPy_logger - INFO - Epoch 2 [251/251 (100.0%)] Loss: 0.3334 Acc: 0.9375
2025-11-23 22:26:45,806 - LeNet5_NumPy_logger - INFO - Epoch 2 [261/261 (100.0%)] Loss: 0.6373 Acc: 0.8438
2025-11-23 22:26:46,239 - LeNet5_NumPy_logger - INFO - Epoch 2 [271/271 (100.0%)] Loss: 0.2655 Acc: 0.9688
2025-11-23 22:26:46,605 - LeNet5_NumPy_logger - INFO - Epoch 2 [281/281 (100.0%)] Loss: 0.4320 Acc: 0.9062
2025-11-23 22:26:47,070 - LeNet5_NumPy_logger - INFO - Epoch 2 [291/291 (100.0%)] Loss: 0.2249 Acc: 0.9375
2025-11-23 22:26:47,443 - LeNet5_NumPy_logger - INFO - Epoch 2 [301/301 (100.0%)] Loss: 0.2503 Acc: 0.9062
2025-11-23 22:26:47,784 - LeNet5_NumPy_logger - INFO - Epoch 2 [311/311 (100.0%)] Loss: 0.2932 Acc: 1.0000
2025-11-23 22:26:48,128 - LeNet5_NumPy_logger - INFO - Epoch 2 [321/321 (100.0%)] Loss: 0.6289 Acc: 0.8438
2025-11-23 22:26:48,534 - LeNet5_NumPy_logger - INFO - Epoch 2 [331/331 (100.0%)] Loss: 0.4146 Acc: 0.9688
2025-11-23 22:26:48,881 - LeNet5_NumPy_logger - INFO - Epoch 2 [341/341 (100.0%)] Loss: 0.4051 Acc: 0.9062
2025-11-23 22:26:49,347 - LeNet5_NumPy_logger - INFO - Epoch 2 [351/351 (100.0%)] Loss: 0.5871 Acc: 0.8750
2025-11-23 22:26:49,699 - LeNet5_NumPy_logger - INFO - Epoch 2 [361/361 (100.0%)] Loss: 0.5697 Acc: 0.8125
2025-11-23 22:26:50,042 - LeNet5_NumPy_logger - INFO - Epoch 2 [371/371 (100.0%)] Loss: 0.4345 Acc: 0.8750
2025-11-23 22:26:50,441 - LeNet5_NumPy_logger - INFO - Epoch 2 [381/381 (100.0%)] Loss: 0.1988 Acc: 1.0000
2025-11-23 22:26:50,806 - LeNet5_NumPy_logger - INFO - Epoch 2 [391/391 (100.0%)] Loss: 0.4024 Acc: 0.9062
2025-11-23 22:26:51,175 - LeNet5_NumPy_logger - INFO - Epoch 2 [401/401 (100.0%)] Loss: 0.4317 Acc: 0.9375
2025-11-23 22:26:51,659 - LeNet5_NumPy_logger - INFO - Epoch 2 [411/411 (100.0%)] Loss: 0.4906 Acc: 0.9062
2025-11-23 22:26:52,059 - LeNet5_NumPy_logger - INFO - Epoch 2 [421/421 (100.0%)] Loss: 0.6027 Acc: 0.9062
2025-11-23 22:26:52,421 - LeNet5_NumPy_logger - INFO - Epoch 2 [431/431 (100.0%)] Loss: 0.4401 Acc: 1.0000
2025-11-23 22:26:52,770 - LeNet5_NumPy_logger - INFO - Epoch 2 [441/441 (100.0%)] Loss: 0.2854 Acc: 0.9688
2025-11-23 22:26:53,101 - LeNet5_NumPy_logger - INFO - Epoch 2 [451/451 (100.0%)] Loss: 0.3890 Acc: 0.9062
2025-11-23 22:26:53,464 - LeNet5_NumPy_logger - INFO - Epoch 2 [461/461 (100.0%)] Loss: 0.1468 Acc: 1.0000
2025-11-23 22:26:53,907 - LeNet5_NumPy_logger - INFO - Epoch 2 [471/471 (100.0%)] Loss: 0.1457 Acc: 1.0000
2025-11-23 22:26:54,264 - LeNet5_NumPy_logger - INFO - Epoch 2 [481/481 (100.0%)] Loss: 0.2244 Acc: 0.9375
2025-11-23 22:26:54,633 - LeNet5_NumPy_logger - INFO - Epoch 2 [491/491 (100.0%)] Loss: 0.3023 Acc: 0.9688
2025-11-23 22:26:55,005 - LeNet5_NumPy_logger - INFO - Epoch 2 [501/501 (100.0%)] Loss: 0.2213 Acc: 0.9375
2025-11-23 22:26:55,376 - LeNet5_NumPy_logger - INFO - Epoch 2 [511/511 (100.0%)] Loss: 0.4577 Acc: 0.8438
2025-11-23 22:26:55,730 - LeNet5_NumPy_logger - INFO - Epoch 2 [521/521 (100.0%)] Loss: 0.4767 Acc: 0.9375
2025-11-23 22:26:56,226 - LeNet5_NumPy_logger - INFO - Epoch 2 [531/531 (100.0%)] Loss: 0.4881 Acc: 0.9062
2025-11-23 22:26:56,603 - LeNet5_NumPy_logger - INFO - Epoch 2 [541/541 (100.0%)] Loss: 0.2897 Acc: 0.9062
2025-11-23 22:26:56,945 - LeNet5_NumPy_logger - INFO - Epoch 2 [551/551 (100.0%)] Loss: 0.3649 Acc: 0.9375
2025-11-23 22:26:57,333 - LeNet5_NumPy_logger - INFO - Epoch 2 [561/561 (100.0%)] Loss: 0.3248 Acc: 0.9688
2025-11-23 22:26:57,703 - LeNet5_NumPy_logger - INFO - Epoch 2 [571/571 (100.0%)] Loss: 0.2993 Acc: 0.9375
2025-11-23 22:26:58,083 - LeNet5_NumPy_logger - INFO - Epoch 2 [581/581 (100.0%)] Loss: 0.4546 Acc: 0.8438
2025-11-23 22:26:58,547 - LeNet5_NumPy_logger - INFO - Epoch 2 [591/591 (100.0%)] Loss: 0.4042 Acc: 0.9688
2025-11-23 22:26:58,883 - LeNet5_NumPy_logger - INFO - Epoch 2 [601/601 (100.0%)] Loss: 0.1798 Acc: 0.9688
2025-11-23 22:26:59,235 - LeNet5_NumPy_logger - INFO - Epoch 2 [611/611 (100.0%)] Loss: 0.3363 Acc: 0.9375
2025-11-23 22:26:59,601 - LeNet5_NumPy_logger - INFO - Epoch 2 [621/621 (100.0%)] Loss: 0.4127 Acc: 0.9375
2025-11-23 22:26:59,946 - LeNet5_NumPy_logger - INFO - Epoch 2 [631/631 (100.0%)] Loss: 0.3691 Acc: 0.9062
2025-11-23 22:27:00,308 - LeNet5_NumPy_logger - INFO - Epoch 2 [641/641 (100.0%)] Loss: 0.3085 Acc: 0.9688
2025-11-23 22:27:00,804 - LeNet5_NumPy_logger - INFO - Epoch 2 [651/651 (100.0%)] Loss: 0.4177 Acc: 0.9375
2025-11-23 22:27:01,200 - LeNet5_NumPy_logger - INFO - Epoch 2 [661/661 (100.0%)] Loss: 0.2564 Acc: 0.9375
2025-11-23 22:27:01,638 - LeNet5_NumPy_logger - INFO - Epoch 2 [671/671 (100.0%)] Loss: 0.3082 Acc: 0.9375
2025-11-23 22:27:02,014 - LeNet5_NumPy_logger - INFO - Epoch 2 [681/681 (100.0%)] Loss: 0.3120 Acc: 0.9375
2025-11-23 22:27:02,388 - LeNet5_NumPy_logger - INFO - Epoch 2 [691/691 (100.0%)] Loss: 0.6284 Acc: 0.8125
2025-11-23 22:27:02,811 - LeNet5_NumPy_logger - INFO - Epoch 2 [701/701 (100.0%)] Loss: 0.3659 Acc: 0.9062
2025-11-23 22:27:03,253 - LeNet5_NumPy_logger - INFO - Epoch 2 [711/711 (100.0%)] Loss: 0.1712 Acc: 1.0000
2025-11-23 22:27:03,624 - LeNet5_NumPy_logger - INFO - Epoch 2 [721/721 (100.0%)] Loss: 0.4740 Acc: 0.9375
2025-11-23 22:27:04,007 - LeNet5_NumPy_logger - INFO - Epoch 2 [731/731 (100.0%)] Loss: 0.0723 Acc: 1.0000
2025-11-23 22:27:04,362 - LeNet5_NumPy_logger - INFO - Epoch 2 [741/741 (100.0%)] Loss: 0.5786 Acc: 0.9062
2025-11-23 22:27:04,720 - LeNet5_NumPy_logger - INFO - Epoch 2 [751/751 (100.0%)] Loss: 0.4224 Acc: 0.9375
2025-11-23 22:27:05,118 - LeNet5_NumPy_logger - INFO - Epoch 2 [761/761 (100.0%)] Loss: 0.2574 Acc: 0.9688
2025-11-23 22:27:05,559 - LeNet5_NumPy_logger - INFO - Epoch 2 [771/771 (100.0%)] Loss: 0.3050 Acc: 0.9062
2025-11-23 22:27:05,938 - LeNet5_NumPy_logger - INFO - Epoch 2 [781/781 (100.0%)] Loss: 0.3031 Acc: 0.9688
2025-11-23 22:27:06,336 - LeNet5_NumPy_logger - INFO - Epoch 2 [791/791 (100.0%)] Loss: 0.4899 Acc: 0.9062
2025-11-23 22:27:06,664 - LeNet5_NumPy_logger - INFO - Epoch 2 [801/801 (100.0%)] Loss: 0.5085 Acc: 0.9062
2025-11-23 22:27:07,028 - LeNet5_NumPy_logger - INFO - Epoch 2 [811/811 (100.0%)] Loss: 0.3044 Acc: 0.9375
2025-11-23 22:27:07,420 - LeNet5_NumPy_logger - INFO - Epoch 2 [821/821 (100.0%)] Loss: 0.2395 Acc: 0.9375
2025-11-23 22:27:07,859 - LeNet5_NumPy_logger - INFO - Epoch 2 [831/831 (100.0%)] Loss: 0.1365 Acc: 0.9688
2025-11-23 22:27:08,304 - LeNet5_NumPy_logger - INFO - Epoch 2 [841/841 (100.0%)] Loss: 0.2725 Acc: 0.9688
2025-11-23 22:27:08,692 - LeNet5_NumPy_logger - INFO - Epoch 2 [851/851 (100.0%)] Loss: 0.3268 Acc: 0.9688
2025-11-23 22:27:09,116 - LeNet5_NumPy_logger - INFO - Epoch 2 [861/861 (100.0%)] Loss: 0.3924 Acc: 0.9062
2025-11-23 22:27:09,595 - LeNet5_NumPy_logger - INFO - Epoch 2 [871/871 (100.0%)] Loss: 0.3060 Acc: 0.9688
2025-11-23 22:27:09,970 - LeNet5_NumPy_logger - INFO - Epoch 2 [881/881 (100.0%)] Loss: 0.3106 Acc: 0.9062
2025-11-23 22:27:10,470 - LeNet5_NumPy_logger - INFO - Epoch 2 [891/891 (100.0%)] Loss: 0.3580 Acc: 0.9688
2025-11-23 22:27:10,858 - LeNet5_NumPy_logger - INFO - Epoch 2 [901/901 (100.0%)] Loss: 0.2012 Acc: 0.9688
2025-11-23 22:27:11,260 - LeNet5_NumPy_logger - INFO - Epoch 2 [911/911 (100.0%)] Loss: 0.2590 Acc: 1.0000
2025-11-23 22:27:11,628 - LeNet5_NumPy_logger - INFO - Epoch 2 [921/921 (100.0%)] Loss: 0.4394 Acc: 0.9062
2025-11-23 22:27:12,008 - LeNet5_NumPy_logger - INFO - Epoch 2 [931/931 (100.0%)] Loss: 0.4398 Acc: 0.8750
2025-11-23 22:27:12,379 - LeNet5_NumPy_logger - INFO - Epoch 2 [941/941 (100.0%)] Loss: 0.3490 Acc: 0.9375
2025-11-23 22:27:12,901 - LeNet5_NumPy_logger - INFO - Epoch 2 [951/951 (100.0%)] Loss: 0.1145 Acc: 1.0000
2025-11-23 22:27:13,220 - LeNet5_NumPy_logger - INFO - Epoch 2 [961/961 (100.0%)] Loss: 0.1824 Acc: 1.0000
2025-11-23 22:27:13,571 - LeNet5_NumPy_logger - INFO - Epoch 2 [971/971 (100.0%)] Loss: 0.2139 Acc: 0.9688
2025-11-23 22:27:14,067 - LeNet5_NumPy_logger - INFO - Epoch 2 [981/981 (100.0%)] Loss: 0.2699 Acc: 0.9375
2025-11-23 22:27:14,434 - LeNet5_NumPy_logger - INFO - Epoch 2 [991/991 (100.0%)] Loss: 0.4736 Acc: 0.8750
2025-11-23 22:27:14,795 - LeNet5_NumPy_logger - INFO - Epoch 2 [1001/1001 (100.0%)] Loss: 0.3627 Acc: 0.9062
2025-11-23 22:27:15,270 - LeNet5_NumPy_logger - INFO - Epoch 2 [1011/1011 (100.0%)] Loss: 0.5028 Acc: 0.8125
2025-11-23 22:27:15,635 - LeNet5_NumPy_logger - INFO - Epoch 2 [1021/1021 (100.0%)] Loss: 0.1712 Acc: 1.0000
2025-11-23 22:27:15,998 - LeNet5_NumPy_logger - INFO - Epoch 2 [1031/1031 (100.0%)] Loss: 0.2045 Acc: 0.9688
2025-11-23 22:27:16,431 - LeNet5_NumPy_logger - INFO - Epoch 2 [1041/1041 (100.0%)] Loss: 0.4279 Acc: 0.9688
2025-11-23 22:27:16,820 - LeNet5_NumPy_logger - INFO - Epoch 2 [1051/1051 (100.0%)] Loss: 0.4809 Acc: 0.9062
2025-11-23 22:27:17,226 - LeNet5_NumPy_logger - INFO - Epoch 2 [1061/1061 (100.0%)] Loss: 0.2461 Acc: 0.9688
2025-11-23 22:27:17,724 - LeNet5_NumPy_logger - INFO - Epoch 2 [1071/1071 (100.0%)] Loss: 0.1946 Acc: 0.9688
2025-11-23 22:27:18,088 - LeNet5_NumPy_logger - INFO - Epoch 2 [1081/1081 (100.0%)] Loss: 0.2811 Acc: 0.9375
2025-11-23 22:27:18,468 - LeNet5_NumPy_logger - INFO - Epoch 2 [1091/1091 (100.0%)] Loss: 0.1993 Acc: 1.0000
2025-11-23 22:27:18,831 - LeNet5_NumPy_logger - INFO - Epoch 2 [1101/1101 (100.0%)] Loss: 0.1465 Acc: 1.0000
2025-11-23 22:27:19,183 - LeNet5_NumPy_logger - INFO - Epoch 2 [1111/1111 (100.0%)] Loss: 0.1614 Acc: 0.9688
2025-11-23 22:27:19,541 - LeNet5_NumPy_logger - INFO - Epoch 2 [1121/1121 (100.0%)] Loss: 0.2186 Acc: 1.0000
2025-11-23 22:27:20,012 - LeNet5_NumPy_logger - INFO - Epoch 2 [1131/1131 (100.0%)] Loss: 0.2924 Acc: 0.9688
2025-11-23 22:27:20,367 - LeNet5_NumPy_logger - INFO - Epoch 2 [1141/1141 (100.0%)] Loss: 0.1762 Acc: 1.0000
2025-11-23 22:27:20,785 - LeNet5_NumPy_logger - INFO - Epoch 2 [1151/1151 (100.0%)] Loss: 0.2376 Acc: 0.9375
2025-11-23 22:27:21,183 - LeNet5_NumPy_logger - INFO - Epoch 2 [1161/1161 (100.0%)] Loss: 0.4745 Acc: 0.9375
2025-11-23 22:27:21,526 - LeNet5_NumPy_logger - INFO - Epoch 2 [1171/1171 (100.0%)] Loss: 0.2680 Acc: 0.9375
2025-11-23 22:27:21,976 - LeNet5_NumPy_logger - INFO - Epoch 2 [1181/1181 (100.0%)] Loss: 0.0998 Acc: 1.0000
2025-11-23 22:27:22,409 - LeNet5_NumPy_logger - INFO - Epoch 2 [1191/1191 (100.0%)] Loss: 0.2024 Acc: 0.9688
2025-11-23 22:27:22,775 - LeNet5_NumPy_logger - INFO - Epoch 2 [1201/1201 (100.0%)] Loss: 0.2079 Acc: 0.9688
2025-11-23 22:27:23,143 - LeNet5_NumPy_logger - INFO - Epoch 2 [1211/1211 (100.0%)] Loss: 0.3182 Acc: 0.9688
2025-11-23 22:27:23,495 - LeNet5_NumPy_logger - INFO - Epoch 2 [1221/1221 (100.0%)] Loss: 0.1701 Acc: 0.9375
2025-11-23 22:27:23,968 - LeNet5_NumPy_logger - INFO - Epoch 2 [1231/1231 (100.0%)] Loss: 0.3352 Acc: 0.9375
2025-11-23 22:27:24,336 - LeNet5_NumPy_logger - INFO - Epoch 2 [1241/1241 (100.0%)] Loss: 0.1340 Acc: 0.9688
2025-11-23 22:27:24,783 - LeNet5_NumPy_logger - INFO - Epoch 2 [1251/1251 (100.0%)] Loss: 0.0351 Acc: 1.0000
2025-11-23 22:27:25,163 - LeNet5_NumPy_logger - INFO - Epoch 2 [1261/1261 (100.0%)] Loss: 0.1154 Acc: 1.0000
2025-11-23 22:27:25,537 - LeNet5_NumPy_logger - INFO - Epoch 2 [1271/1271 (100.0%)] Loss: 0.4237 Acc: 0.9375
2025-11-23 22:27:25,910 - LeNet5_NumPy_logger - INFO - Epoch 2 [1281/1281 (100.0%)] Loss: 0.1180 Acc: 1.0000
2025-11-23 22:27:26,417 - LeNet5_NumPy_logger - INFO - Epoch 2 [1291/1291 (100.0%)] Loss: 0.0374 Acc: 1.0000
2025-11-23 22:27:26,820 - LeNet5_NumPy_logger - INFO - Epoch 2 [1301/1301 (100.0%)] Loss: 0.3862 Acc: 0.9375
2025-11-23 22:27:27,300 - LeNet5_NumPy_logger - INFO - Epoch 2 [1311/1311 (100.0%)] Loss: 0.1979 Acc: 0.9375
2025-11-23 22:27:27,684 - LeNet5_NumPy_logger - INFO - Epoch 2 [1321/1321 (100.0%)] Loss: 0.2688 Acc: 0.9688
2025-11-23 22:27:28,027 - LeNet5_NumPy_logger - INFO - Epoch 2 [1331/1331 (100.0%)] Loss: 0.2525 Acc: 0.9688
2025-11-23 22:27:28,388 - LeNet5_NumPy_logger - INFO - Epoch 2 [1341/1341 (100.0%)] Loss: 0.3428 Acc: 0.9688
2025-11-23 22:27:28,763 - LeNet5_NumPy_logger - INFO - Epoch 2 [1351/1351 (100.0%)] Loss: 0.0617 Acc: 1.0000
2025-11-23 22:27:29,138 - LeNet5_NumPy_logger - INFO - Epoch 2 [1361/1361 (100.0%)] Loss: 0.3716 Acc: 0.9375
2025-11-23 22:27:29,647 - LeNet5_NumPy_logger - INFO - Epoch 2 [1371/1371 (100.0%)] Loss: 0.0974 Acc: 1.0000
2025-11-23 22:27:29,979 - LeNet5_NumPy_logger - INFO - Epoch 2 [1381/1381 (100.0%)] Loss: 0.3854 Acc: 0.9375
2025-11-23 22:27:30,314 - LeNet5_NumPy_logger - INFO - Epoch 2 [1391/1391 (100.0%)] Loss: 0.2227 Acc: 0.9688
2025-11-23 22:27:30,739 - LeNet5_NumPy_logger - INFO - Epoch 2 [1401/1401 (100.0%)] Loss: 0.2494 Acc: 0.9688
2025-11-23 22:27:31,147 - LeNet5_NumPy_logger - INFO - Epoch 2 [1411/1411 (100.0%)] Loss: 0.1935 Acc: 0.9688
2025-11-23 22:27:31,497 - LeNet5_NumPy_logger - INFO - Epoch 2 [1421/1421 (100.0%)] Loss: 0.5982 Acc: 0.9375
2025-11-23 22:27:31,981 - LeNet5_NumPy_logger - INFO - Epoch 2 [1431/1431 (100.0%)] Loss: 0.2036 Acc: 1.0000
2025-11-23 22:27:32,355 - LeNet5_NumPy_logger - INFO - Epoch 2 [1441/1441 (100.0%)] Loss: 0.0800 Acc: 1.0000
2025-11-23 22:27:32,704 - LeNet5_NumPy_logger - INFO - Epoch 2 [1451/1451 (100.0%)] Loss: 0.2258 Acc: 0.9688
2025-11-23 22:27:33,116 - LeNet5_NumPy_logger - INFO - Epoch 2 [1461/1461 (100.0%)] Loss: 0.4126 Acc: 0.9375
2025-11-23 22:27:33,482 - LeNet5_NumPy_logger - INFO - Epoch 2 [1471/1471 (100.0%)] Loss: 0.2928 Acc: 0.9375
2025-11-23 22:27:33,847 - LeNet5_NumPy_logger - INFO - Epoch 2 [1481/1481 (100.0%)] Loss: 0.5258 Acc: 0.9062
2025-11-23 22:27:34,304 - LeNet5_NumPy_logger - INFO - Epoch 2 [1491/1491 (100.0%)] Loss: 0.0748 Acc: 1.0000
2025-11-23 22:27:34,676 - LeNet5_NumPy_logger - INFO - Epoch 2 [1501/1501 (100.0%)] Loss: 0.1949 Acc: 0.9688
2025-11-23 22:27:35,026 - LeNet5_NumPy_logger - INFO - Epoch 2 [1511/1511 (100.0%)] Loss: 0.4456 Acc: 0.9375
2025-11-23 22:27:35,411 - LeNet5_NumPy_logger - INFO - Epoch 2 [1521/1521 (100.0%)] Loss: 0.1994 Acc: 0.9688
2025-11-23 22:27:35,776 - LeNet5_NumPy_logger - INFO - Epoch 2 [1531/1531 (100.0%)] Loss: 0.3007 Acc: 0.9375
2025-11-23 22:27:36,150 - LeNet5_NumPy_logger - INFO - Epoch 2 [1541/1541 (100.0%)] Loss: 0.2105 Acc: 0.9062
2025-11-23 22:27:36,622 - LeNet5_NumPy_logger - INFO - Epoch 2 [1551/1551 (100.0%)] Loss: 0.2867 Acc: 0.9688
2025-11-23 22:27:36,980 - LeNet5_NumPy_logger - INFO - Epoch 2 [1561/1561 (100.0%)] Loss: 0.1282 Acc: 1.0000
2025-11-23 22:27:37,374 - LeNet5_NumPy_logger - INFO - Epoch 2 [1571/1571 (100.0%)] Loss: 0.4183 Acc: 0.9688
2025-11-23 22:27:37,758 - LeNet5_NumPy_logger - INFO - Epoch 2 [1581/1581 (100.0%)] Loss: 0.1822 Acc: 0.9688
2025-11-23 22:27:38,130 - LeNet5_NumPy_logger - INFO - Epoch 2 [1591/1591 (100.0%)] Loss: 0.0839 Acc: 1.0000
2025-11-23 22:27:38,459 - LeNet5_NumPy_logger - INFO - Epoch 2 [1601/1601 (100.0%)] Loss: 0.3389 Acc: 0.8750
2025-11-23 22:27:38,934 - LeNet5_NumPy_logger - INFO - Epoch 2 [1611/1611 (100.0%)] Loss: 0.1864 Acc: 0.9688
2025-11-23 22:27:39,318 - LeNet5_NumPy_logger - INFO - Epoch 2 [1621/1621 (100.0%)] Loss: 0.0633 Acc: 0.9688
2025-11-23 22:27:39,665 - LeNet5_NumPy_logger - INFO - Epoch 2 [1631/1631 (100.0%)] Loss: 0.3122 Acc: 0.9375
2025-11-23 22:27:40,030 - LeNet5_NumPy_logger - INFO - Epoch 2 [1641/1641 (100.0%)] Loss: 0.3149 Acc: 0.9375
2025-11-23 22:27:40,416 - LeNet5_NumPy_logger - INFO - Epoch 2 [1651/1651 (100.0%)] Loss: 0.1543 Acc: 1.0000
2025-11-23 22:27:40,784 - LeNet5_NumPy_logger - INFO - Epoch 2 [1661/1661 (100.0%)] Loss: 0.2834 Acc: 0.9375
2025-11-23 22:27:41,255 - LeNet5_NumPy_logger - INFO - Epoch 2 [1671/1671 (100.0%)] Loss: 0.2338 Acc: 0.9688
2025-11-23 22:27:41,613 - LeNet5_NumPy_logger - INFO - Epoch 2 [1681/1681 (100.0%)] Loss: 0.0950 Acc: 1.0000
2025-11-23 22:27:42,033 - LeNet5_NumPy_logger - INFO - Epoch 2 [1691/1691 (100.0%)] Loss: 0.2303 Acc: 0.9375
2025-11-23 22:27:42,379 - LeNet5_NumPy_logger - INFO - Epoch 2 [1701/1701 (100.0%)] Loss: 0.2853 Acc: 0.9688
2025-11-23 22:27:42,712 - LeNet5_NumPy_logger - INFO - Epoch 2 [1711/1711 (100.0%)] Loss: 0.2240 Acc: 0.9062
2025-11-23 22:27:43,141 - LeNet5_NumPy_logger - INFO - Epoch 2 [1721/1721 (100.0%)] Loss: 0.1847 Acc: 0.9688
2025-11-23 22:27:43,591 - LeNet5_NumPy_logger - INFO - Epoch 2 [1731/1731 (100.0%)] Loss: 0.1413 Acc: 1.0000
2025-11-23 22:27:43,943 - LeNet5_NumPy_logger - INFO - Epoch 2 [1741/1741 (100.0%)] Loss: 0.1623 Acc: 0.9688
2025-11-23 22:27:44,391 - LeNet5_NumPy_logger - INFO - Epoch 2 [1751/1751 (100.0%)] Loss: 0.0826 Acc: 1.0000
2025-11-23 22:27:44,792 - LeNet5_NumPy_logger - INFO - Epoch 2 [1761/1761 (100.0%)] Loss: 0.1700 Acc: 1.0000
2025-11-23 22:27:45,168 - LeNet5_NumPy_logger - INFO - Epoch 2 [1771/1771 (100.0%)] Loss: 0.2449 Acc: 0.9688
2025-11-23 22:27:45,609 - LeNet5_NumPy_logger - INFO - Epoch 2 [1781/1781 (100.0%)] Loss: 0.2099 Acc: 0.9688
2025-11-23 22:27:46,171 - LeNet5_NumPy_logger - INFO - Epoch 2 [1791/1791 (100.0%)] Loss: 0.3096 Acc: 0.9688
2025-11-23 22:27:46,609 - LeNet5_NumPy_logger - INFO - Epoch 2 [1801/1801 (100.0%)] Loss: 0.1760 Acc: 0.9688
2025-11-23 22:27:46,951 - LeNet5_NumPy_logger - INFO - Epoch 2 [1811/1811 (100.0%)] Loss: 0.2618 Acc: 0.9375
2025-11-23 22:27:47,342 - LeNet5_NumPy_logger - INFO - Epoch 2 [1821/1821 (100.0%)] Loss: 0.1262 Acc: 1.0000
2025-11-23 22:27:47,778 - LeNet5_NumPy_logger - INFO - Epoch 2 [1831/1831 (100.0%)] Loss: 0.1769 Acc: 1.0000
2025-11-23 22:27:48,152 - LeNet5_NumPy_logger - INFO - Epoch 2 [1841/1841 (100.0%)] Loss: 0.0908 Acc: 1.0000
2025-11-23 22:27:48,574 - LeNet5_NumPy_logger - INFO - Epoch 2 [1851/1851 (100.0%)] Loss: 0.0171 Acc: 1.0000
2025-11-23 22:27:48,939 - LeNet5_NumPy_logger - INFO - Epoch 2 [1861/1861 (100.0%)] Loss: 0.1874 Acc: 1.0000
2025-11-23 22:27:49,313 - LeNet5_NumPy_logger - INFO - Epoch 2 [1871/1871 (100.0%)] Loss: 0.0235 Acc: 1.0000
2025-11-23 22:27:52,739 - LeNet5_NumPy_logger - INFO - Epoch   2 | Train Loss: 0.3029 | Train Acc: 0.9440 | Val Loss: 0.1740 | Val Acc: 0.1740
2025-11-23 22:27:52,939 - LeNet5_NumPy_logger - INFO - Epoch 3 [1/1 (100.0%)] Loss: 0.0834 Acc: 1.0000
2025-11-23 22:27:53,366 - LeNet5_NumPy_logger - INFO - Epoch 3 [11/11 (100.0%)] Loss: 0.0357 Acc: 1.0000
2025-11-23 22:27:53,984 - LeNet5_NumPy_logger - INFO - Epoch 3 [21/21 (100.0%)] Loss: 0.1999 Acc: 0.9688
2025-11-23 22:27:54,395 - LeNet5_NumPy_logger - INFO - Epoch 3 [31/31 (100.0%)] Loss: 0.2019 Acc: 0.9688
2025-11-23 22:27:54,775 - LeNet5_NumPy_logger - INFO - Epoch 3 [41/41 (100.0%)] Loss: 0.0458 Acc: 1.0000
2025-11-23 22:27:55,145 - LeNet5_NumPy_logger - INFO - Epoch 3 [51/51 (100.0%)] Loss: 0.2026 Acc: 0.9375
2025-11-23 22:27:55,484 - LeNet5_NumPy_logger - INFO - Epoch 3 [61/61 (100.0%)] Loss: 0.2178 Acc: 0.9688
2025-11-23 22:27:55,774 - LeNet5_NumPy_logger - INFO - Epoch 3 [71/71 (100.0%)] Loss: 0.0946 Acc: 1.0000
2025-11-23 22:27:56,091 - LeNet5_NumPy_logger - INFO - Epoch 3 [81/81 (100.0%)] Loss: 0.1993 Acc: 0.9375
2025-11-23 22:27:56,661 - LeNet5_NumPy_logger - INFO - Epoch 3 [91/91 (100.0%)] Loss: 0.1440 Acc: 0.9688
2025-11-23 22:27:56,966 - LeNet5_NumPy_logger - INFO - Epoch 3 [101/101 (100.0%)] Loss: 0.1165 Acc: 1.0000
2025-11-23 22:27:57,251 - LeNet5_NumPy_logger - INFO - Epoch 3 [111/111 (100.0%)] Loss: 0.1946 Acc: 0.9688
2025-11-23 22:27:58,812 - LeNet5_NumPy_logger - INFO - Epoch 3 [121/121 (100.0%)] Loss: 0.4663 Acc: 0.9062
2025-11-23 22:27:59,154 - LeNet5_NumPy_logger - INFO - Epoch 3 [131/131 (100.0%)] Loss: 0.8027 Acc: 0.8750
2025-11-23 22:28:00,244 - LeNet5_NumPy_logger - INFO - Epoch 3 [141/141 (100.0%)] Loss: 0.0586 Acc: 1.0000
2025-11-23 22:28:00,651 - LeNet5_NumPy_logger - INFO - Epoch 3 [151/151 (100.0%)] Loss: 0.4301 Acc: 0.9375
2025-11-23 22:28:01,282 - LeNet5_NumPy_logger - INFO - Epoch 3 [161/161 (100.0%)] Loss: 0.4492 Acc: 0.8750
2025-11-23 22:28:01,632 - LeNet5_NumPy_logger - INFO - Epoch 3 [171/171 (100.0%)] Loss: 0.4897 Acc: 0.9062
2025-11-23 22:28:01,987 - LeNet5_NumPy_logger - INFO - Epoch 3 [181/181 (100.0%)] Loss: 0.1288 Acc: 1.0000
2025-11-23 22:28:02,343 - LeNet5_NumPy_logger - INFO - Epoch 3 [191/191 (100.0%)] Loss: 0.1385 Acc: 0.9688
2025-11-23 22:28:02,742 - LeNet5_NumPy_logger - INFO - Epoch 3 [201/201 (100.0%)] Loss: 0.1887 Acc: 1.0000
2025-11-23 22:28:03,573 - LeNet5_NumPy_logger - INFO - Epoch 3 [211/211 (100.0%)] Loss: 0.2494 Acc: 0.9688
2025-11-23 22:28:03,940 - LeNet5_NumPy_logger - INFO - Epoch 3 [221/221 (100.0%)] Loss: 0.2598 Acc: 0.9688
2025-11-23 22:28:04,267 - LeNet5_NumPy_logger - INFO - Epoch 3 [231/231 (100.0%)] Loss: 0.4435 Acc: 0.8750
2025-11-23 22:28:04,583 - LeNet5_NumPy_logger - INFO - Epoch 3 [241/241 (100.0%)] Loss: 0.1141 Acc: 1.0000
2025-11-23 22:28:04,897 - LeNet5_NumPy_logger - INFO - Epoch 3 [251/251 (100.0%)] Loss: 0.0461 Acc: 1.0000
2025-11-23 22:28:05,220 - LeNet5_NumPy_logger - INFO - Epoch 3 [261/261 (100.0%)] Loss: 0.1159 Acc: 1.0000
2025-11-23 22:28:05,580 - LeNet5_NumPy_logger - INFO - Epoch 3 [271/271 (100.0%)] Loss: 0.0394 Acc: 1.0000
2025-11-23 22:28:05,995 - LeNet5_NumPy_logger - INFO - Epoch 3 [281/281 (100.0%)] Loss: 0.3381 Acc: 0.9375
2025-11-23 22:28:06,362 - LeNet5_NumPy_logger - INFO - Epoch 3 [291/291 (100.0%)] Loss: 0.1506 Acc: 1.0000
2025-11-23 22:28:06,728 - LeNet5_NumPy_logger - INFO - Epoch 3 [301/301 (100.0%)] Loss: 0.1486 Acc: 1.0000
2025-11-23 22:28:07,003 - LeNet5_NumPy_logger - INFO - Epoch 3 [311/311 (100.0%)] Loss: 0.0430 Acc: 1.0000
2025-11-23 22:28:07,320 - LeNet5_NumPy_logger - INFO - Epoch 3 [321/321 (100.0%)] Loss: 0.3188 Acc: 0.9062
2025-11-23 22:28:07,613 - LeNet5_NumPy_logger - INFO - Epoch 3 [331/331 (100.0%)] Loss: 0.2146 Acc: 0.9375
2025-11-23 22:28:07,936 - LeNet5_NumPy_logger - INFO - Epoch 3 [341/341 (100.0%)] Loss: 0.0336 Acc: 1.0000
2025-11-23 22:28:08,246 - LeNet5_NumPy_logger - INFO - Epoch 3 [351/351 (100.0%)] Loss: 0.2622 Acc: 0.9688
2025-11-23 22:28:08,536 - LeNet5_NumPy_logger - INFO - Epoch 3 [361/361 (100.0%)] Loss: 0.0619 Acc: 1.0000
2025-11-23 22:28:08,821 - LeNet5_NumPy_logger - INFO - Epoch 3 [371/371 (100.0%)] Loss: 0.1619 Acc: 0.9688
2025-11-23 22:28:09,104 - LeNet5_NumPy_logger - INFO - Epoch 3 [381/381 (100.0%)] Loss: 0.2051 Acc: 0.9375
2025-11-23 22:28:09,534 - LeNet5_NumPy_logger - INFO - Epoch 3 [391/391 (100.0%)] Loss: 0.4150 Acc: 0.9062
2025-11-23 22:28:09,821 - LeNet5_NumPy_logger - INFO - Epoch 3 [401/401 (100.0%)] Loss: 0.0472 Acc: 1.0000
2025-11-23 22:28:10,161 - LeNet5_NumPy_logger - INFO - Epoch 3 [411/411 (100.0%)] Loss: 0.3424 Acc: 0.9375
2025-11-23 22:28:10,449 - LeNet5_NumPy_logger - INFO - Epoch 3 [421/421 (100.0%)] Loss: 0.4231 Acc: 0.9375
2025-11-23 22:28:10,728 - LeNet5_NumPy_logger - INFO - Epoch 3 [431/431 (100.0%)] Loss: 0.2599 Acc: 0.9688
2025-11-23 22:28:11,012 - LeNet5_NumPy_logger - INFO - Epoch 3 [441/441 (100.0%)] Loss: 0.0973 Acc: 1.0000
2025-11-23 22:28:11,415 - LeNet5_NumPy_logger - INFO - Epoch 3 [451/451 (100.0%)] Loss: 0.0799 Acc: 1.0000
2025-11-23 22:28:11,684 - LeNet5_NumPy_logger - INFO - Epoch 3 [461/461 (100.0%)] Loss: 0.0252 Acc: 1.0000
2025-11-23 22:28:11,987 - LeNet5_NumPy_logger - INFO - Epoch 3 [471/471 (100.0%)] Loss: 0.0791 Acc: 1.0000
2025-11-23 22:28:12,483 - LeNet5_NumPy_logger - INFO - Epoch 3 [481/481 (100.0%)] Loss: 0.1790 Acc: 0.9688
2025-11-23 22:28:12,829 - LeNet5_NumPy_logger - INFO - Epoch 3 [491/491 (100.0%)] Loss: 0.3178 Acc: 1.0000
2025-11-23 22:28:13,412 - LeNet5_NumPy_logger - INFO - Epoch 3 [501/501 (100.0%)] Loss: 0.5958 Acc: 0.9375
2025-11-23 22:28:13,785 - LeNet5_NumPy_logger - INFO - Epoch 3 [511/511 (100.0%)] Loss: 0.0448 Acc: 1.0000
2025-11-23 22:28:14,183 - LeNet5_NumPy_logger - INFO - Epoch 3 [521/521 (100.0%)] Loss: 0.0311 Acc: 1.0000
2025-11-23 22:28:14,562 - LeNet5_NumPy_logger - INFO - Epoch 3 [531/531 (100.0%)] Loss: 0.5192 Acc: 0.9062
2025-11-23 22:28:14,887 - LeNet5_NumPy_logger - INFO - Epoch 3 [541/541 (100.0%)] Loss: 0.1422 Acc: 0.9688
2025-11-23 22:28:15,167 - LeNet5_NumPy_logger - INFO - Epoch 3 [551/551 (100.0%)] Loss: 0.1608 Acc: 1.0000
2025-11-23 22:28:15,438 - LeNet5_NumPy_logger - INFO - Epoch 3 [561/561 (100.0%)] Loss: 0.1435 Acc: 1.0000
2025-11-23 22:28:15,763 - LeNet5_NumPy_logger - INFO - Epoch 3 [571/571 (100.0%)] Loss: 0.3302 Acc: 0.9375
2025-11-23 22:28:16,042 - LeNet5_NumPy_logger - INFO - Epoch 3 [581/581 (100.0%)] Loss: 0.1325 Acc: 1.0000
2025-11-23 22:28:16,413 - LeNet5_NumPy_logger - INFO - Epoch 3 [591/591 (100.0%)] Loss: 0.0498 Acc: 1.0000
2025-11-23 22:28:16,858 - LeNet5_NumPy_logger - INFO - Epoch 3 [601/601 (100.0%)] Loss: 0.1350 Acc: 1.0000
2025-11-23 22:28:17,441 - LeNet5_NumPy_logger - INFO - Epoch 3 [611/611 (100.0%)] Loss: 0.0556 Acc: 1.0000
2025-11-23 22:28:17,660 - LeNet5_NumPy_logger - INFO - Epoch 3 [621/621 (100.0%)] Loss: 0.0904 Acc: 1.0000
2025-11-23 22:28:18,064 - LeNet5_NumPy_logger - INFO - Epoch 3 [631/631 (100.0%)] Loss: 0.1019 Acc: 1.0000
2025-11-23 22:28:18,272 - LeNet5_NumPy_logger - INFO - Epoch 3 [641/641 (100.0%)] Loss: 0.0981 Acc: 1.0000
2025-11-23 22:28:18,470 - LeNet5_NumPy_logger - INFO - Epoch 3 [651/651 (100.0%)] Loss: 0.3412 Acc: 0.9375
2025-11-23 22:28:18,987 - LeNet5_NumPy_logger - INFO - Epoch 3 [661/661 (100.0%)] Loss: 0.2926 Acc: 0.9688
2025-11-23 22:28:19,497 - LeNet5_NumPy_logger - INFO - Epoch 3 [671/671 (100.0%)] Loss: 0.0794 Acc: 1.0000
2025-11-23 22:28:19,746 - LeNet5_NumPy_logger - INFO - Epoch 3 [681/681 (100.0%)] Loss: 0.0626 Acc: 1.0000
2025-11-23 22:28:20,214 - LeNet5_NumPy_logger - INFO - Epoch 3 [691/691 (100.0%)] Loss: 0.0808 Acc: 1.0000
2025-11-23 22:28:20,513 - LeNet5_NumPy_logger - INFO - Epoch 3 [701/701 (100.0%)] Loss: 0.2312 Acc: 1.0000
2025-11-23 22:28:20,829 - LeNet5_NumPy_logger - INFO - Epoch 3 [711/711 (100.0%)] Loss: 0.1103 Acc: 0.9688
2025-11-23 22:28:21,489 - LeNet5_NumPy_logger - INFO - Epoch 3 [721/721 (100.0%)] Loss: 0.0365 Acc: 1.0000
2025-11-23 22:28:21,988 - LeNet5_NumPy_logger - INFO - Epoch 3 [731/731 (100.0%)] Loss: 0.1742 Acc: 1.0000
2025-11-23 22:28:22,299 - LeNet5_NumPy_logger - INFO - Epoch 3 [741/741 (100.0%)] Loss: 0.2398 Acc: 0.9375
2025-11-23 22:28:22,695 - LeNet5_NumPy_logger - INFO - Epoch 3 [751/751 (100.0%)] Loss: 0.3350 Acc: 0.9688
2025-11-23 22:28:22,971 - LeNet5_NumPy_logger - INFO - Epoch 3 [761/761 (100.0%)] Loss: 0.1716 Acc: 0.9688
2025-11-23 22:28:23,304 - LeNet5_NumPy_logger - INFO - Epoch 3 [771/771 (100.0%)] Loss: 0.3072 Acc: 0.9688
2025-11-23 22:28:23,679 - LeNet5_NumPy_logger - INFO - Epoch 3 [781/781 (100.0%)] Loss: 0.5438 Acc: 0.9062
2025-11-23 22:28:24,032 - LeNet5_NumPy_logger - INFO - Epoch 3 [791/791 (100.0%)] Loss: 0.2001 Acc: 1.0000
2025-11-23 22:28:24,206 - LeNet5_NumPy_logger - INFO - Epoch 3 [801/801 (100.0%)] Loss: 0.0944 Acc: 1.0000
2025-11-23 22:28:24,375 - LeNet5_NumPy_logger - INFO - Epoch 3 [811/811 (100.0%)] Loss: 0.3474 Acc: 1.0000
2025-11-23 22:28:24,696 - LeNet5_NumPy_logger - INFO - Epoch 3 [821/821 (100.0%)] Loss: 0.0968 Acc: 1.0000
2025-11-23 22:28:24,885 - LeNet5_NumPy_logger - INFO - Epoch 3 [831/831 (100.0%)] Loss: 0.1237 Acc: 0.9688
2025-11-23 22:28:25,098 - LeNet5_NumPy_logger - INFO - Epoch 3 [841/841 (100.0%)] Loss: 0.0762 Acc: 1.0000
2025-11-23 22:28:25,355 - LeNet5_NumPy_logger - INFO - Epoch 3 [851/851 (100.0%)] Loss: 0.1139 Acc: 1.0000
2025-11-23 22:28:25,667 - LeNet5_NumPy_logger - INFO - Epoch 3 [861/861 (100.0%)] Loss: 0.0480 Acc: 1.0000
2025-11-23 22:28:25,959 - LeNet5_NumPy_logger - INFO - Epoch 3 [871/871 (100.0%)] Loss: 0.0678 Acc: 1.0000
2025-11-23 22:28:26,168 - LeNet5_NumPy_logger - INFO - Epoch 3 [881/881 (100.0%)] Loss: 0.0783 Acc: 1.0000
2025-11-23 22:28:26,434 - LeNet5_NumPy_logger - INFO - Epoch 3 [891/891 (100.0%)] Loss: 0.3086 Acc: 0.9688
2025-11-23 22:28:26,733 - LeNet5_NumPy_logger - INFO - Epoch 3 [901/901 (100.0%)] Loss: 0.2379 Acc: 0.9688
2025-11-23 22:28:27,040 - LeNet5_NumPy_logger - INFO - Epoch 3 [911/911 (100.0%)] Loss: 0.1536 Acc: 0.9688
2025-11-23 22:28:27,290 - LeNet5_NumPy_logger - INFO - Epoch 3 [921/921 (100.0%)] Loss: 0.5296 Acc: 0.9062
2025-11-23 22:28:27,545 - LeNet5_NumPy_logger - INFO - Epoch 3 [931/931 (100.0%)] Loss: 0.4882 Acc: 0.9375
2025-11-23 22:28:27,851 - LeNet5_NumPy_logger - INFO - Epoch 3 [941/941 (100.0%)] Loss: 0.2276 Acc: 0.9688
2025-11-23 22:28:28,649 - LeNet5_NumPy_logger - INFO - Epoch 3 [951/951 (100.0%)] Loss: 0.1150 Acc: 1.0000
2025-11-23 22:28:29,954 - LeNet5_NumPy_logger - INFO - Epoch 3 [961/961 (100.0%)] Loss: 0.1776 Acc: 1.0000
2025-11-23 22:28:30,317 - LeNet5_NumPy_logger - INFO - Epoch 3 [971/971 (100.0%)] Loss: 0.1038 Acc: 1.0000
2025-11-23 22:28:30,519 - LeNet5_NumPy_logger - INFO - Epoch 3 [981/981 (100.0%)] Loss: 0.1830 Acc: 0.9688
2025-11-23 22:28:30,779 - LeNet5_NumPy_logger - INFO - Epoch 3 [991/991 (100.0%)] Loss: 0.2282 Acc: 0.9375
2025-11-23 22:28:31,050 - LeNet5_NumPy_logger - INFO - Epoch 3 [1001/1001 (100.0%)] Loss: 0.2153 Acc: 0.9688
2025-11-23 22:28:31,528 - LeNet5_NumPy_logger - INFO - Epoch 3 [1011/1011 (100.0%)] Loss: 0.1347 Acc: 1.0000
2025-11-23 22:28:31,851 - LeNet5_NumPy_logger - INFO - Epoch 3 [1021/1021 (100.0%)] Loss: 0.1883 Acc: 1.0000
2025-11-23 22:28:32,161 - LeNet5_NumPy_logger - INFO - Epoch 3 [1031/1031 (100.0%)] Loss: 0.1685 Acc: 0.9688
2025-11-23 22:28:32,569 - LeNet5_NumPy_logger - INFO - Epoch 3 [1041/1041 (100.0%)] Loss: 0.2007 Acc: 0.9688
2025-11-23 22:28:32,899 - LeNet5_NumPy_logger - INFO - Epoch 3 [1051/1051 (100.0%)] Loss: 0.0617 Acc: 1.0000
2025-11-23 22:28:33,243 - LeNet5_NumPy_logger - INFO - Epoch 3 [1061/1061 (100.0%)] Loss: 0.0899 Acc: 1.0000
2025-11-23 22:28:33,708 - LeNet5_NumPy_logger - INFO - Epoch 3 [1071/1071 (100.0%)] Loss: 0.2506 Acc: 1.0000
2025-11-23 22:28:33,975 - LeNet5_NumPy_logger - INFO - Epoch 3 [1081/1081 (100.0%)] Loss: 0.0472 Acc: 1.0000
2025-11-23 22:28:34,173 - LeNet5_NumPy_logger - INFO - Epoch 3 [1091/1091 (100.0%)] Loss: 0.1124 Acc: 0.9688
2025-11-23 22:28:34,340 - LeNet5_NumPy_logger - INFO - Epoch 3 [1101/1101 (100.0%)] Loss: 0.0527 Acc: 1.0000
2025-11-23 22:28:34,562 - LeNet5_NumPy_logger - INFO - Epoch 3 [1111/1111 (100.0%)] Loss: 0.0749 Acc: 1.0000
2025-11-23 22:28:35,217 - LeNet5_NumPy_logger - INFO - Epoch 3 [1121/1121 (100.0%)] Loss: 0.1083 Acc: 1.0000
2025-11-23 22:28:35,671 - LeNet5_NumPy_logger - INFO - Epoch 3 [1131/1131 (100.0%)] Loss: 0.3309 Acc: 0.9375
2025-11-23 22:28:36,341 - LeNet5_NumPy_logger - INFO - Epoch 3 [1141/1141 (100.0%)] Loss: 0.0673 Acc: 1.0000
2025-11-23 22:28:36,627 - LeNet5_NumPy_logger - INFO - Epoch 3 [1151/1151 (100.0%)] Loss: 0.1237 Acc: 1.0000
2025-11-23 22:28:37,084 - LeNet5_NumPy_logger - INFO - Epoch 3 [1161/1161 (100.0%)] Loss: 0.4483 Acc: 0.9375
2025-11-23 22:28:37,401 - LeNet5_NumPy_logger - INFO - Epoch 3 [1171/1171 (100.0%)] Loss: 0.0584 Acc: 1.0000
2025-11-23 22:28:37,740 - LeNet5_NumPy_logger - INFO - Epoch 3 [1181/1181 (100.0%)] Loss: 0.1660 Acc: 0.9688
2025-11-23 22:28:38,091 - LeNet5_NumPy_logger - INFO - Epoch 3 [1191/1191 (100.0%)] Loss: 0.1280 Acc: 0.9688
2025-11-23 22:28:38,448 - LeNet5_NumPy_logger - INFO - Epoch 3 [1201/1201 (100.0%)] Loss: 0.3023 Acc: 0.9688
2025-11-23 22:28:38,736 - LeNet5_NumPy_logger - INFO - Epoch 3 [1211/1211 (100.0%)] Loss: 0.1443 Acc: 0.9688
2025-11-23 22:28:39,194 - LeNet5_NumPy_logger - INFO - Epoch 3 [1221/1221 (100.0%)] Loss: 0.3594 Acc: 0.9062
2025-11-23 22:28:39,550 - LeNet5_NumPy_logger - INFO - Epoch 3 [1231/1231 (100.0%)] Loss: 0.1867 Acc: 0.9688
2025-11-23 22:28:39,847 - LeNet5_NumPy_logger - INFO - Epoch 3 [1241/1241 (100.0%)] Loss: 0.0774 Acc: 1.0000
2025-11-23 22:28:40,149 - LeNet5_NumPy_logger - INFO - Epoch 3 [1251/1251 (100.0%)] Loss: 0.1546 Acc: 1.0000
2025-11-23 22:28:40,546 - LeNet5_NumPy_logger - INFO - Epoch 3 [1261/1261 (100.0%)] Loss: 0.1393 Acc: 1.0000
2025-11-23 22:28:40,857 - LeNet5_NumPy_logger - INFO - Epoch 3 [1271/1271 (100.0%)] Loss: 0.2338 Acc: 0.9375
2025-11-23 22:28:41,168 - LeNet5_NumPy_logger - INFO - Epoch 3 [1281/1281 (100.0%)] Loss: 0.0603 Acc: 1.0000
2025-11-23 22:28:41,658 - LeNet5_NumPy_logger - INFO - Epoch 3 [1291/1291 (100.0%)] Loss: 0.1243 Acc: 1.0000
2025-11-23 22:28:42,005 - LeNet5_NumPy_logger - INFO - Epoch 3 [1301/1301 (100.0%)] Loss: 0.1336 Acc: 1.0000
2025-11-23 22:28:42,296 - LeNet5_NumPy_logger - INFO - Epoch 3 [1311/1311 (100.0%)] Loss: 0.0995 Acc: 1.0000
2025-11-23 22:28:42,568 - LeNet5_NumPy_logger - INFO - Epoch 3 [1321/1321 (100.0%)] Loss: 0.0840 Acc: 1.0000
2025-11-23 22:28:42,995 - LeNet5_NumPy_logger - INFO - Epoch 3 [1331/1331 (100.0%)] Loss: 0.2574 Acc: 0.9688
2025-11-23 22:28:43,317 - LeNet5_NumPy_logger - INFO - Epoch 3 [1341/1341 (100.0%)] Loss: 0.1200 Acc: 0.9688
2025-11-23 22:28:43,596 - LeNet5_NumPy_logger - INFO - Epoch 3 [1351/1351 (100.0%)] Loss: 0.0239 Acc: 1.0000
2025-11-23 22:28:43,942 - LeNet5_NumPy_logger - INFO - Epoch 3 [1361/1361 (100.0%)] Loss: 0.0657 Acc: 1.0000
2025-11-23 22:28:44,230 - LeNet5_NumPy_logger - INFO - Epoch 3 [1371/1371 (100.0%)] Loss: 0.2119 Acc: 0.9688
2025-11-23 22:28:44,553 - LeNet5_NumPy_logger - INFO - Epoch 3 [1381/1381 (100.0%)] Loss: 0.3901 Acc: 0.9375
2025-11-23 22:28:44,846 - LeNet5_NumPy_logger - INFO - Epoch 3 [1391/1391 (100.0%)] Loss: 0.5310 Acc: 0.9062
2025-11-23 22:28:45,182 - LeNet5_NumPy_logger - INFO - Epoch 3 [1401/1401 (100.0%)] Loss: 0.1611 Acc: 0.9688
2025-11-23 22:28:45,498 - LeNet5_NumPy_logger - INFO - Epoch 3 [1411/1411 (100.0%)] Loss: 0.1476 Acc: 0.9375
2025-11-23 22:28:45,813 - LeNet5_NumPy_logger - INFO - Epoch 3 [1421/1421 (100.0%)] Loss: 0.3449 Acc: 0.8750
2025-11-23 22:28:46,159 - LeNet5_NumPy_logger - INFO - Epoch 3 [1431/1431 (100.0%)] Loss: 0.2933 Acc: 0.9375
2025-11-23 22:28:46,546 - LeNet5_NumPy_logger - INFO - Epoch 3 [1441/1441 (100.0%)] Loss: 0.1256 Acc: 0.9688
2025-11-23 22:28:46,821 - LeNet5_NumPy_logger - INFO - Epoch 3 [1451/1451 (100.0%)] Loss: 0.0852 Acc: 1.0000
2025-11-23 22:28:47,146 - LeNet5_NumPy_logger - INFO - Epoch 3 [1461/1461 (100.0%)] Loss: 0.1569 Acc: 1.0000
2025-11-23 22:28:47,459 - LeNet5_NumPy_logger - INFO - Epoch 3 [1471/1471 (100.0%)] Loss: 0.1278 Acc: 1.0000
2025-11-23 22:28:47,817 - LeNet5_NumPy_logger - INFO - Epoch 3 [1481/1481 (100.0%)] Loss: 0.2714 Acc: 0.9688
2025-11-23 22:28:48,111 - LeNet5_NumPy_logger - INFO - Epoch 3 [1491/1491 (100.0%)] Loss: 0.1807 Acc: 0.9688
2025-11-23 22:28:48,455 - LeNet5_NumPy_logger - INFO - Epoch 3 [1501/1501 (100.0%)] Loss: 0.1829 Acc: 0.9688
2025-11-23 22:28:48,759 - LeNet5_NumPy_logger - INFO - Epoch 3 [1511/1511 (100.0%)] Loss: 0.3448 Acc: 0.9688
2025-11-23 22:28:49,012 - LeNet5_NumPy_logger - INFO - Epoch 3 [1521/1521 (100.0%)] Loss: 0.0342 Acc: 1.0000
2025-11-23 22:28:49,328 - LeNet5_NumPy_logger - INFO - Epoch 3 [1531/1531 (100.0%)] Loss: 0.0528 Acc: 1.0000
2025-11-23 22:28:49,684 - LeNet5_NumPy_logger - INFO - Epoch 3 [1541/1541 (100.0%)] Loss: 0.0325 Acc: 1.0000
2025-11-23 22:28:50,109 - LeNet5_NumPy_logger - INFO - Epoch 3 [1551/1551 (100.0%)] Loss: 0.1051 Acc: 1.0000
2025-11-23 22:28:50,400 - LeNet5_NumPy_logger - INFO - Epoch 3 [1561/1561 (100.0%)] Loss: 0.2836 Acc: 0.9375
2025-11-23 22:28:50,805 - LeNet5_NumPy_logger - INFO - Epoch 3 [1571/1571 (100.0%)] Loss: 0.0999 Acc: 1.0000
2025-11-23 22:28:51,107 - LeNet5_NumPy_logger - INFO - Epoch 3 [1581/1581 (100.0%)] Loss: 0.1319 Acc: 1.0000
2025-11-23 22:28:51,426 - LeNet5_NumPy_logger - INFO - Epoch 3 [1591/1591 (100.0%)] Loss: 0.0719 Acc: 1.0000
2025-11-23 22:28:51,750 - LeNet5_NumPy_logger - INFO - Epoch 3 [1601/1601 (100.0%)] Loss: 0.1839 Acc: 1.0000
2025-11-23 22:28:52,038 - LeNet5_NumPy_logger - INFO - Epoch 3 [1611/1611 (100.0%)] Loss: 0.2938 Acc: 0.9375
2025-11-23 22:28:52,327 - LeNet5_NumPy_logger - INFO - Epoch 3 [1621/1621 (100.0%)] Loss: 0.4813 Acc: 0.9375
2025-11-23 22:28:52,643 - LeNet5_NumPy_logger - INFO - Epoch 3 [1631/1631 (100.0%)] Loss: 0.1117 Acc: 0.9688
2025-11-23 22:28:52,957 - LeNet5_NumPy_logger - INFO - Epoch 3 [1641/1641 (100.0%)] Loss: 0.0393 Acc: 1.0000
2025-11-23 22:28:53,236 - LeNet5_NumPy_logger - INFO - Epoch 3 [1651/1651 (100.0%)] Loss: 0.2428 Acc: 0.9688
2025-11-23 22:28:53,790 - LeNet5_NumPy_logger - INFO - Epoch 3 [1661/1661 (100.0%)] Loss: 0.0106 Acc: 1.0000
2025-11-23 22:28:54,135 - LeNet5_NumPy_logger - INFO - Epoch 3 [1671/1671 (100.0%)] Loss: 0.1321 Acc: 1.0000
2025-11-23 22:28:54,404 - LeNet5_NumPy_logger - INFO - Epoch 3 [1681/1681 (100.0%)] Loss: 0.2271 Acc: 0.9688
2025-11-23 22:28:54,690 - LeNet5_NumPy_logger - INFO - Epoch 3 [1691/1691 (100.0%)] Loss: 0.2028 Acc: 0.9375
2025-11-23 22:28:55,038 - LeNet5_NumPy_logger - INFO - Epoch 3 [1701/1701 (100.0%)] Loss: 0.2361 Acc: 1.0000
2025-11-23 22:28:55,328 - LeNet5_NumPy_logger - INFO - Epoch 3 [1711/1711 (100.0%)] Loss: 0.0466 Acc: 1.0000
2025-11-23 22:28:55,639 - LeNet5_NumPy_logger - INFO - Epoch 3 [1721/1721 (100.0%)] Loss: 0.0656 Acc: 1.0000
2025-11-23 22:28:55,936 - LeNet5_NumPy_logger - INFO - Epoch 3 [1731/1731 (100.0%)] Loss: 0.2328 Acc: 0.9062
2025-11-23 22:28:56,279 - LeNet5_NumPy_logger - INFO - Epoch 3 [1741/1741 (100.0%)] Loss: 0.1605 Acc: 1.0000
2025-11-23 22:28:56,625 - LeNet5_NumPy_logger - INFO - Epoch 3 [1751/1751 (100.0%)] Loss: 0.0791 Acc: 1.0000
2025-11-23 22:28:56,930 - LeNet5_NumPy_logger - INFO - Epoch 3 [1761/1761 (100.0%)] Loss: 0.0465 Acc: 1.0000
2025-11-23 22:28:57,382 - LeNet5_NumPy_logger - INFO - Epoch 3 [1771/1771 (100.0%)] Loss: 0.0990 Acc: 1.0000
2025-11-23 22:28:57,701 - LeNet5_NumPy_logger - INFO - Epoch 3 [1781/1781 (100.0%)] Loss: 0.0408 Acc: 1.0000
2025-11-23 22:28:57,986 - LeNet5_NumPy_logger - INFO - Epoch 3 [1791/1791 (100.0%)] Loss: 0.1859 Acc: 0.9375
2025-11-23 22:28:58,380 - LeNet5_NumPy_logger - INFO - Epoch 3 [1801/1801 (100.0%)] Loss: 0.0873 Acc: 1.0000
2025-11-23 22:28:58,669 - LeNet5_NumPy_logger - INFO - Epoch 3 [1811/1811 (100.0%)] Loss: 0.0359 Acc: 1.0000
2025-11-23 22:28:59,038 - LeNet5_NumPy_logger - INFO - Epoch 3 [1821/1821 (100.0%)] Loss: 0.1540 Acc: 1.0000
2025-11-23 22:28:59,334 - LeNet5_NumPy_logger - INFO - Epoch 3 [1831/1831 (100.0%)] Loss: 0.0305 Acc: 1.0000
2025-11-23 22:28:59,658 - LeNet5_NumPy_logger - INFO - Epoch 3 [1841/1841 (100.0%)] Loss: 0.1184 Acc: 1.0000
2025-11-23 22:28:59,968 - LeNet5_NumPy_logger - INFO - Epoch 3 [1851/1851 (100.0%)] Loss: 0.2261 Acc: 0.9375
2025-11-23 22:29:00,291 - LeNet5_NumPy_logger - INFO - Epoch 3 [1861/1861 (100.0%)] Loss: 0.1571 Acc: 1.0000
2025-11-23 22:29:00,670 - LeNet5_NumPy_logger - INFO - Epoch 3 [1871/1871 (100.0%)] Loss: 0.1647 Acc: 0.9688
2025-11-23 22:29:04,503 - LeNet5_NumPy_logger - INFO - Epoch   3 | Train Loss: 0.1618 | Train Acc: 0.9480 | Val Loss: 0.1372 | Val Acc: 0.1372
2025-11-23 22:29:04,643 - LeNet5_NumPy_logger - INFO - Epoch 4 [1/1 (100.0%)] Loss: 0.0715 Acc: 1.0000
2025-11-23 22:29:04,942 - LeNet5_NumPy_logger - INFO - Epoch 4 [11/11 (100.0%)] Loss: 0.0967 Acc: 1.0000
2025-11-23 22:29:05,292 - LeNet5_NumPy_logger - INFO - Epoch 4 [21/21 (100.0%)] Loss: 0.0278 Acc: 1.0000
2025-11-23 22:29:05,592 - LeNet5_NumPy_logger - INFO - Epoch 4 [31/31 (100.0%)] Loss: 0.1567 Acc: 1.0000
2025-11-23 22:29:05,887 - LeNet5_NumPy_logger - INFO - Epoch 4 [41/41 (100.0%)] Loss: 0.0357 Acc: 1.0000
2025-11-23 22:29:06,290 - LeNet5_NumPy_logger - INFO - Epoch 4 [51/51 (100.0%)] Loss: 0.1902 Acc: 0.9688
2025-11-23 22:29:06,615 - LeNet5_NumPy_logger - INFO - Epoch 4 [61/61 (100.0%)] Loss: 0.0435 Acc: 1.0000
2025-11-23 22:29:06,927 - LeNet5_NumPy_logger - INFO - Epoch 4 [71/71 (100.0%)] Loss: 0.0402 Acc: 1.0000
2025-11-23 22:29:07,223 - LeNet5_NumPy_logger - INFO - Epoch 4 [81/81 (100.0%)] Loss: 0.0290 Acc: 1.0000
2025-11-23 22:29:07,673 - LeNet5_NumPy_logger - INFO - Epoch 4 [91/91 (100.0%)] Loss: 0.0163 Acc: 1.0000
2025-11-23 22:29:07,962 - LeNet5_NumPy_logger - INFO - Epoch 4 [101/101 (100.0%)] Loss: 0.4219 Acc: 0.9062
2025-11-23 22:29:08,287 - LeNet5_NumPy_logger - INFO - Epoch 4 [111/111 (100.0%)] Loss: 0.0803 Acc: 1.0000
2025-11-23 22:29:08,633 - LeNet5_NumPy_logger - INFO - Epoch 4 [121/121 (100.0%)] Loss: 0.1924 Acc: 1.0000
2025-11-23 22:29:08,940 - LeNet5_NumPy_logger - INFO - Epoch 4 [131/131 (100.0%)] Loss: 0.1568 Acc: 0.9688
2025-11-23 22:29:09,234 - LeNet5_NumPy_logger - INFO - Epoch 4 [141/141 (100.0%)] Loss: 0.0565 Acc: 1.0000
2025-11-23 22:29:09,546 - LeNet5_NumPy_logger - INFO - Epoch 4 [151/151 (100.0%)] Loss: 0.0391 Acc: 1.0000
2025-11-23 22:29:09,913 - LeNet5_NumPy_logger - INFO - Epoch 4 [161/161 (100.0%)] Loss: 0.0522 Acc: 1.0000
2025-11-23 22:29:10,179 - LeNet5_NumPy_logger - INFO - Epoch 4 [171/171 (100.0%)] Loss: 0.0515 Acc: 1.0000
2025-11-23 22:29:10,513 - LeNet5_NumPy_logger - INFO - Epoch 4 [181/181 (100.0%)] Loss: 0.2160 Acc: 0.9375
2025-11-23 22:29:10,851 - LeNet5_NumPy_logger - INFO - Epoch 4 [191/191 (100.0%)] Loss: 0.0917 Acc: 1.0000
2025-11-23 22:29:11,238 - LeNet5_NumPy_logger - INFO - Epoch 4 [201/201 (100.0%)] Loss: 0.0283 Acc: 1.0000
2025-11-23 22:29:11,585 - LeNet5_NumPy_logger - INFO - Epoch 4 [211/211 (100.0%)] Loss: 0.1151 Acc: 1.0000
2025-11-23 22:29:11,897 - LeNet5_NumPy_logger - INFO - Epoch 4 [221/221 (100.0%)] Loss: 0.0547 Acc: 1.0000
2025-11-23 22:29:12,244 - LeNet5_NumPy_logger - INFO - Epoch 4 [231/231 (100.0%)] Loss: 0.0379 Acc: 1.0000
2025-11-23 22:29:12,567 - LeNet5_NumPy_logger - INFO - Epoch 4 [241/241 (100.0%)] Loss: 0.1063 Acc: 1.0000
2025-11-23 22:29:12,871 - LeNet5_NumPy_logger - INFO - Epoch 4 [251/251 (100.0%)] Loss: 0.0219 Acc: 1.0000
2025-11-23 22:29:13,243 - LeNet5_NumPy_logger - INFO - Epoch 4 [261/261 (100.0%)] Loss: 0.1645 Acc: 1.0000
2025-11-23 22:29:13,527 - LeNet5_NumPy_logger - INFO - Epoch 4 [271/271 (100.0%)] Loss: 0.0916 Acc: 1.0000
2025-11-23 22:29:13,829 - LeNet5_NumPy_logger - INFO - Epoch 4 [281/281 (100.0%)] Loss: 0.0667 Acc: 1.0000
2025-11-23 22:29:14,271 - LeNet5_NumPy_logger - INFO - Epoch 4 [291/291 (100.0%)] Loss: 0.0910 Acc: 1.0000
2025-11-23 22:29:14,544 - LeNet5_NumPy_logger - INFO - Epoch 4 [301/301 (100.0%)] Loss: 0.0516 Acc: 1.0000
2025-11-23 22:29:14,927 - LeNet5_NumPy_logger - INFO - Epoch 4 [311/311 (100.0%)] Loss: 0.2333 Acc: 0.9688
2025-11-23 22:29:15,324 - LeNet5_NumPy_logger - INFO - Epoch 4 [321/321 (100.0%)] Loss: 0.0201 Acc: 1.0000
2025-11-23 22:29:15,625 - LeNet5_NumPy_logger - INFO - Epoch 4 [331/331 (100.0%)] Loss: 0.1054 Acc: 1.0000
2025-11-23 22:29:15,888 - LeNet5_NumPy_logger - INFO - Epoch 4 [341/341 (100.0%)] Loss: 0.0204 Acc: 1.0000
2025-11-23 22:29:16,207 - LeNet5_NumPy_logger - INFO - Epoch 4 [351/351 (100.0%)] Loss: 0.2207 Acc: 0.9688
2025-11-23 22:29:16,573 - LeNet5_NumPy_logger - INFO - Epoch 4 [361/361 (100.0%)] Loss: 0.2839 Acc: 0.9375
2025-11-23 22:29:16,865 - LeNet5_NumPy_logger - INFO - Epoch 4 [371/371 (100.0%)] Loss: 0.0346 Acc: 1.0000
2025-11-23 22:29:17,188 - LeNet5_NumPy_logger - INFO - Epoch 4 [381/381 (100.0%)] Loss: 0.4428 Acc: 0.9062
2025-11-23 22:29:17,527 - LeNet5_NumPy_logger - INFO - Epoch 4 [391/391 (100.0%)] Loss: 0.1251 Acc: 1.0000
2025-11-23 22:29:17,884 - LeNet5_NumPy_logger - INFO - Epoch 4 [401/401 (100.0%)] Loss: 0.0116 Acc: 1.0000
2025-11-23 22:29:18,176 - LeNet5_NumPy_logger - INFO - Epoch 4 [411/411 (100.0%)] Loss: 0.1321 Acc: 0.9688
2025-11-23 22:29:18,648 - LeNet5_NumPy_logger - INFO - Epoch 4 [421/421 (100.0%)] Loss: 0.3507 Acc: 0.9062
2025-11-23 22:29:18,963 - LeNet5_NumPy_logger - INFO - Epoch 4 [431/431 (100.0%)] Loss: 0.2311 Acc: 0.9688
2025-11-23 22:29:19,275 - LeNet5_NumPy_logger - INFO - Epoch 4 [441/441 (100.0%)] Loss: 0.2017 Acc: 0.9688
2025-11-23 22:29:19,606 - LeNet5_NumPy_logger - INFO - Epoch 4 [451/451 (100.0%)] Loss: 0.0416 Acc: 1.0000
2025-11-23 22:29:19,937 - LeNet5_NumPy_logger - INFO - Epoch 4 [461/461 (100.0%)] Loss: 0.3299 Acc: 0.9375
2025-11-23 22:29:20,232 - LeNet5_NumPy_logger - INFO - Epoch 4 [471/471 (100.0%)] Loss: 0.5421 Acc: 0.9062
2025-11-23 22:29:20,533 - LeNet5_NumPy_logger - INFO - Epoch 4 [481/481 (100.0%)] Loss: 0.0835 Acc: 1.0000
2025-11-23 22:29:20,832 - LeNet5_NumPy_logger - INFO - Epoch 4 [491/491 (100.0%)] Loss: 0.1716 Acc: 0.9688
2025-11-23 22:29:21,131 - LeNet5_NumPy_logger - INFO - Epoch 4 [501/501 (100.0%)] Loss: 0.0315 Acc: 1.0000
2025-11-23 22:29:21,452 - LeNet5_NumPy_logger - INFO - Epoch 4 [511/511 (100.0%)] Loss: 0.0529 Acc: 1.0000
2025-11-23 22:29:21,763 - LeNet5_NumPy_logger - INFO - Epoch 4 [521/521 (100.0%)] Loss: 0.0788 Acc: 1.0000
2025-11-23 22:29:22,197 - LeNet5_NumPy_logger - INFO - Epoch 4 [531/531 (100.0%)] Loss: 0.1227 Acc: 0.9688
2025-11-23 22:29:22,500 - LeNet5_NumPy_logger - INFO - Epoch 4 [541/541 (100.0%)] Loss: 0.1080 Acc: 1.0000
2025-11-23 22:29:22,787 - LeNet5_NumPy_logger - INFO - Epoch 4 [551/551 (100.0%)] Loss: 0.0732 Acc: 1.0000
2025-11-23 22:29:23,158 - LeNet5_NumPy_logger - INFO - Epoch 4 [561/561 (100.0%)] Loss: 0.1075 Acc: 1.0000
2025-11-23 22:29:23,459 - LeNet5_NumPy_logger - INFO - Epoch 4 [571/571 (100.0%)] Loss: 0.0528 Acc: 1.0000
2025-11-23 22:29:23,872 - LeNet5_NumPy_logger - INFO - Epoch 4 [581/581 (100.0%)] Loss: 0.1742 Acc: 1.0000
2025-11-23 22:29:24,178 - LeNet5_NumPy_logger - INFO - Epoch 4 [591/591 (100.0%)] Loss: 0.1342 Acc: 1.0000
2025-11-23 22:29:24,527 - LeNet5_NumPy_logger - INFO - Epoch 4 [601/601 (100.0%)] Loss: 0.1589 Acc: 1.0000
2025-11-23 22:29:24,799 - LeNet5_NumPy_logger - INFO - Epoch 4 [611/611 (100.0%)] Loss: 0.1542 Acc: 1.0000
2025-11-23 22:29:25,092 - LeNet5_NumPy_logger - INFO - Epoch 4 [621/621 (100.0%)] Loss: 0.3243 Acc: 0.9688
2025-11-23 22:29:25,454 - LeNet5_NumPy_logger - INFO - Epoch 4 [631/631 (100.0%)] Loss: 0.2341 Acc: 0.9375
2025-11-23 22:29:25,856 - LeNet5_NumPy_logger - INFO - Epoch 4 [641/641 (100.0%)] Loss: 0.0798 Acc: 1.0000
2025-11-23 22:29:26,158 - LeNet5_NumPy_logger - INFO - Epoch 4 [651/651 (100.0%)] Loss: 0.1783 Acc: 0.9688
2025-11-23 22:29:26,571 - LeNet5_NumPy_logger - INFO - Epoch 4 [661/661 (100.0%)] Loss: 0.0554 Acc: 1.0000
2025-11-23 22:29:26,871 - LeNet5_NumPy_logger - INFO - Epoch 4 [671/671 (100.0%)] Loss: 0.1359 Acc: 1.0000
2025-11-23 22:29:27,263 - LeNet5_NumPy_logger - INFO - Epoch 4 [681/681 (100.0%)] Loss: 0.0998 Acc: 1.0000
2025-11-23 22:29:27,583 - LeNet5_NumPy_logger - INFO - Epoch 4 [691/691 (100.0%)] Loss: 0.2147 Acc: 0.9062
2025-11-23 22:29:27,922 - LeNet5_NumPy_logger - INFO - Epoch 4 [701/701 (100.0%)] Loss: 0.0342 Acc: 1.0000
2025-11-23 22:29:28,265 - LeNet5_NumPy_logger - INFO - Epoch 4 [711/711 (100.0%)] Loss: 0.2322 Acc: 0.9375
2025-11-23 22:29:28,538 - LeNet5_NumPy_logger - INFO - Epoch 4 [721/721 (100.0%)] Loss: 0.2426 Acc: 0.9688
2025-11-23 22:29:28,834 - LeNet5_NumPy_logger - INFO - Epoch 4 [731/731 (100.0%)] Loss: 0.0747 Acc: 1.0000
2025-11-23 22:29:29,124 - LeNet5_NumPy_logger - INFO - Epoch 4 [741/741 (100.0%)] Loss: 0.0297 Acc: 1.0000
2025-11-23 22:29:29,531 - LeNet5_NumPy_logger - INFO - Epoch 4 [751/751 (100.0%)] Loss: 0.0399 Acc: 1.0000
2025-11-23 22:29:29,908 - LeNet5_NumPy_logger - INFO - Epoch 4 [761/761 (100.0%)] Loss: 0.0884 Acc: 1.0000
2025-11-23 22:29:30,196 - LeNet5_NumPy_logger - INFO - Epoch 4 [771/771 (100.0%)] Loss: 0.0673 Acc: 1.0000
2025-11-23 22:29:30,492 - LeNet5_NumPy_logger - INFO - Epoch 4 [781/781 (100.0%)] Loss: 0.2480 Acc: 0.9688
2025-11-23 22:29:30,771 - LeNet5_NumPy_logger - INFO - Epoch 4 [791/791 (100.0%)] Loss: 0.0835 Acc: 1.0000
2025-11-23 22:29:31,112 - LeNet5_NumPy_logger - INFO - Epoch 4 [801/801 (100.0%)] Loss: 0.0196 Acc: 1.0000
2025-11-23 22:29:31,467 - LeNet5_NumPy_logger - INFO - Epoch 4 [811/811 (100.0%)] Loss: 0.0520 Acc: 1.0000
2025-11-23 22:29:31,793 - LeNet5_NumPy_logger - INFO - Epoch 4 [821/821 (100.0%)] Loss: 0.0687 Acc: 1.0000
2025-11-23 22:29:32,152 - LeNet5_NumPy_logger - INFO - Epoch 4 [831/831 (100.0%)] Loss: 0.2276 Acc: 0.9688
2025-11-23 22:29:32,436 - LeNet5_NumPy_logger - INFO - Epoch 4 [841/841 (100.0%)] Loss: 0.0753 Acc: 1.0000
2025-11-23 22:29:32,749 - LeNet5_NumPy_logger - INFO - Epoch 4 [851/851 (100.0%)] Loss: 0.0364 Acc: 1.0000
2025-11-23 22:29:33,255 - LeNet5_NumPy_logger - INFO - Epoch 4 [861/861 (100.0%)] Loss: 0.1882 Acc: 0.9688
2025-11-23 22:29:33,563 - LeNet5_NumPy_logger - INFO - Epoch 4 [871/871 (100.0%)] Loss: 0.1353 Acc: 0.9688
2025-11-23 22:29:33,842 - LeNet5_NumPy_logger - INFO - Epoch 4 [881/881 (100.0%)] Loss: 0.1099 Acc: 1.0000
2025-11-23 22:29:34,218 - LeNet5_NumPy_logger - INFO - Epoch 4 [891/891 (100.0%)] Loss: 0.0274 Acc: 1.0000
2025-11-23 22:29:34,510 - LeNet5_NumPy_logger - INFO - Epoch 4 [901/901 (100.0%)] Loss: 0.1155 Acc: 0.9688
2025-11-23 22:29:34,788 - LeNet5_NumPy_logger - INFO - Epoch 4 [911/911 (100.0%)] Loss: 0.0565 Acc: 1.0000
2025-11-23 22:29:35,069 - LeNet5_NumPy_logger - INFO - Epoch 4 [921/921 (100.0%)] Loss: 0.0882 Acc: 1.0000
2025-11-23 22:29:35,396 - LeNet5_NumPy_logger - INFO - Epoch 4 [931/931 (100.0%)] Loss: 0.0815 Acc: 1.0000
2025-11-23 22:29:35,688 - LeNet5_NumPy_logger - INFO - Epoch 4 [941/941 (100.0%)] Loss: 0.1665 Acc: 1.0000
2025-11-23 22:29:35,999 - LeNet5_NumPy_logger - INFO - Epoch 4 [951/951 (100.0%)] Loss: 0.0640 Acc: 1.0000
2025-11-23 22:29:36,424 - LeNet5_NumPy_logger - INFO - Epoch 4 [961/961 (100.0%)] Loss: 0.1801 Acc: 0.9688
2025-11-23 22:29:36,819 - LeNet5_NumPy_logger - INFO - Epoch 4 [971/971 (100.0%)] Loss: 0.1384 Acc: 1.0000
2025-11-23 22:29:37,089 - LeNet5_NumPy_logger - INFO - Epoch 4 [981/981 (100.0%)] Loss: 0.0543 Acc: 1.0000
2025-11-23 22:29:37,379 - LeNet5_NumPy_logger - INFO - Epoch 4 [991/991 (100.0%)] Loss: 0.0061 Acc: 1.0000
2025-11-23 22:29:37,717 - LeNet5_NumPy_logger - INFO - Epoch 4 [1001/1001 (100.0%)] Loss: 0.4496 Acc: 0.9375
2025-11-23 22:29:38,006 - LeNet5_NumPy_logger - INFO - Epoch 4 [1011/1011 (100.0%)] Loss: 0.0280 Acc: 1.0000
2025-11-23 22:29:38,279 - LeNet5_NumPy_logger - INFO - Epoch 4 [1021/1021 (100.0%)] Loss: 0.0262 Acc: 1.0000
2025-11-23 22:29:38,653 - LeNet5_NumPy_logger - INFO - Epoch 4 [1031/1031 (100.0%)] Loss: 0.0753 Acc: 1.0000
2025-11-23 22:29:38,923 - LeNet5_NumPy_logger - INFO - Epoch 4 [1041/1041 (100.0%)] Loss: 0.1668 Acc: 0.9688
2025-11-23 22:29:39,224 - LeNet5_NumPy_logger - INFO - Epoch 4 [1051/1051 (100.0%)] Loss: 0.1407 Acc: 1.0000
2025-11-23 22:29:39,525 - LeNet5_NumPy_logger - INFO - Epoch 4 [1061/1061 (100.0%)] Loss: 0.0094 Acc: 1.0000
2025-11-23 22:29:39,883 - LeNet5_NumPy_logger - INFO - Epoch 4 [1071/1071 (100.0%)] Loss: 0.0324 Acc: 1.0000
2025-11-23 22:29:40,301 - LeNet5_NumPy_logger - INFO - Epoch 4 [1081/1081 (100.0%)] Loss: 0.0391 Acc: 1.0000
2025-11-23 22:29:40,581 - LeNet5_NumPy_logger - INFO - Epoch 4 [1091/1091 (100.0%)] Loss: 0.1810 Acc: 0.9688
2025-11-23 22:29:40,944 - LeNet5_NumPy_logger - INFO - Epoch 4 [1101/1101 (100.0%)] Loss: 0.0792 Acc: 1.0000
2025-11-23 22:29:41,213 - LeNet5_NumPy_logger - INFO - Epoch 4 [1111/1111 (100.0%)] Loss: 0.1533 Acc: 0.9688
2025-11-23 22:29:41,550 - LeNet5_NumPy_logger - INFO - Epoch 4 [1121/1121 (100.0%)] Loss: 0.0523 Acc: 1.0000
2025-11-23 22:29:41,848 - LeNet5_NumPy_logger - INFO - Epoch 4 [1131/1131 (100.0%)] Loss: 0.1539 Acc: 0.9688
2025-11-23 22:29:42,199 - LeNet5_NumPy_logger - INFO - Epoch 4 [1141/1141 (100.0%)] Loss: 0.0393 Acc: 1.0000
2025-11-23 22:29:42,484 - LeNet5_NumPy_logger - INFO - Epoch 4 [1151/1151 (100.0%)] Loss: 0.1053 Acc: 1.0000
2025-11-23 22:29:42,804 - LeNet5_NumPy_logger - INFO - Epoch 4 [1161/1161 (100.0%)] Loss: 0.1035 Acc: 1.0000
2025-11-23 22:29:43,157 - LeNet5_NumPy_logger - INFO - Epoch 4 [1171/1171 (100.0%)] Loss: 0.0818 Acc: 1.0000
2025-11-23 22:29:43,452 - LeNet5_NumPy_logger - INFO - Epoch 4 [1181/1181 (100.0%)] Loss: 0.1165 Acc: 1.0000
2025-11-23 22:29:43,870 - LeNet5_NumPy_logger - INFO - Epoch 4 [1191/1191 (100.0%)] Loss: 0.1468 Acc: 1.0000
2025-11-23 22:29:44,237 - LeNet5_NumPy_logger - INFO - Epoch 4 [1201/1201 (100.0%)] Loss: 0.0156 Acc: 1.0000
2025-11-23 22:29:44,547 - LeNet5_NumPy_logger - INFO - Epoch 4 [1211/1211 (100.0%)] Loss: 0.1288 Acc: 0.9688
2025-11-23 22:29:44,849 - LeNet5_NumPy_logger - INFO - Epoch 4 [1221/1221 (100.0%)] Loss: 0.0376 Acc: 1.0000
2025-11-23 22:29:45,145 - LeNet5_NumPy_logger - INFO - Epoch 4 [1231/1231 (100.0%)] Loss: 0.0490 Acc: 1.0000
2025-11-23 22:29:45,472 - LeNet5_NumPy_logger - INFO - Epoch 4 [1241/1241 (100.0%)] Loss: 0.0990 Acc: 1.0000
2025-11-23 22:29:45,775 - LeNet5_NumPy_logger - INFO - Epoch 4 [1251/1251 (100.0%)] Loss: 0.1692 Acc: 1.0000
2025-11-23 22:29:46,158 - LeNet5_NumPy_logger - INFO - Epoch 4 [1261/1261 (100.0%)] Loss: 0.0659 Acc: 1.0000
2025-11-23 22:29:46,536 - LeNet5_NumPy_logger - INFO - Epoch 4 [1271/1271 (100.0%)] Loss: 0.1272 Acc: 0.9688
2025-11-23 22:29:46,808 - LeNet5_NumPy_logger - INFO - Epoch 4 [1281/1281 (100.0%)] Loss: 0.1275 Acc: 1.0000
2025-11-23 22:29:47,095 - LeNet5_NumPy_logger - INFO - Epoch 4 [1291/1291 (100.0%)] Loss: 0.0883 Acc: 1.0000
2025-11-23 22:29:47,568 - LeNet5_NumPy_logger - INFO - Epoch 4 [1301/1301 (100.0%)] Loss: 0.0543 Acc: 1.0000
2025-11-23 22:29:47,859 - LeNet5_NumPy_logger - INFO - Epoch 4 [1311/1311 (100.0%)] Loss: 0.0902 Acc: 1.0000
2025-11-23 22:29:48,137 - LeNet5_NumPy_logger - INFO - Epoch 4 [1321/1321 (100.0%)] Loss: 0.2487 Acc: 0.9688
2025-11-23 22:29:48,439 - LeNet5_NumPy_logger - INFO - Epoch 4 [1331/1331 (100.0%)] Loss: 0.0365 Acc: 1.0000
2025-11-23 22:29:48,742 - LeNet5_NumPy_logger - INFO - Epoch 4 [1341/1341 (100.0%)] Loss: 0.0686 Acc: 1.0000
2025-11-23 22:29:49,045 - LeNet5_NumPy_logger - INFO - Epoch 4 [1351/1351 (100.0%)] Loss: 0.2136 Acc: 1.0000
2025-11-23 22:29:49,395 - LeNet5_NumPy_logger - INFO - Epoch 4 [1361/1361 (100.0%)] Loss: 0.2469 Acc: 0.9375
2025-11-23 22:29:49,818 - LeNet5_NumPy_logger - INFO - Epoch 4 [1371/1371 (100.0%)] Loss: 0.0245 Acc: 1.0000
2025-11-23 22:29:50,110 - LeNet5_NumPy_logger - INFO - Epoch 4 [1381/1381 (100.0%)] Loss: 0.0535 Acc: 1.0000
2025-11-23 22:29:50,449 - LeNet5_NumPy_logger - INFO - Epoch 4 [1391/1391 (100.0%)] Loss: 0.0127 Acc: 1.0000
2025-11-23 22:29:50,810 - LeNet5_NumPy_logger - INFO - Epoch 4 [1401/1401 (100.0%)] Loss: 0.0330 Acc: 1.0000
2025-11-23 22:29:51,240 - LeNet5_NumPy_logger - INFO - Epoch 4 [1411/1411 (100.0%)] Loss: 0.0736 Acc: 1.0000
2025-11-23 22:29:51,580 - LeNet5_NumPy_logger - INFO - Epoch 4 [1421/1421 (100.0%)] Loss: 0.0567 Acc: 1.0000
2025-11-23 22:29:51,932 - LeNet5_NumPy_logger - INFO - Epoch 4 [1431/1431 (100.0%)] Loss: 0.0360 Acc: 1.0000
2025-11-23 22:29:52,223 - LeNet5_NumPy_logger - INFO - Epoch 4 [1441/1441 (100.0%)] Loss: 0.1802 Acc: 0.9688
2025-11-23 22:29:52,544 - LeNet5_NumPy_logger - INFO - Epoch 4 [1451/1451 (100.0%)] Loss: 0.0249 Acc: 1.0000
2025-11-23 22:29:52,855 - LeNet5_NumPy_logger - INFO - Epoch 4 [1461/1461 (100.0%)] Loss: 0.1462 Acc: 1.0000
2025-11-23 22:29:53,197 - LeNet5_NumPy_logger - INFO - Epoch 4 [1471/1471 (100.0%)] Loss: 0.0341 Acc: 1.0000
2025-11-23 22:29:53,487 - LeNet5_NumPy_logger - INFO - Epoch 4 [1481/1481 (100.0%)] Loss: 0.0795 Acc: 1.0000
2025-11-23 22:29:53,869 - LeNet5_NumPy_logger - INFO - Epoch 4 [1491/1491 (100.0%)] Loss: 0.0941 Acc: 1.0000
2025-11-23 22:29:54,239 - LeNet5_NumPy_logger - INFO - Epoch 4 [1501/1501 (100.0%)] Loss: 0.0524 Acc: 1.0000
2025-11-23 22:29:54,510 - LeNet5_NumPy_logger - INFO - Epoch 4 [1511/1511 (100.0%)] Loss: 0.2144 Acc: 0.9688
2025-11-23 22:29:54,880 - LeNet5_NumPy_logger - INFO - Epoch 4 [1521/1521 (100.0%)] Loss: 0.1609 Acc: 1.0000
2025-11-23 22:29:55,167 - LeNet5_NumPy_logger - INFO - Epoch 4 [1531/1531 (100.0%)] Loss: 0.0941 Acc: 1.0000
2025-11-23 22:29:55,521 - LeNet5_NumPy_logger - INFO - Epoch 4 [1541/1541 (100.0%)] Loss: 0.0322 Acc: 1.0000
2025-11-23 22:29:55,820 - LeNet5_NumPy_logger - INFO - Epoch 4 [1551/1551 (100.0%)] Loss: 0.0347 Acc: 1.0000
2025-11-23 22:29:56,098 - LeNet5_NumPy_logger - INFO - Epoch 4 [1561/1561 (100.0%)] Loss: 0.0676 Acc: 1.0000
2025-11-23 22:29:56,494 - LeNet5_NumPy_logger - INFO - Epoch 4 [1571/1571 (100.0%)] Loss: 0.0337 Acc: 1.0000
2025-11-23 22:29:56,796 - LeNet5_NumPy_logger - INFO - Epoch 4 [1581/1581 (100.0%)] Loss: 0.0287 Acc: 1.0000
2025-11-23 22:29:57,087 - LeNet5_NumPy_logger - INFO - Epoch 4 [1591/1591 (100.0%)] Loss: 0.1000 Acc: 1.0000
2025-11-23 22:29:57,409 - LeNet5_NumPy_logger - INFO - Epoch 4 [1601/1601 (100.0%)] Loss: 0.0055 Acc: 1.0000
2025-11-23 22:29:57,768 - LeNet5_NumPy_logger - INFO - Epoch 4 [1611/1611 (100.0%)] Loss: 0.0284 Acc: 1.0000
2025-11-23 22:29:58,065 - LeNet5_NumPy_logger - INFO - Epoch 4 [1621/1621 (100.0%)] Loss: 0.0106 Acc: 1.0000
2025-11-23 22:29:58,479 - LeNet5_NumPy_logger - INFO - Epoch 4 [1631/1631 (100.0%)] Loss: 0.0366 Acc: 1.0000
2025-11-23 22:29:58,833 - LeNet5_NumPy_logger - INFO - Epoch 4 [1641/1641 (100.0%)] Loss: 0.3091 Acc: 0.9688
2025-11-23 22:29:59,154 - LeNet5_NumPy_logger - INFO - Epoch 4 [1651/1651 (100.0%)] Loss: 0.0603 Acc: 1.0000
2025-11-23 22:29:59,465 - LeNet5_NumPy_logger - INFO - Epoch 4 [1661/1661 (100.0%)] Loss: 0.0215 Acc: 1.0000
2025-11-23 22:29:59,770 - LeNet5_NumPy_logger - INFO - Epoch 4 [1671/1671 (100.0%)] Loss: 0.0885 Acc: 1.0000
2025-11-23 22:30:00,075 - LeNet5_NumPy_logger - INFO - Epoch 4 [1681/1681 (100.0%)] Loss: 0.2002 Acc: 0.9688
2025-11-23 22:30:00,346 - LeNet5_NumPy_logger - INFO - Epoch 4 [1691/1691 (100.0%)] Loss: 0.1770 Acc: 1.0000
2025-11-23 22:30:00,649 - LeNet5_NumPy_logger - INFO - Epoch 4 [1701/1701 (100.0%)] Loss: 0.1338 Acc: 1.0000
2025-11-23 22:30:01,026 - LeNet5_NumPy_logger - INFO - Epoch 4 [1711/1711 (100.0%)] Loss: 0.2194 Acc: 0.9688
2025-11-23 22:30:01,365 - LeNet5_NumPy_logger - INFO - Epoch 4 [1721/1721 (100.0%)] Loss: 0.1073 Acc: 1.0000
2025-11-23 22:30:01,662 - LeNet5_NumPy_logger - INFO - Epoch 4 [1731/1731 (100.0%)] Loss: 0.0094 Acc: 1.0000
2025-11-23 22:30:02,131 - LeNet5_NumPy_logger - INFO - Epoch 4 [1741/1741 (100.0%)] Loss: 0.0982 Acc: 1.0000
2025-11-23 22:30:02,416 - LeNet5_NumPy_logger - INFO - Epoch 4 [1751/1751 (100.0%)] Loss: 0.1310 Acc: 1.0000
2025-11-23 22:30:02,729 - LeNet5_NumPy_logger - INFO - Epoch 4 [1761/1761 (100.0%)] Loss: 0.4647 Acc: 0.9062
2025-11-23 22:30:03,044 - LeNet5_NumPy_logger - INFO - Epoch 4 [1771/1771 (100.0%)] Loss: 0.1665 Acc: 1.0000
2025-11-23 22:30:03,404 - LeNet5_NumPy_logger - INFO - Epoch 4 [1781/1781 (100.0%)] Loss: 0.3399 Acc: 0.9688
2025-11-23 22:30:03,684 - LeNet5_NumPy_logger - INFO - Epoch 4 [1791/1791 (100.0%)] Loss: 0.1174 Acc: 1.0000
2025-11-23 22:30:03,962 - LeNet5_NumPy_logger - INFO - Epoch 4 [1801/1801 (100.0%)] Loss: 0.2178 Acc: 0.9688
2025-11-23 22:30:04,333 - LeNet5_NumPy_logger - INFO - Epoch 4 [1811/1811 (100.0%)] Loss: 0.0227 Acc: 1.0000
2025-11-23 22:30:04,619 - LeNet5_NumPy_logger - INFO - Epoch 4 [1821/1821 (100.0%)] Loss: 0.0255 Acc: 1.0000
2025-11-23 22:30:04,925 - LeNet5_NumPy_logger - INFO - Epoch 4 [1831/1831 (100.0%)] Loss: 0.1950 Acc: 0.9688
2025-11-23 22:30:05,223 - LeNet5_NumPy_logger - INFO - Epoch 4 [1841/1841 (100.0%)] Loss: 0.1912 Acc: 0.9688
2025-11-23 22:30:05,637 - LeNet5_NumPy_logger - INFO - Epoch 4 [1851/1851 (100.0%)] Loss: 0.0419 Acc: 1.0000
2025-11-23 22:30:05,932 - LeNet5_NumPy_logger - INFO - Epoch 4 [1861/1861 (100.0%)] Loss: 0.0564 Acc: 1.0000
2025-11-23 22:30:06,273 - LeNet5_NumPy_logger - INFO - Epoch 4 [1871/1871 (100.0%)] Loss: 0.0649 Acc: 1.0000
2025-11-23 22:30:09,699 - LeNet5_NumPy_logger - INFO - Epoch   4 | Train Loss: 0.1156 | Train Acc: 0.9700 | Val Loss: 0.0912 | Val Acc: 0.0912
2025-11-23 22:30:09,844 - LeNet5_NumPy_logger - INFO - Epoch 5 [1/1 (100.0%)] Loss: 0.0533 Acc: 1.0000
2025-11-23 22:30:10,158 - LeNet5_NumPy_logger - INFO - Epoch 5 [11/11 (100.0%)] Loss: 0.0773 Acc: 1.0000
2025-11-23 22:30:10,425 - LeNet5_NumPy_logger - INFO - Epoch 5 [21/21 (100.0%)] Loss: 0.0233 Acc: 1.0000
2025-11-23 22:30:10,707 - LeNet5_NumPy_logger - INFO - Epoch 5 [31/31 (100.0%)] Loss: 0.0357 Acc: 1.0000
2025-11-23 22:30:11,067 - LeNet5_NumPy_logger - INFO - Epoch 5 [41/41 (100.0%)] Loss: 0.1955 Acc: 0.9688
2025-11-23 22:30:11,342 - LeNet5_NumPy_logger - INFO - Epoch 5 [51/51 (100.0%)] Loss: 0.2479 Acc: 1.0000
2025-11-23 22:30:11,783 - LeNet5_NumPy_logger - INFO - Epoch 5 [61/61 (100.0%)] Loss: 0.1844 Acc: 1.0000
2025-11-23 22:30:12,131 - LeNet5_NumPy_logger - INFO - Epoch 5 [71/71 (100.0%)] Loss: 0.0269 Acc: 1.0000
2025-11-23 22:30:12,462 - LeNet5_NumPy_logger - INFO - Epoch 5 [81/81 (100.0%)] Loss: 0.0339 Acc: 1.0000
2025-11-23 22:30:12,750 - LeNet5_NumPy_logger - INFO - Epoch 5 [91/91 (100.0%)] Loss: 0.0945 Acc: 1.0000
2025-11-23 22:30:13,054 - LeNet5_NumPy_logger - INFO - Epoch 5 [101/101 (100.0%)] Loss: 0.0273 Acc: 1.0000
2025-11-23 22:30:13,375 - LeNet5_NumPy_logger - INFO - Epoch 5 [111/111 (100.0%)] Loss: 0.0637 Acc: 1.0000
2025-11-23 22:30:13,688 - LeNet5_NumPy_logger - INFO - Epoch 5 [121/121 (100.0%)] Loss: 0.0256 Acc: 1.0000
2025-11-23 22:30:13,987 - LeNet5_NumPy_logger - INFO - Epoch 5 [131/131 (100.0%)] Loss: 0.2032 Acc: 1.0000
2025-11-23 22:30:14,423 - LeNet5_NumPy_logger - INFO - Epoch 5 [141/141 (100.0%)] Loss: 0.1483 Acc: 1.0000
2025-11-23 22:30:14,708 - LeNet5_NumPy_logger - INFO - Epoch 5 [151/151 (100.0%)] Loss: 0.0607 Acc: 1.0000
2025-11-23 22:30:14,978 - LeNet5_NumPy_logger - INFO - Epoch 5 [161/161 (100.0%)] Loss: 0.0126 Acc: 1.0000
2025-11-23 22:30:15,350 - LeNet5_NumPy_logger - INFO - Epoch 5 [171/171 (100.0%)] Loss: 0.0050 Acc: 1.0000
2025-11-23 22:30:15,683 - LeNet5_NumPy_logger - INFO - Epoch 5 [181/181 (100.0%)] Loss: 0.0342 Acc: 1.0000
2025-11-23 22:30:15,973 - LeNet5_NumPy_logger - INFO - Epoch 5 [191/191 (100.0%)] Loss: 0.0388 Acc: 1.0000
2025-11-23 22:30:16,330 - LeNet5_NumPy_logger - INFO - Epoch 5 [201/201 (100.0%)] Loss: 0.3591 Acc: 0.9375
2025-11-23 22:30:16,685 - LeNet5_NumPy_logger - INFO - Epoch 5 [211/211 (100.0%)] Loss: 0.1685 Acc: 1.0000
2025-11-23 22:30:16,987 - LeNet5_NumPy_logger - INFO - Epoch 5 [221/221 (100.0%)] Loss: 0.0523 Acc: 1.0000
2025-11-23 22:30:17,300 - LeNet5_NumPy_logger - INFO - Epoch 5 [231/231 (100.0%)] Loss: 0.1462 Acc: 1.0000
2025-11-23 22:30:17,637 - LeNet5_NumPy_logger - INFO - Epoch 5 [241/241 (100.0%)] Loss: 0.0586 Acc: 1.0000
2025-11-23 22:30:17,945 - LeNet5_NumPy_logger - INFO - Epoch 5 [251/251 (100.0%)] Loss: 0.1476 Acc: 0.9688
2025-11-23 22:30:18,255 - LeNet5_NumPy_logger - INFO - Epoch 5 [261/261 (100.0%)] Loss: 0.2004 Acc: 0.9688
2025-11-23 22:30:18,583 - LeNet5_NumPy_logger - INFO - Epoch 5 [271/271 (100.0%)] Loss: 0.1564 Acc: 0.9688
2025-11-23 22:30:19,043 - LeNet5_NumPy_logger - INFO - Epoch 5 [281/281 (100.0%)] Loss: 0.0459 Acc: 1.0000
2025-11-23 22:30:19,312 - LeNet5_NumPy_logger - INFO - Epoch 5 [291/291 (100.0%)] Loss: 0.0362 Acc: 1.0000
2025-11-23 22:30:19,624 - LeNet5_NumPy_logger - INFO - Epoch 5 [301/301 (100.0%)] Loss: 0.1831 Acc: 0.9688
2025-11-23 22:30:19,994 - LeNet5_NumPy_logger - INFO - Epoch 5 [311/311 (100.0%)] Loss: 0.0313 Acc: 1.0000
2025-11-23 22:30:20,295 - LeNet5_NumPy_logger - INFO - Epoch 5 [321/321 (100.0%)] Loss: 0.0546 Acc: 1.0000
2025-11-23 22:30:20,616 - LeNet5_NumPy_logger - INFO - Epoch 5 [331/331 (100.0%)] Loss: 0.0547 Acc: 1.0000
2025-11-23 22:30:20,918 - LeNet5_NumPy_logger - INFO - Epoch 5 [341/341 (100.0%)] Loss: 0.0236 Acc: 1.0000
2025-11-23 22:30:21,213 - LeNet5_NumPy_logger - INFO - Epoch 5 [351/351 (100.0%)] Loss: 0.1498 Acc: 1.0000
2025-11-23 22:30:21,524 - LeNet5_NumPy_logger - INFO - Epoch 5 [361/361 (100.0%)] Loss: 0.1201 Acc: 1.0000
2025-11-23 22:30:21,832 - LeNet5_NumPy_logger - INFO - Epoch 5 [371/371 (100.0%)] Loss: 0.1522 Acc: 1.0000
2025-11-23 22:30:22,184 - LeNet5_NumPy_logger - INFO - Epoch 5 [381/381 (100.0%)] Loss: 0.0587 Acc: 1.0000
2025-11-23 22:30:22,600 - LeNet5_NumPy_logger - INFO - Epoch 5 [391/391 (100.0%)] Loss: 0.1394 Acc: 0.9688
2025-11-23 22:30:22,904 - LeNet5_NumPy_logger - INFO - Epoch 5 [401/401 (100.0%)] Loss: 0.0467 Acc: 1.0000
2025-11-23 22:30:23,283 - LeNet5_NumPy_logger - INFO - Epoch 5 [411/411 (100.0%)] Loss: 0.1395 Acc: 0.9688
2025-11-23 22:30:23,600 - LeNet5_NumPy_logger - INFO - Epoch 5 [421/421 (100.0%)] Loss: 0.1633 Acc: 1.0000
2025-11-23 22:30:23,919 - LeNet5_NumPy_logger - INFO - Epoch 5 [431/431 (100.0%)] Loss: 0.0226 Acc: 1.0000
2025-11-23 22:30:24,200 - LeNet5_NumPy_logger - INFO - Epoch 5 [441/441 (100.0%)] Loss: 0.2643 Acc: 0.9688
2025-11-23 22:30:24,508 - LeNet5_NumPy_logger - INFO - Epoch 5 [451/451 (100.0%)] Loss: 0.1172 Acc: 1.0000
2025-11-23 22:30:24,812 - LeNet5_NumPy_logger - INFO - Epoch 5 [461/461 (100.0%)] Loss: 0.0676 Acc: 1.0000
2025-11-23 22:30:25,119 - LeNet5_NumPy_logger - INFO - Epoch 5 [471/471 (100.0%)] Loss: 0.0562 Acc: 1.0000
2025-11-23 22:30:25,537 - LeNet5_NumPy_logger - INFO - Epoch 5 [481/481 (100.0%)] Loss: 0.0486 Acc: 1.0000
2025-11-23 22:30:25,833 - LeNet5_NumPy_logger - INFO - Epoch 5 [491/491 (100.0%)] Loss: 0.0556 Acc: 1.0000
2025-11-23 22:30:26,250 - LeNet5_NumPy_logger - INFO - Epoch 5 [501/501 (100.0%)] Loss: 0.1798 Acc: 1.0000
2025-11-23 22:30:26,688 - LeNet5_NumPy_logger - INFO - Epoch 5 [511/511 (100.0%)] Loss: 0.2200 Acc: 0.9375
2025-11-23 22:30:26,977 - LeNet5_NumPy_logger - INFO - Epoch 5 [521/521 (100.0%)] Loss: 0.0746 Acc: 1.0000
2025-11-23 22:30:27,366 - LeNet5_NumPy_logger - INFO - Epoch 5 [531/531 (100.0%)] Loss: 0.0202 Acc: 1.0000
2025-11-23 22:30:27,712 - LeNet5_NumPy_logger - INFO - Epoch 5 [541/541 (100.0%)] Loss: 0.0815 Acc: 1.0000
2025-11-23 22:30:27,983 - LeNet5_NumPy_logger - INFO - Epoch 5 [551/551 (100.0%)] Loss: 0.2412 Acc: 1.0000
2025-11-23 22:30:28,320 - LeNet5_NumPy_logger - INFO - Epoch 5 [561/561 (100.0%)] Loss: 0.0556 Acc: 1.0000
2025-11-23 22:30:28,604 - LeNet5_NumPy_logger - INFO - Epoch 5 [571/571 (100.0%)] Loss: 0.2614 Acc: 1.0000
2025-11-23 22:30:28,948 - LeNet5_NumPy_logger - INFO - Epoch 5 [581/581 (100.0%)] Loss: 0.0225 Acc: 1.0000
2025-11-23 22:30:29,274 - LeNet5_NumPy_logger - INFO - Epoch 5 [591/591 (100.0%)] Loss: 0.1274 Acc: 0.9688
2025-11-23 22:30:29,619 - LeNet5_NumPy_logger - INFO - Epoch 5 [601/601 (100.0%)] Loss: 0.1462 Acc: 0.9688
2025-11-23 22:30:30,087 - LeNet5_NumPy_logger - INFO - Epoch 5 [611/611 (100.0%)] Loss: 0.0590 Acc: 1.0000
2025-11-23 22:30:30,396 - LeNet5_NumPy_logger - INFO - Epoch 5 [621/621 (100.0%)] Loss: 0.0182 Acc: 1.0000
2025-11-23 22:30:30,701 - LeNet5_NumPy_logger - INFO - Epoch 5 [631/631 (100.0%)] Loss: 0.0313 Acc: 1.0000
2025-11-23 22:30:31,063 - LeNet5_NumPy_logger - INFO - Epoch 5 [641/641 (100.0%)] Loss: 0.1721 Acc: 0.9688
2025-11-23 22:30:31,394 - LeNet5_NumPy_logger - INFO - Epoch 5 [651/651 (100.0%)] Loss: 0.1162 Acc: 1.0000
2025-11-23 22:30:31,688 - LeNet5_NumPy_logger - INFO - Epoch 5 [661/661 (100.0%)] Loss: 0.1684 Acc: 0.9688
2025-11-23 22:30:32,025 - LeNet5_NumPy_logger - INFO - Epoch 5 [671/671 (100.0%)] Loss: 0.1012 Acc: 1.0000
2025-11-23 22:30:32,325 - LeNet5_NumPy_logger - INFO - Epoch 5 [681/681 (100.0%)] Loss: 0.0322 Acc: 1.0000
2025-11-23 22:30:32,615 - LeNet5_NumPy_logger - INFO - Epoch 5 [691/691 (100.0%)] Loss: 0.0726 Acc: 1.0000
2025-11-23 22:30:32,888 - LeNet5_NumPy_logger - INFO - Epoch 5 [701/701 (100.0%)] Loss: 0.0175 Acc: 1.0000
2025-11-23 22:30:33,258 - LeNet5_NumPy_logger - INFO - Epoch 5 [711/711 (100.0%)] Loss: 0.1338 Acc: 1.0000
2025-11-23 22:30:33,653 - LeNet5_NumPy_logger - INFO - Epoch 5 [721/721 (100.0%)] Loss: 0.0977 Acc: 0.9688
2025-11-23 22:30:33,958 - LeNet5_NumPy_logger - INFO - Epoch 5 [731/731 (100.0%)] Loss: 0.0542 Acc: 1.0000
2025-11-23 22:30:34,265 - LeNet5_NumPy_logger - INFO - Epoch 5 [741/741 (100.0%)] Loss: 0.0670 Acc: 1.0000
2025-11-23 22:30:34,566 - LeNet5_NumPy_logger - INFO - Epoch 5 [751/751 (100.0%)] Loss: 0.0252 Acc: 1.0000
2025-11-23 22:30:34,856 - LeNet5_NumPy_logger - INFO - Epoch 5 [761/761 (100.0%)] Loss: 0.0141 Acc: 1.0000
2025-11-23 22:30:35,116 - LeNet5_NumPy_logger - INFO - Epoch 5 [771/771 (100.0%)] Loss: 0.0183 Acc: 1.0000
2025-11-23 22:30:35,385 - LeNet5_NumPy_logger - INFO - Epoch 5 [781/781 (100.0%)] Loss: 0.1968 Acc: 1.0000
2025-11-23 22:30:35,738 - LeNet5_NumPy_logger - INFO - Epoch 5 [791/791 (100.0%)] Loss: 0.1305 Acc: 1.0000
2025-11-23 22:30:36,046 - LeNet5_NumPy_logger - INFO - Epoch 5 [801/801 (100.0%)] Loss: 0.1864 Acc: 0.9688
2025-11-23 22:30:36,323 - LeNet5_NumPy_logger - INFO - Epoch 5 [811/811 (100.0%)] Loss: 0.0395 Acc: 1.0000
2025-11-23 22:30:36,694 - LeNet5_NumPy_logger - INFO - Epoch 5 [821/821 (100.0%)] Loss: 0.1198 Acc: 1.0000
2025-11-23 22:30:37,070 - LeNet5_NumPy_logger - INFO - Epoch 5 [831/831 (100.0%)] Loss: 0.0105 Acc: 1.0000
2025-11-23 22:30:37,344 - LeNet5_NumPy_logger - INFO - Epoch 5 [841/841 (100.0%)] Loss: 0.0244 Acc: 1.0000
2025-11-23 22:30:37,637 - LeNet5_NumPy_logger - INFO - Epoch 5 [851/851 (100.0%)] Loss: 0.0384 Acc: 1.0000
2025-11-23 22:30:37,977 - LeNet5_NumPy_logger - INFO - Epoch 5 [861/861 (100.0%)] Loss: 0.0896 Acc: 1.0000
2025-11-23 22:30:38,283 - LeNet5_NumPy_logger - INFO - Epoch 5 [871/871 (100.0%)] Loss: 0.0870 Acc: 1.0000
2025-11-23 22:30:38,579 - LeNet5_NumPy_logger - INFO - Epoch 5 [881/881 (100.0%)] Loss: 0.1168 Acc: 1.0000
2025-11-23 22:30:38,961 - LeNet5_NumPy_logger - INFO - Epoch 5 [891/891 (100.0%)] Loss: 0.2858 Acc: 0.9375
2025-11-23 22:30:39,271 - LeNet5_NumPy_logger - INFO - Epoch 5 [901/901 (100.0%)] Loss: 0.1091 Acc: 1.0000
2025-11-23 22:30:39,563 - LeNet5_NumPy_logger - INFO - Epoch 5 [911/911 (100.0%)] Loss: 0.0369 Acc: 1.0000
2025-11-23 22:30:39,871 - LeNet5_NumPy_logger - INFO - Epoch 5 [921/921 (100.0%)] Loss: 0.0796 Acc: 1.0000
2025-11-23 22:30:40,181 - LeNet5_NumPy_logger - INFO - Epoch 5 [931/931 (100.0%)] Loss: 0.0328 Acc: 1.0000
2025-11-23 22:30:40,577 - LeNet5_NumPy_logger - INFO - Epoch 5 [941/941 (100.0%)] Loss: 0.0241 Acc: 1.0000
2025-11-23 22:30:40,877 - LeNet5_NumPy_logger - INFO - Epoch 5 [951/951 (100.0%)] Loss: 0.1762 Acc: 0.9688
2025-11-23 22:30:41,291 - LeNet5_NumPy_logger - INFO - Epoch 5 [961/961 (100.0%)] Loss: 0.1027 Acc: 1.0000
2025-11-23 22:30:41,614 - LeNet5_NumPy_logger - INFO - Epoch 5 [971/971 (100.0%)] Loss: 0.2895 Acc: 0.9688
2025-11-23 22:30:41,874 - LeNet5_NumPy_logger - INFO - Epoch 5 [981/981 (100.0%)] Loss: 0.2438 Acc: 0.9688
2025-11-23 22:30:42,233 - LeNet5_NumPy_logger - INFO - Epoch 5 [991/991 (100.0%)] Loss: 0.0360 Acc: 1.0000
2025-11-23 22:30:42,513 - LeNet5_NumPy_logger - INFO - Epoch 5 [1001/1001 (100.0%)] Loss: 0.0882 Acc: 1.0000
2025-11-23 22:30:42,783 - LeNet5_NumPy_logger - INFO - Epoch 5 [1011/1011 (100.0%)] Loss: 0.1947 Acc: 0.9688
2025-11-23 22:30:43,070 - LeNet5_NumPy_logger - INFO - Epoch 5 [1021/1021 (100.0%)] Loss: 0.0853 Acc: 1.0000
2025-11-23 22:30:43,391 - LeNet5_NumPy_logger - INFO - Epoch 5 [1031/1031 (100.0%)] Loss: 0.0095 Acc: 1.0000
2025-11-23 22:30:43,696 - LeNet5_NumPy_logger - INFO - Epoch 5 [1041/1041 (100.0%)] Loss: 0.0134 Acc: 1.0000
2025-11-23 22:30:44,096 - LeNet5_NumPy_logger - INFO - Epoch 5 [1051/1051 (100.0%)] Loss: 0.0702 Acc: 1.0000
2025-11-23 22:30:44,466 - LeNet5_NumPy_logger - INFO - Epoch 5 [1061/1061 (100.0%)] Loss: 0.0992 Acc: 0.9688
2025-11-23 22:30:44,766 - LeNet5_NumPy_logger - INFO - Epoch 5 [1071/1071 (100.0%)] Loss: 0.0789 Acc: 1.0000
2025-11-23 22:30:45,082 - LeNet5_NumPy_logger - INFO - Epoch 5 [1081/1081 (100.0%)] Loss: 0.0238 Acc: 1.0000
2025-11-23 22:30:45,362 - LeNet5_NumPy_logger - INFO - Epoch 5 [1091/1091 (100.0%)] Loss: 0.0996 Acc: 1.0000
2025-11-23 22:30:45,684 - LeNet5_NumPy_logger - INFO - Epoch 5 [1101/1101 (100.0%)] Loss: 0.0214 Acc: 1.0000
2025-11-23 22:30:46,016 - LeNet5_NumPy_logger - INFO - Epoch 5 [1111/1111 (100.0%)] Loss: 0.0820 Acc: 1.0000
2025-11-23 22:30:46,333 - LeNet5_NumPy_logger - INFO - Epoch 5 [1121/1121 (100.0%)] Loss: 0.0336 Acc: 1.0000
2025-11-23 22:30:46,741 - LeNet5_NumPy_logger - INFO - Epoch 5 [1131/1131 (100.0%)] Loss: 0.0121 Acc: 1.0000
2025-11-23 22:30:47,085 - LeNet5_NumPy_logger - INFO - Epoch 5 [1141/1141 (100.0%)] Loss: 0.2885 Acc: 0.9688
2025-11-23 22:30:47,387 - LeNet5_NumPy_logger - INFO - Epoch 5 [1151/1151 (100.0%)] Loss: 0.0194 Acc: 1.0000
2025-11-23 22:30:47,879 - LeNet5_NumPy_logger - INFO - Epoch 5 [1161/1161 (100.0%)] Loss: 0.2129 Acc: 0.9375
2025-11-23 22:30:48,166 - LeNet5_NumPy_logger - INFO - Epoch 5 [1171/1171 (100.0%)] Loss: 0.0528 Acc: 1.0000
2025-11-23 22:30:48,464 - LeNet5_NumPy_logger - INFO - Epoch 5 [1181/1181 (100.0%)] Loss: 0.0400 Acc: 1.0000
2025-11-23 22:30:48,753 - LeNet5_NumPy_logger - INFO - Epoch 5 [1191/1191 (100.0%)] Loss: 0.0086 Acc: 1.0000
2025-11-23 22:30:49,091 - LeNet5_NumPy_logger - INFO - Epoch 5 [1201/1201 (100.0%)] Loss: 0.1845 Acc: 1.0000
2025-11-23 22:30:49,422 - LeNet5_NumPy_logger - INFO - Epoch 5 [1211/1211 (100.0%)] Loss: 0.0286 Acc: 1.0000
2025-11-23 22:30:49,723 - LeNet5_NumPy_logger - INFO - Epoch 5 [1221/1221 (100.0%)] Loss: 0.0089 Acc: 1.0000
2025-11-23 22:30:50,081 - LeNet5_NumPy_logger - INFO - Epoch 5 [1231/1231 (100.0%)] Loss: 0.0071 Acc: 1.0000
2025-11-23 22:30:50,379 - LeNet5_NumPy_logger - INFO - Epoch 5 [1241/1241 (100.0%)] Loss: 0.2296 Acc: 0.9688
2025-11-23 22:30:50,685 - LeNet5_NumPy_logger - INFO - Epoch 5 [1251/1251 (100.0%)] Loss: 0.1360 Acc: 1.0000
2025-11-23 22:30:51,000 - LeNet5_NumPy_logger - INFO - Epoch 5 [1261/1261 (100.0%)] Loss: 0.0254 Acc: 1.0000
2025-11-23 22:30:51,444 - LeNet5_NumPy_logger - INFO - Epoch 5 [1271/1271 (100.0%)] Loss: 0.0092 Acc: 1.0000
2025-11-23 22:30:51,768 - LeNet5_NumPy_logger - INFO - Epoch 5 [1281/1281 (100.0%)] Loss: 0.0927 Acc: 1.0000
2025-11-23 22:30:52,050 - LeNet5_NumPy_logger - INFO - Epoch 5 [1291/1291 (100.0%)] Loss: 0.1700 Acc: 1.0000
2025-11-23 22:30:52,419 - LeNet5_NumPy_logger - INFO - Epoch 5 [1301/1301 (100.0%)] Loss: 0.2659 Acc: 0.9688
2025-11-23 22:30:52,726 - LeNet5_NumPy_logger - INFO - Epoch 5 [1311/1311 (100.0%)] Loss: 0.1870 Acc: 1.0000
2025-11-23 22:30:53,039 - LeNet5_NumPy_logger - INFO - Epoch 5 [1321/1321 (100.0%)] Loss: 0.0882 Acc: 1.0000
2025-11-23 22:30:53,335 - LeNet5_NumPy_logger - INFO - Epoch 5 [1331/1331 (100.0%)] Loss: 0.0415 Acc: 1.0000
2025-11-23 22:30:53,776 - LeNet5_NumPy_logger - INFO - Epoch 5 [1341/1341 (100.0%)] Loss: 0.0828 Acc: 1.0000
2025-11-23 22:30:54,067 - LeNet5_NumPy_logger - INFO - Epoch 5 [1351/1351 (100.0%)] Loss: 0.3718 Acc: 0.9688
2025-11-23 22:30:54,362 - LeNet5_NumPy_logger - INFO - Epoch 5 [1361/1361 (100.0%)] Loss: 0.1045 Acc: 1.0000
2025-11-23 22:30:54,722 - LeNet5_NumPy_logger - INFO - Epoch 5 [1371/1371 (100.0%)] Loss: 0.2594 Acc: 0.9688
2025-11-23 22:30:55,132 - LeNet5_NumPy_logger - INFO - Epoch 5 [1381/1381 (100.0%)] Loss: 0.3463 Acc: 0.9375
2025-11-23 22:30:55,454 - LeNet5_NumPy_logger - INFO - Epoch 5 [1391/1391 (100.0%)] Loss: 0.3401 Acc: 0.9375
2025-11-23 22:30:55,819 - LeNet5_NumPy_logger - INFO - Epoch 5 [1401/1401 (100.0%)] Loss: 0.0234 Acc: 1.0000
2025-11-23 22:30:56,112 - LeNet5_NumPy_logger - INFO - Epoch 5 [1411/1411 (100.0%)] Loss: 0.0089 Acc: 1.0000
2025-11-23 22:30:56,417 - LeNet5_NumPy_logger - INFO - Epoch 5 [1421/1421 (100.0%)] Loss: 0.0725 Acc: 0.9688
2025-11-23 22:30:56,707 - LeNet5_NumPy_logger - INFO - Epoch 5 [1431/1431 (100.0%)] Loss: 0.0715 Acc: 1.0000
2025-11-23 22:30:57,101 - LeNet5_NumPy_logger - INFO - Epoch 5 [1441/1441 (100.0%)] Loss: 0.0531 Acc: 1.0000
2025-11-23 22:30:57,395 - LeNet5_NumPy_logger - INFO - Epoch 5 [1451/1451 (100.0%)] Loss: 0.0565 Acc: 1.0000
2025-11-23 22:30:57,682 - LeNet5_NumPy_logger - INFO - Epoch 5 [1461/1461 (100.0%)] Loss: 0.0152 Acc: 1.0000
2025-11-23 22:30:58,063 - LeNet5_NumPy_logger - INFO - Epoch 5 [1471/1471 (100.0%)] Loss: 0.0758 Acc: 1.0000
2025-11-23 22:30:58,375 - LeNet5_NumPy_logger - INFO - Epoch 5 [1481/1481 (100.0%)] Loss: 0.0768 Acc: 1.0000
2025-11-23 22:30:58,776 - LeNet5_NumPy_logger - INFO - Epoch 5 [1491/1491 (100.0%)] Loss: 0.2674 Acc: 0.9688
2025-11-23 22:30:59,158 - LeNet5_NumPy_logger - INFO - Epoch 5 [1501/1501 (100.0%)] Loss: 0.0286 Acc: 1.0000
2025-11-23 22:30:59,449 - LeNet5_NumPy_logger - INFO - Epoch 5 [1511/1511 (100.0%)] Loss: 0.0589 Acc: 1.0000
2025-11-23 22:30:59,749 - LeNet5_NumPy_logger - INFO - Epoch 5 [1521/1521 (100.0%)] Loss: 0.0823 Acc: 1.0000
2025-11-23 22:31:00,062 - LeNet5_NumPy_logger - INFO - Epoch 5 [1531/1531 (100.0%)] Loss: 0.0174 Acc: 1.0000
2025-11-23 22:31:00,446 - LeNet5_NumPy_logger - INFO - Epoch 5 [1541/1541 (100.0%)] Loss: 0.0363 Acc: 1.0000
2025-11-23 22:31:00,753 - LeNet5_NumPy_logger - INFO - Epoch 5 [1551/1551 (100.0%)] Loss: 0.0706 Acc: 1.0000
2025-11-23 22:31:01,074 - LeNet5_NumPy_logger - INFO - Epoch 5 [1561/1561 (100.0%)] Loss: 0.0200 Acc: 1.0000
2025-11-23 22:31:01,424 - LeNet5_NumPy_logger - INFO - Epoch 5 [1571/1571 (100.0%)] Loss: 0.1063 Acc: 1.0000
2025-11-23 22:31:01,725 - LeNet5_NumPy_logger - INFO - Epoch 5 [1581/1581 (100.0%)] Loss: 0.0597 Acc: 1.0000
2025-11-23 22:31:02,028 - LeNet5_NumPy_logger - INFO - Epoch 5 [1591/1591 (100.0%)] Loss: 0.0154 Acc: 1.0000
2025-11-23 22:31:02,415 - LeNet5_NumPy_logger - INFO - Epoch 5 [1601/1601 (100.0%)] Loss: 0.0556 Acc: 1.0000
2025-11-23 22:31:02,749 - LeNet5_NumPy_logger - INFO - Epoch 5 [1611/1611 (100.0%)] Loss: 0.0474 Acc: 1.0000
2025-11-23 22:31:03,037 - LeNet5_NumPy_logger - INFO - Epoch 5 [1621/1621 (100.0%)] Loss: 0.0247 Acc: 1.0000
2025-11-23 22:31:03,332 - LeNet5_NumPy_logger - INFO - Epoch 5 [1631/1631 (100.0%)] Loss: 0.2177 Acc: 0.9688
2025-11-23 22:31:03,681 - LeNet5_NumPy_logger - INFO - Epoch 5 [1641/1641 (100.0%)] Loss: 0.0793 Acc: 1.0000
2025-11-23 22:31:04,010 - LeNet5_NumPy_logger - INFO - Epoch 5 [1651/1651 (100.0%)] Loss: 0.0332 Acc: 1.0000
2025-11-23 22:31:04,354 - LeNet5_NumPy_logger - INFO - Epoch 5 [1661/1661 (100.0%)] Loss: 0.0111 Acc: 1.0000
2025-11-23 22:31:04,642 - LeNet5_NumPy_logger - INFO - Epoch 5 [1671/1671 (100.0%)] Loss: 0.1531 Acc: 0.9688
2025-11-23 22:31:04,992 - LeNet5_NumPy_logger - INFO - Epoch 5 [1681/1681 (100.0%)] Loss: 0.0269 Acc: 1.0000
2025-11-23 22:31:05,257 - LeNet5_NumPy_logger - INFO - Epoch 5 [1691/1691 (100.0%)] Loss: 0.0807 Acc: 1.0000
2025-11-23 22:31:05,521 - LeNet5_NumPy_logger - INFO - Epoch 5 [1701/1701 (100.0%)] Loss: 0.0780 Acc: 1.0000
2025-11-23 22:31:05,989 - LeNet5_NumPy_logger - INFO - Epoch 5 [1711/1711 (100.0%)] Loss: 0.0823 Acc: 1.0000
2025-11-23 22:31:06,255 - LeNet5_NumPy_logger - INFO - Epoch 5 [1721/1721 (100.0%)] Loss: 0.0211 Acc: 1.0000
2025-11-23 22:31:06,598 - LeNet5_NumPy_logger - INFO - Epoch 5 [1731/1731 (100.0%)] Loss: 0.1407 Acc: 1.0000
2025-11-23 22:31:06,909 - LeNet5_NumPy_logger - INFO - Epoch 5 [1741/1741 (100.0%)] Loss: 0.0229 Acc: 1.0000
2025-11-23 22:31:07,210 - LeNet5_NumPy_logger - INFO - Epoch 5 [1751/1751 (100.0%)] Loss: 0.1534 Acc: 0.9688
2025-11-23 22:31:07,508 - LeNet5_NumPy_logger - INFO - Epoch 5 [1761/1761 (100.0%)] Loss: 0.0111 Acc: 1.0000
2025-11-23 22:31:07,787 - LeNet5_NumPy_logger - INFO - Epoch 5 [1771/1771 (100.0%)] Loss: 0.0197 Acc: 1.0000
2025-11-23 22:31:08,160 - LeNet5_NumPy_logger - INFO - Epoch 5 [1781/1781 (100.0%)] Loss: 0.0635 Acc: 1.0000
2025-11-23 22:31:08,437 - LeNet5_NumPy_logger - INFO - Epoch 5 [1791/1791 (100.0%)] Loss: 0.0344 Acc: 1.0000
2025-11-23 22:31:08,712 - LeNet5_NumPy_logger - INFO - Epoch 5 [1801/1801 (100.0%)] Loss: 0.2108 Acc: 1.0000
2025-11-23 22:31:09,007 - LeNet5_NumPy_logger - INFO - Epoch 5 [1811/1811 (100.0%)] Loss: 0.0410 Acc: 1.0000
2025-11-23 22:31:09,456 - LeNet5_NumPy_logger - INFO - Epoch 5 [1821/1821 (100.0%)] Loss: 0.0685 Acc: 1.0000
2025-11-23 22:31:09,765 - LeNet5_NumPy_logger - INFO - Epoch 5 [1831/1831 (100.0%)] Loss: 0.0141 Acc: 1.0000
2025-11-23 22:31:10,077 - LeNet5_NumPy_logger - INFO - Epoch 5 [1841/1841 (100.0%)] Loss: 0.2406 Acc: 0.9688
2025-11-23 22:31:10,442 - LeNet5_NumPy_logger - INFO - Epoch 5 [1851/1851 (100.0%)] Loss: 0.0048 Acc: 1.0000
2025-11-23 22:31:10,745 - LeNet5_NumPy_logger - INFO - Epoch 5 [1861/1861 (100.0%)] Loss: 0.0244 Acc: 1.0000
2025-11-23 22:31:11,016 - LeNet5_NumPy_logger - INFO - Epoch 5 [1871/1871 (100.0%)] Loss: 0.1741 Acc: 0.9688
2025-11-23 22:31:14,532 - LeNet5_NumPy_logger - INFO - Epoch   5 | Train Loss: 0.0923 | Train Acc: 0.9710 | Val Loss: 0.0849 | Val Acc: 0.0849
2025-11-23 22:31:17,705 - LeNet5_NumPy_logger - INFO - ============================================================
2025-11-23 22:31:17,705 - LeNet5_NumPy_logger - INFO - 训练完成！最终性能指标:
2025-11-23 22:31:17,705 - LeNet5_NumPy_logger - INFO -   test_accuracy: 0.9735
2025-11-23 22:31:17,705 - LeNet5_NumPy_logger - INFO -   test_loss: 0.0849
2025-11-23 22:31:17,705 - LeNet5_NumPy_logger - INFO -   training_time: 362.2672
2025-11-23 22:31:17,705 - LeNet5_NumPy_logger - INFO - ============================================================
2025-11-23 22:31:17,705 - LeNet5_NumPy_logger - INFO - 训练结束时间: 2025-11-23 22:31:17
2025-11-23 22:31:17,705 - LeNet5_NumPy_logger - INFO - 总训练时间: 00:06:05
2025-11-23 22:31:17,705 - LeNet5_NumPy_logger - INFO - 日志文件: ../assets/logs/LeNet5_NumPy_20251123_222512.log
2025-11-23 22:31:17,705 - LeNet5_NumPy_logger - INFO - ============================================================
