2025-11-24 15:53:07,178 - LeNet5_NumPy_logger - INFO - ============================================================
2025-11-24 15:53:07,178 - LeNet5_NumPy_logger - INFO - 开始训练模型: LeNet5_NumPy
2025-11-24 15:53:07,178 - LeNet5_NumPy_logger - INFO - 训练开始时间: 2025-11-24 15:53:07
2025-11-24 15:53:07,178 - LeNet5_NumPy_logger - INFO - 训练配置:
2025-11-24 15:53:07,179 - LeNet5_NumPy_logger - INFO -   model_type: LeNet-5 NumPy
2025-11-24 15:53:07,179 - LeNet5_NumPy_logger - INFO -   learning_rate: 0.01
2025-11-24 15:53:07,179 - LeNet5_NumPy_logger - INFO -   batch_size: 32
2025-11-24 15:53:07,179 - LeNet5_NumPy_logger - INFO -   epochs: 5
2025-11-24 15:53:07,179 - LeNet5_NumPy_logger - INFO -   activation: Sigmoid
2025-11-24 15:53:07,179 - LeNet5_NumPy_logger - INFO -   device: NumPy
2025-11-24 15:53:07,179 - LeNet5_NumPy_logger - INFO - ============================================================
2025-11-24 15:53:07,179 - LeNet5_NumPy_logger - INFO - 数据集信息:
2025-11-24 15:53:07,179 - LeNet5_NumPy_logger - INFO -   训练样本数: 60000
2025-11-24 15:53:07,179 - LeNet5_NumPy_logger - INFO -   测试样本数: 10000
2025-11-24 15:53:07,179 - LeNet5_NumPy_logger - INFO -   输入形状: (1, 28, 28)
2025-11-24 15:53:07,179 - LeNet5_NumPy_logger - INFO -   类别数: 10
2025-11-24 15:53:07,984 - LeNet5_NumPy_logger - INFO - Epoch 1 [1/1 (100.0%)] Loss: 2.7086 Acc: 0.1562
2025-11-24 15:53:16,471 - LeNet5_NumPy_logger - INFO - Epoch 1 [11/11 (100.0%)] Loss: 2.3539 Acc: 0.1875
2025-11-24 15:53:17,717 - LeNet5_NumPy_logger - INFO - Epoch 1 [21/21 (100.0%)] Loss: 2.3321 Acc: 0.1250
2025-11-24 15:53:18,084 - LeNet5_NumPy_logger - INFO - Epoch 1 [31/31 (100.0%)] Loss: 2.3288 Acc: 0.1875
2025-11-24 15:53:18,752 - LeNet5_NumPy_logger - INFO - Epoch 1 [41/41 (100.0%)] Loss: 2.3162 Acc: 0.2188
2025-11-24 15:53:19,385 - LeNet5_NumPy_logger - INFO - Epoch 1 [51/51 (100.0%)] Loss: 2.3458 Acc: 0.1562
2025-11-24 15:53:19,720 - LeNet5_NumPy_logger - INFO - Epoch 1 [61/61 (100.0%)] Loss: 2.3180 Acc: 0.1875
2025-11-24 15:53:19,974 - LeNet5_NumPy_logger - INFO - Epoch 1 [71/71 (100.0%)] Loss: 2.3029 Acc: 0.1875
2025-11-24 15:53:20,350 - LeNet5_NumPy_logger - INFO - Epoch 1 [81/81 (100.0%)] Loss: 2.3269 Acc: 0.1562
2025-11-24 15:53:20,573 - LeNet5_NumPy_logger - INFO - Epoch 1 [91/91 (100.0%)] Loss: 2.3410 Acc: 0.1250
2025-11-24 15:53:20,761 - LeNet5_NumPy_logger - INFO - Epoch 1 [101/101 (100.0%)] Loss: 2.2591 Acc: 0.2500
2025-11-24 15:53:21,084 - LeNet5_NumPy_logger - INFO - Epoch 1 [111/111 (100.0%)] Loss: 2.3793 Acc: 0.1250
2025-11-24 15:53:22,274 - LeNet5_NumPy_logger - INFO - Epoch 1 [121/121 (100.0%)] Loss: 2.3572 Acc: 0.1250
2025-11-24 15:53:22,462 - LeNet5_NumPy_logger - INFO - Epoch 1 [131/131 (100.0%)] Loss: 2.3158 Acc: 0.2188
2025-11-24 15:53:22,713 - LeNet5_NumPy_logger - INFO - Epoch 1 [141/141 (100.0%)] Loss: 2.3263 Acc: 0.1875
2025-11-24 15:53:22,974 - LeNet5_NumPy_logger - INFO - Epoch 1 [151/151 (100.0%)] Loss: 2.3049 Acc: 0.1250
2025-11-24 15:53:23,169 - LeNet5_NumPy_logger - INFO - Epoch 1 [161/161 (100.0%)] Loss: 2.3412 Acc: 0.2188
2025-11-24 15:53:23,395 - LeNet5_NumPy_logger - INFO - Epoch 1 [171/171 (100.0%)] Loss: 2.3103 Acc: 0.1875
2025-11-24 15:53:23,691 - LeNet5_NumPy_logger - INFO - Epoch 1 [181/181 (100.0%)] Loss: 2.2999 Acc: 0.1250
2025-11-24 15:53:23,919 - LeNet5_NumPy_logger - INFO - Epoch 1 [191/191 (100.0%)] Loss: 2.2795 Acc: 0.2188
2025-11-24 15:53:24,112 - LeNet5_NumPy_logger - INFO - Epoch 1 [201/201 (100.0%)] Loss: 2.3635 Acc: 0.1875
2025-11-24 15:53:24,302 - LeNet5_NumPy_logger - INFO - Epoch 1 [211/211 (100.0%)] Loss: 2.3341 Acc: 0.1875
2025-11-24 15:53:24,646 - LeNet5_NumPy_logger - INFO - Epoch 1 [221/221 (100.0%)] Loss: 2.2594 Acc: 0.1875
2025-11-24 15:53:24,913 - LeNet5_NumPy_logger - INFO - Epoch 1 [231/231 (100.0%)] Loss: 2.3080 Acc: 0.2188
2025-11-24 15:53:25,307 - LeNet5_NumPy_logger - INFO - Epoch 1 [241/241 (100.0%)] Loss: 2.3690 Acc: 0.1250
2025-11-24 15:53:25,482 - LeNet5_NumPy_logger - INFO - Epoch 1 [251/251 (100.0%)] Loss: 2.3130 Acc: 0.1562
2025-11-24 15:53:25,743 - LeNet5_NumPy_logger - INFO - Epoch 1 [261/261 (100.0%)] Loss: 2.3513 Acc: 0.1562
2025-11-24 15:53:26,016 - LeNet5_NumPy_logger - INFO - Epoch 1 [271/271 (100.0%)] Loss: 2.3391 Acc: 0.1875
2025-11-24 15:53:26,211 - LeNet5_NumPy_logger - INFO - Epoch 1 [281/281 (100.0%)] Loss: 2.2789 Acc: 0.2500
2025-11-24 15:53:26,525 - LeNet5_NumPy_logger - INFO - Epoch 1 [291/291 (100.0%)] Loss: 2.3059 Acc: 0.1562
2025-11-24 15:53:26,823 - LeNet5_NumPy_logger - INFO - Epoch 1 [301/301 (100.0%)] Loss: 2.3269 Acc: 0.1562
2025-11-24 15:53:27,108 - LeNet5_NumPy_logger - INFO - Epoch 1 [311/311 (100.0%)] Loss: 2.2980 Acc: 0.1875
2025-11-24 15:53:27,325 - LeNet5_NumPy_logger - INFO - Epoch 1 [321/321 (100.0%)] Loss: 2.3644 Acc: 0.2188
2025-11-24 15:53:27,512 - LeNet5_NumPy_logger - INFO - Epoch 1 [331/331 (100.0%)] Loss: 2.2886 Acc: 0.1562
2025-11-24 15:53:27,847 - LeNet5_NumPy_logger - INFO - Epoch 1 [341/341 (100.0%)] Loss: 2.2965 Acc: 0.2500
2025-11-24 15:53:28,119 - LeNet5_NumPy_logger - INFO - Epoch 1 [351/351 (100.0%)] Loss: 2.3114 Acc: 0.0938
2025-11-24 15:53:28,423 - LeNet5_NumPy_logger - INFO - Epoch 1 [361/361 (100.0%)] Loss: 2.3169 Acc: 0.2188
2025-11-24 15:53:28,603 - LeNet5_NumPy_logger - INFO - Epoch 1 [371/371 (100.0%)] Loss: 2.2947 Acc: 0.1562
2025-11-24 15:53:28,872 - LeNet5_NumPy_logger - INFO - Epoch 1 [381/381 (100.0%)] Loss: 2.2854 Acc: 0.1875
2025-11-24 15:53:29,067 - LeNet5_NumPy_logger - INFO - Epoch 1 [391/391 (100.0%)] Loss: 2.3278 Acc: 0.1250
2025-11-24 15:53:29,456 - LeNet5_NumPy_logger - INFO - Epoch 1 [401/401 (100.0%)] Loss: 2.3216 Acc: 0.0938
2025-11-24 15:53:29,774 - LeNet5_NumPy_logger - INFO - Epoch 1 [411/411 (100.0%)] Loss: 2.3428 Acc: 0.1875
2025-11-24 15:53:30,044 - LeNet5_NumPy_logger - INFO - Epoch 1 [421/421 (100.0%)] Loss: 2.3804 Acc: 0.0625
2025-11-24 15:53:30,469 - LeNet5_NumPy_logger - INFO - Epoch 1 [431/431 (100.0%)] Loss: 2.2980 Acc: 0.1250
2025-11-24 15:53:30,849 - LeNet5_NumPy_logger - INFO - Epoch 1 [441/441 (100.0%)] Loss: 2.2835 Acc: 0.1875
2025-11-24 15:53:31,478 - LeNet5_NumPy_logger - INFO - Epoch 1 [451/451 (100.0%)] Loss: 2.2818 Acc: 0.2500
2025-11-24 15:53:31,652 - LeNet5_NumPy_logger - INFO - Epoch 1 [461/461 (100.0%)] Loss: 2.3176 Acc: 0.1562
2025-11-24 15:53:32,025 - LeNet5_NumPy_logger - INFO - Epoch 1 [471/471 (100.0%)] Loss: 2.2895 Acc: 0.1562
2025-11-24 15:53:32,336 - LeNet5_NumPy_logger - INFO - Epoch 1 [481/481 (100.0%)] Loss: 2.3590 Acc: 0.0000
2025-11-24 15:53:32,894 - LeNet5_NumPy_logger - INFO - Epoch 1 [491/491 (100.0%)] Loss: 2.3101 Acc: 0.0938
2025-11-24 15:53:33,075 - LeNet5_NumPy_logger - INFO - Epoch 1 [501/501 (100.0%)] Loss: 2.3195 Acc: 0.0938
2025-11-24 15:53:33,281 - LeNet5_NumPy_logger - INFO - Epoch 1 [511/511 (100.0%)] Loss: 2.2877 Acc: 0.1250
2025-11-24 15:53:33,487 - LeNet5_NumPy_logger - INFO - Epoch 1 [521/521 (100.0%)] Loss: 2.3314 Acc: 0.0625
2025-11-24 15:53:33,773 - LeNet5_NumPy_logger - INFO - Epoch 1 [531/531 (100.0%)] Loss: 2.3456 Acc: 0.0312
2025-11-24 15:53:34,004 - LeNet5_NumPy_logger - INFO - Epoch 1 [541/541 (100.0%)] Loss: 2.2920 Acc: 0.1875
2025-11-24 15:53:34,711 - LeNet5_NumPy_logger - INFO - Epoch 1 [551/551 (100.0%)] Loss: 2.3064 Acc: 0.0938
2025-11-24 15:53:35,345 - LeNet5_NumPy_logger - INFO - Epoch 1 [561/561 (100.0%)] Loss: 2.3357 Acc: 0.0625
2025-11-24 15:53:35,806 - LeNet5_NumPy_logger - INFO - Epoch 1 [571/571 (100.0%)] Loss: 2.3391 Acc: 0.0312
2025-11-24 15:53:36,186 - LeNet5_NumPy_logger - INFO - Epoch 1 [581/581 (100.0%)] Loss: 2.3477 Acc: 0.1250
2025-11-24 15:53:36,348 - LeNet5_NumPy_logger - INFO - Epoch 1 [591/591 (100.0%)] Loss: 2.3073 Acc: 0.0938
2025-11-24 15:53:36,616 - LeNet5_NumPy_logger - INFO - Epoch 1 [601/601 (100.0%)] Loss: 2.3012 Acc: 0.1562
2025-11-24 15:53:36,948 - LeNet5_NumPy_logger - INFO - Epoch 1 [611/611 (100.0%)] Loss: 2.3135 Acc: 0.1875
2025-11-24 15:53:37,272 - LeNet5_NumPy_logger - INFO - Epoch 1 [621/621 (100.0%)] Loss: 2.3231 Acc: 0.1250
2025-11-24 15:53:37,869 - LeNet5_NumPy_logger - INFO - Epoch 1 [631/631 (100.0%)] Loss: 2.3162 Acc: 0.1562
2025-11-24 15:53:38,202 - LeNet5_NumPy_logger - INFO - Epoch 1 [641/641 (100.0%)] Loss: 2.2904 Acc: 0.2188
2025-11-24 15:53:38,405 - LeNet5_NumPy_logger - INFO - Epoch 1 [651/651 (100.0%)] Loss: 2.3308 Acc: 0.0312
2025-11-24 15:53:38,941 - LeNet5_NumPy_logger - INFO - Epoch 1 [661/661 (100.0%)] Loss: 2.2951 Acc: 0.0625
2025-11-24 15:53:39,273 - LeNet5_NumPy_logger - INFO - Epoch 1 [671/671 (100.0%)] Loss: 2.3067 Acc: 0.0625
2025-11-24 15:53:39,794 - LeNet5_NumPy_logger - INFO - Epoch 1 [681/681 (100.0%)] Loss: 2.2679 Acc: 0.2812
2025-11-24 15:53:40,093 - LeNet5_NumPy_logger - INFO - Epoch 1 [691/691 (100.0%)] Loss: 2.2941 Acc: 0.0938
2025-11-24 15:53:40,357 - LeNet5_NumPy_logger - INFO - Epoch 1 [701/701 (100.0%)] Loss: 2.2753 Acc: 0.1875
2025-11-24 15:53:41,241 - LeNet5_NumPy_logger - INFO - Epoch 1 [711/711 (100.0%)] Loss: 2.3080 Acc: 0.1250
2025-11-24 15:53:42,015 - LeNet5_NumPy_logger - INFO - Epoch 1 [721/721 (100.0%)] Loss: 2.3003 Acc: 0.1875
2025-11-24 15:53:42,857 - LeNet5_NumPy_logger - INFO - Epoch 1 [731/731 (100.0%)] Loss: 2.2950 Acc: 0.2500
2025-11-24 15:53:43,250 - LeNet5_NumPy_logger - INFO - Epoch 1 [741/741 (100.0%)] Loss: 2.2762 Acc: 0.1875
2025-11-24 15:53:43,634 - LeNet5_NumPy_logger - INFO - Epoch 1 [751/751 (100.0%)] Loss: 2.3493 Acc: 0.0312
2025-11-24 15:53:44,096 - LeNet5_NumPy_logger - INFO - Epoch 1 [761/761 (100.0%)] Loss: 2.3537 Acc: 0.1562
2025-11-24 15:53:44,569 - LeNet5_NumPy_logger - INFO - Epoch 1 [771/771 (100.0%)] Loss: 2.3127 Acc: 0.1250
2025-11-24 15:53:44,998 - LeNet5_NumPy_logger - INFO - Epoch 1 [781/781 (100.0%)] Loss: 2.3080 Acc: 0.0938
2025-11-24 15:53:45,440 - LeNet5_NumPy_logger - INFO - Epoch 1 [791/791 (100.0%)] Loss: 2.2938 Acc: 0.0938
2025-11-24 15:53:46,101 - LeNet5_NumPy_logger - INFO - Epoch 1 [801/801 (100.0%)] Loss: 2.3154 Acc: 0.1250
2025-11-24 15:53:46,339 - LeNet5_NumPy_logger - INFO - Epoch 1 [811/811 (100.0%)] Loss: 2.2673 Acc: 0.2812
2025-11-24 15:53:46,594 - LeNet5_NumPy_logger - INFO - Epoch 1 [821/821 (100.0%)] Loss: 2.2946 Acc: 0.1250
2025-11-24 15:53:46,832 - LeNet5_NumPy_logger - INFO - Epoch 1 [831/831 (100.0%)] Loss: 2.3147 Acc: 0.2188
2025-11-24 15:53:47,290 - LeNet5_NumPy_logger - INFO - Epoch 1 [841/841 (100.0%)] Loss: 2.3035 Acc: 0.0625
2025-11-24 15:53:47,597 - LeNet5_NumPy_logger - INFO - Epoch 1 [851/851 (100.0%)] Loss: 2.3098 Acc: 0.1875
2025-11-24 15:53:47,914 - LeNet5_NumPy_logger - INFO - Epoch 1 [861/861 (100.0%)] Loss: 2.2911 Acc: 0.1250
2025-11-24 15:53:48,472 - LeNet5_NumPy_logger - INFO - Epoch 1 [871/871 (100.0%)] Loss: 2.2860 Acc: 0.1562
2025-11-24 15:53:49,048 - LeNet5_NumPy_logger - INFO - Epoch 1 [881/881 (100.0%)] Loss: 2.2912 Acc: 0.2188
2025-11-24 15:53:49,470 - LeNet5_NumPy_logger - INFO - Epoch 1 [891/891 (100.0%)] Loss: 2.2741 Acc: 0.2188
2025-11-24 15:53:49,946 - LeNet5_NumPy_logger - INFO - Epoch 1 [901/901 (100.0%)] Loss: 2.2964 Acc: 0.1875
2025-11-24 15:53:50,218 - LeNet5_NumPy_logger - INFO - Epoch 1 [911/911 (100.0%)] Loss: 2.2987 Acc: 0.2188
2025-11-24 15:53:50,809 - LeNet5_NumPy_logger - INFO - Epoch 1 [921/921 (100.0%)] Loss: 2.3136 Acc: 0.1250
2025-11-24 15:53:51,094 - LeNet5_NumPy_logger - INFO - Epoch 1 [931/931 (100.0%)] Loss: 2.2997 Acc: 0.1562
2025-11-24 15:53:51,434 - LeNet5_NumPy_logger - INFO - Epoch 1 [941/941 (100.0%)] Loss: 2.3104 Acc: 0.2188
2025-11-24 15:53:51,608 - LeNet5_NumPy_logger - INFO - Epoch 1 [951/951 (100.0%)] Loss: 2.2908 Acc: 0.1875
2025-11-24 15:53:52,334 - LeNet5_NumPy_logger - INFO - Epoch 1 [961/961 (100.0%)] Loss: 2.3336 Acc: 0.1250
2025-11-24 15:53:52,891 - LeNet5_NumPy_logger - INFO - Epoch 1 [971/971 (100.0%)] Loss: 2.3237 Acc: 0.0625
2025-11-24 15:53:53,241 - LeNet5_NumPy_logger - INFO - Epoch 1 [981/981 (100.0%)] Loss: 2.3165 Acc: 0.0625
2025-11-24 15:53:53,551 - LeNet5_NumPy_logger - INFO - Epoch 1 [991/991 (100.0%)] Loss: 2.3892 Acc: 0.0000
2025-11-24 15:53:54,080 - LeNet5_NumPy_logger - INFO - Epoch 1 [1001/1001 (100.0%)] Loss: 2.3534 Acc: 0.0938
2025-11-24 15:53:54,418 - LeNet5_NumPy_logger - INFO - Epoch 1 [1011/1011 (100.0%)] Loss: 2.2984 Acc: 0.1250
2025-11-24 15:53:54,651 - LeNet5_NumPy_logger - INFO - Epoch 1 [1021/1021 (100.0%)] Loss: 2.3088 Acc: 0.0625
2025-11-24 15:53:54,919 - LeNet5_NumPy_logger - INFO - Epoch 1 [1031/1031 (100.0%)] Loss: 2.3393 Acc: 0.1875
2025-11-24 15:53:55,599 - LeNet5_NumPy_logger - INFO - Epoch 1 [1041/1041 (100.0%)] Loss: 2.2771 Acc: 0.1562
2025-11-24 15:53:56,103 - LeNet5_NumPy_logger - INFO - Epoch 1 [1051/1051 (100.0%)] Loss: 2.3329 Acc: 0.0625
2025-11-24 15:53:56,414 - LeNet5_NumPy_logger - INFO - Epoch 1 [1061/1061 (100.0%)] Loss: 2.2772 Acc: 0.1562
2025-11-24 15:53:56,604 - LeNet5_NumPy_logger - INFO - Epoch 1 [1071/1071 (100.0%)] Loss: 2.2943 Acc: 0.1250
2025-11-24 15:53:56,771 - LeNet5_NumPy_logger - INFO - Epoch 1 [1081/1081 (100.0%)] Loss: 2.3174 Acc: 0.2188
2025-11-24 15:53:57,134 - LeNet5_NumPy_logger - INFO - Epoch 1 [1091/1091 (100.0%)] Loss: 2.3375 Acc: 0.0938
2025-11-24 15:53:57,437 - LeNet5_NumPy_logger - INFO - Epoch 1 [1101/1101 (100.0%)] Loss: 2.3127 Acc: 0.1875
2025-11-24 15:53:57,732 - LeNet5_NumPy_logger - INFO - Epoch 1 [1111/1111 (100.0%)] Loss: 2.3098 Acc: 0.0312
2025-11-24 15:53:57,929 - LeNet5_NumPy_logger - INFO - Epoch 1 [1121/1121 (100.0%)] Loss: 2.2855 Acc: 0.2500
2025-11-24 15:53:58,191 - LeNet5_NumPy_logger - INFO - Epoch 1 [1131/1131 (100.0%)] Loss: 2.3016 Acc: 0.1250
2025-11-24 15:53:58,598 - LeNet5_NumPy_logger - INFO - Epoch 1 [1141/1141 (100.0%)] Loss: 2.3108 Acc: 0.1562
2025-11-24 15:53:58,770 - LeNet5_NumPy_logger - INFO - Epoch 1 [1151/1151 (100.0%)] Loss: 2.3399 Acc: 0.0938
2025-11-24 15:53:58,989 - LeNet5_NumPy_logger - INFO - Epoch 1 [1161/1161 (100.0%)] Loss: 2.2800 Acc: 0.1562
2025-11-24 15:53:59,349 - LeNet5_NumPy_logger - INFO - Epoch 1 [1171/1171 (100.0%)] Loss: 2.2871 Acc: 0.1562
2025-11-24 15:53:59,559 - LeNet5_NumPy_logger - INFO - Epoch 1 [1181/1181 (100.0%)] Loss: 2.3002 Acc: 0.1562
2025-11-24 15:54:00,466 - LeNet5_NumPy_logger - INFO - Epoch 1 [1191/1191 (100.0%)] Loss: 2.3223 Acc: 0.1562
2025-11-24 15:54:00,827 - LeNet5_NumPy_logger - INFO - Epoch 1 [1201/1201 (100.0%)] Loss: 2.3070 Acc: 0.1250
2025-11-24 15:54:01,081 - LeNet5_NumPy_logger - INFO - Epoch 1 [1211/1211 (100.0%)] Loss: 2.3146 Acc: 0.1562
2025-11-24 15:54:01,504 - LeNet5_NumPy_logger - INFO - Epoch 1 [1221/1221 (100.0%)] Loss: 2.2942 Acc: 0.2812
2025-11-24 15:54:01,861 - LeNet5_NumPy_logger - INFO - Epoch 1 [1231/1231 (100.0%)] Loss: 2.3049 Acc: 0.1250
2025-11-24 15:54:02,696 - LeNet5_NumPy_logger - INFO - Epoch 1 [1241/1241 (100.0%)] Loss: 2.2893 Acc: 0.1562
2025-11-24 15:54:03,068 - LeNet5_NumPy_logger - INFO - Epoch 1 [1251/1251 (100.0%)] Loss: 2.2820 Acc: 0.1875
2025-11-24 15:54:03,276 - LeNet5_NumPy_logger - INFO - Epoch 1 [1261/1261 (100.0%)] Loss: 2.3173 Acc: 0.0312
2025-11-24 15:54:03,479 - LeNet5_NumPy_logger - INFO - Epoch 1 [1271/1271 (100.0%)] Loss: 2.2931 Acc: 0.2812
2025-11-24 15:54:03,688 - LeNet5_NumPy_logger - INFO - Epoch 1 [1281/1281 (100.0%)] Loss: 2.2870 Acc: 0.1875
2025-11-24 15:54:03,926 - LeNet5_NumPy_logger - INFO - Epoch 1 [1291/1291 (100.0%)] Loss: 2.3104 Acc: 0.1250
2025-11-24 15:54:04,145 - LeNet5_NumPy_logger - INFO - Epoch 1 [1301/1301 (100.0%)] Loss: 2.3087 Acc: 0.0625
2025-11-24 15:54:04,366 - LeNet5_NumPy_logger - INFO - Epoch 1 [1311/1311 (100.0%)] Loss: 2.2821 Acc: 0.1562
2025-11-24 15:54:04,633 - LeNet5_NumPy_logger - INFO - Epoch 1 [1321/1321 (100.0%)] Loss: 2.3067 Acc: 0.0938
2025-11-24 15:54:04,928 - LeNet5_NumPy_logger - INFO - Epoch 1 [1331/1331 (100.0%)] Loss: 2.3016 Acc: 0.0938
2025-11-24 15:54:05,292 - LeNet5_NumPy_logger - INFO - Epoch 1 [1341/1341 (100.0%)] Loss: 2.2858 Acc: 0.1875
2025-11-24 15:54:05,623 - LeNet5_NumPy_logger - INFO - Epoch 1 [1351/1351 (100.0%)] Loss: 2.3074 Acc: 0.1250
2025-11-24 15:54:05,867 - LeNet5_NumPy_logger - INFO - Epoch 1 [1361/1361 (100.0%)] Loss: 2.3089 Acc: 0.1562
2025-11-24 15:54:06,141 - LeNet5_NumPy_logger - INFO - Epoch 1 [1371/1371 (100.0%)] Loss: 2.2725 Acc: 0.1250
2025-11-24 15:54:06,336 - LeNet5_NumPy_logger - INFO - Epoch 1 [1381/1381 (100.0%)] Loss: 2.3051 Acc: 0.0938
2025-11-24 15:54:06,683 - LeNet5_NumPy_logger - INFO - Epoch 1 [1391/1391 (100.0%)] Loss: 2.3068 Acc: 0.0938
2025-11-24 15:54:06,895 - LeNet5_NumPy_logger - INFO - Epoch 1 [1401/1401 (100.0%)] Loss: 2.3003 Acc: 0.2188
2025-11-24 15:54:07,165 - LeNet5_NumPy_logger - INFO - Epoch 1 [1411/1411 (100.0%)] Loss: 2.2534 Acc: 0.3750
2025-11-24 15:54:07,321 - LeNet5_NumPy_logger - INFO - Epoch 1 [1421/1421 (100.0%)] Loss: 2.2563 Acc: 0.2188
2025-11-24 15:54:07,513 - LeNet5_NumPy_logger - INFO - Epoch 1 [1431/1431 (100.0%)] Loss: 2.2546 Acc: 0.2500
2025-11-24 15:54:07,722 - LeNet5_NumPy_logger - INFO - Epoch 1 [1441/1441 (100.0%)] Loss: 2.2532 Acc: 0.1875
2025-11-24 15:54:07,904 - LeNet5_NumPy_logger - INFO - Epoch 1 [1451/1451 (100.0%)] Loss: 2.2694 Acc: 0.3750
2025-11-24 15:54:08,186 - LeNet5_NumPy_logger - INFO - Epoch 1 [1461/1461 (100.0%)] Loss: 2.2935 Acc: 0.1875
2025-11-24 15:54:08,393 - LeNet5_NumPy_logger - INFO - Epoch 1 [1471/1471 (100.0%)] Loss: 2.3273 Acc: 0.2188
2025-11-24 15:54:08,543 - LeNet5_NumPy_logger - INFO - Epoch 1 [1481/1481 (100.0%)] Loss: 2.2357 Acc: 0.4062
2025-11-24 15:54:08,768 - LeNet5_NumPy_logger - INFO - Epoch 1 [1491/1491 (100.0%)] Loss: 2.2738 Acc: 0.0938
2025-11-24 15:54:09,134 - LeNet5_NumPy_logger - INFO - Epoch 1 [1501/1501 (100.0%)] Loss: 2.1963 Acc: 0.4062
2025-11-24 15:54:09,545 - LeNet5_NumPy_logger - INFO - Epoch 1 [1511/1511 (100.0%)] Loss: 2.1992 Acc: 0.2500
2025-11-24 15:54:09,994 - LeNet5_NumPy_logger - INFO - Epoch 1 [1521/1521 (100.0%)] Loss: 2.2106 Acc: 0.2812
2025-11-24 15:54:10,605 - LeNet5_NumPy_logger - INFO - Epoch 1 [1531/1531 (100.0%)] Loss: 2.1029 Acc: 0.4062
2025-11-24 15:54:10,966 - LeNet5_NumPy_logger - INFO - Epoch 1 [1541/1541 (100.0%)] Loss: 1.9255 Acc: 0.4062
2025-11-24 15:54:11,408 - LeNet5_NumPy_logger - INFO - Epoch 1 [1551/1551 (100.0%)] Loss: 2.1746 Acc: 0.2812
2025-11-24 15:54:11,880 - LeNet5_NumPy_logger - INFO - Epoch 1 [1561/1561 (100.0%)] Loss: 2.0266 Acc: 0.4375
2025-11-24 15:54:12,226 - LeNet5_NumPy_logger - INFO - Epoch 1 [1571/1571 (100.0%)] Loss: 1.9075 Acc: 0.4062
2025-11-24 15:54:12,516 - LeNet5_NumPy_logger - INFO - Epoch 1 [1581/1581 (100.0%)] Loss: 1.9196 Acc: 0.4375
2025-11-24 15:54:12,918 - LeNet5_NumPy_logger - INFO - Epoch 1 [1591/1591 (100.0%)] Loss: 1.8991 Acc: 0.4062
2025-11-24 15:54:13,930 - LeNet5_NumPy_logger - INFO - Epoch 1 [1601/1601 (100.0%)] Loss: 2.0888 Acc: 0.2500
2025-11-24 15:54:14,183 - LeNet5_NumPy_logger - INFO - Epoch 1 [1611/1611 (100.0%)] Loss: 1.7732 Acc: 0.4062
2025-11-24 15:54:14,384 - LeNet5_NumPy_logger - INFO - Epoch 1 [1621/1621 (100.0%)] Loss: 1.8017 Acc: 0.5000
2025-11-24 15:54:14,630 - LeNet5_NumPy_logger - INFO - Epoch 1 [1631/1631 (100.0%)] Loss: 1.6419 Acc: 0.5000
2025-11-24 15:54:15,134 - LeNet5_NumPy_logger - INFO - Epoch 1 [1641/1641 (100.0%)] Loss: 1.6594 Acc: 0.5625
2025-11-24 15:54:15,363 - LeNet5_NumPy_logger - INFO - Epoch 1 [1651/1651 (100.0%)] Loss: 1.5734 Acc: 0.5312
2025-11-24 15:54:15,751 - LeNet5_NumPy_logger - INFO - Epoch 1 [1661/1661 (100.0%)] Loss: 1.7896 Acc: 0.4375
2025-11-24 15:54:16,234 - LeNet5_NumPy_logger - INFO - Epoch 1 [1671/1671 (100.0%)] Loss: 1.5297 Acc: 0.5312
2025-11-24 15:54:16,507 - LeNet5_NumPy_logger - INFO - Epoch 1 [1681/1681 (100.0%)] Loss: 1.5865 Acc: 0.5312
2025-11-24 15:54:16,709 - LeNet5_NumPy_logger - INFO - Epoch 1 [1691/1691 (100.0%)] Loss: 1.6197 Acc: 0.4062
2025-11-24 15:54:17,025 - LeNet5_NumPy_logger - INFO - Epoch 1 [1701/1701 (100.0%)] Loss: 1.2880 Acc: 0.6875
2025-11-24 15:54:17,290 - LeNet5_NumPy_logger - INFO - Epoch 1 [1711/1711 (100.0%)] Loss: 1.5157 Acc: 0.5000
2025-11-24 15:54:17,526 - LeNet5_NumPy_logger - INFO - Epoch 1 [1721/1721 (100.0%)] Loss: 1.3170 Acc: 0.5938
2025-11-24 15:54:17,861 - LeNet5_NumPy_logger - INFO - Epoch 1 [1731/1731 (100.0%)] Loss: 1.3813 Acc: 0.5938
2025-11-24 15:54:18,260 - LeNet5_NumPy_logger - INFO - Epoch 1 [1741/1741 (100.0%)] Loss: 1.3159 Acc: 0.6875
2025-11-24 15:54:18,562 - LeNet5_NumPy_logger - INFO - Epoch 1 [1751/1751 (100.0%)] Loss: 1.4437 Acc: 0.6250
2025-11-24 15:54:18,797 - LeNet5_NumPy_logger - INFO - Epoch 1 [1761/1761 (100.0%)] Loss: 1.3020 Acc: 0.6875
2025-11-24 15:54:19,000 - LeNet5_NumPy_logger - INFO - Epoch 1 [1771/1771 (100.0%)] Loss: 1.0024 Acc: 0.7500
2025-11-24 15:54:19,618 - LeNet5_NumPy_logger - INFO - Epoch 1 [1781/1781 (100.0%)] Loss: 1.1946 Acc: 0.7188
2025-11-24 15:54:19,954 - LeNet5_NumPy_logger - INFO - Epoch 1 [1791/1791 (100.0%)] Loss: 1.0960 Acc: 0.7188
2025-11-24 15:54:20,167 - LeNet5_NumPy_logger - INFO - Epoch 1 [1801/1801 (100.0%)] Loss: 1.1759 Acc: 0.6875
2025-11-24 15:54:20,425 - LeNet5_NumPy_logger - INFO - Epoch 1 [1811/1811 (100.0%)] Loss: 0.7988 Acc: 0.8438
2025-11-24 15:54:20,757 - LeNet5_NumPy_logger - INFO - Epoch 1 [1821/1821 (100.0%)] Loss: 0.9547 Acc: 0.7500
2025-11-24 15:54:20,973 - LeNet5_NumPy_logger - INFO - Epoch 1 [1831/1831 (100.0%)] Loss: 0.8406 Acc: 0.7500
2025-11-24 15:54:21,216 - LeNet5_NumPy_logger - INFO - Epoch 1 [1841/1841 (100.0%)] Loss: 0.9017 Acc: 0.8438
2025-11-24 15:54:21,494 - LeNet5_NumPy_logger - INFO - Epoch 1 [1851/1851 (100.0%)] Loss: 1.1795 Acc: 0.6250
2025-11-24 15:54:21,780 - LeNet5_NumPy_logger - INFO - Epoch 1 [1861/1861 (100.0%)] Loss: 0.6654 Acc: 0.9688
2025-11-24 15:54:22,075 - LeNet5_NumPy_logger - INFO - Epoch 1 [1871/1871 (100.0%)] Loss: 0.9057 Acc: 0.8125
2025-11-24 15:54:25,985 - LeNet5_NumPy_logger - INFO - Epoch   1 | Train Loss: 2.1439 | Train Acc: 0.7910 | Val Loss: 0.7397 | Val Acc: 0.7397
2025-11-24 15:54:26,046 - LeNet5_NumPy_logger - INFO - Epoch 2 [1/1 (100.0%)] Loss: 0.7439 Acc: 0.7812
2025-11-24 15:54:26,325 - LeNet5_NumPy_logger - INFO - Epoch 2 [11/11 (100.0%)] Loss: 0.5555 Acc: 0.8750
2025-11-24 15:54:26,607 - LeNet5_NumPy_logger - INFO - Epoch 2 [21/21 (100.0%)] Loss: 0.8152 Acc: 0.7500
2025-11-24 15:54:26,810 - LeNet5_NumPy_logger - INFO - Epoch 2 [31/31 (100.0%)] Loss: 0.6855 Acc: 0.8750
2025-11-24 15:54:27,148 - LeNet5_NumPy_logger - INFO - Epoch 2 [41/41 (100.0%)] Loss: 0.9611 Acc: 0.7500
2025-11-24 15:54:27,347 - LeNet5_NumPy_logger - INFO - Epoch 2 [51/51 (100.0%)] Loss: 0.7587 Acc: 0.8438
2025-11-24 15:54:27,552 - LeNet5_NumPy_logger - INFO - Epoch 2 [61/61 (100.0%)] Loss: 0.6271 Acc: 0.7812
2025-11-24 15:54:27,814 - LeNet5_NumPy_logger - INFO - Epoch 2 [71/71 (100.0%)] Loss: 0.4511 Acc: 0.9062
2025-11-24 15:54:28,123 - LeNet5_NumPy_logger - INFO - Epoch 2 [81/81 (100.0%)] Loss: 0.7122 Acc: 0.8125
2025-11-24 15:54:28,531 - LeNet5_NumPy_logger - INFO - Epoch 2 [91/91 (100.0%)] Loss: 0.6106 Acc: 0.8750
2025-11-24 15:54:28,777 - LeNet5_NumPy_logger - INFO - Epoch 2 [101/101 (100.0%)] Loss: 0.5536 Acc: 0.9062
2025-11-24 15:54:29,008 - LeNet5_NumPy_logger - INFO - Epoch 2 [111/111 (100.0%)] Loss: 0.4588 Acc: 0.9688
2025-11-24 15:54:29,349 - LeNet5_NumPy_logger - INFO - Epoch 2 [121/121 (100.0%)] Loss: 0.5642 Acc: 0.9062
2025-11-24 15:54:29,554 - LeNet5_NumPy_logger - INFO - Epoch 2 [131/131 (100.0%)] Loss: 0.6123 Acc: 0.9062
2025-11-24 15:54:29,756 - LeNet5_NumPy_logger - INFO - Epoch 2 [141/141 (100.0%)] Loss: 0.5721 Acc: 0.8750
2025-11-24 15:54:29,973 - LeNet5_NumPy_logger - INFO - Epoch 2 [151/151 (100.0%)] Loss: 0.4747 Acc: 0.9375
2025-11-24 15:54:30,372 - LeNet5_NumPy_logger - INFO - Epoch 2 [161/161 (100.0%)] Loss: 0.7944 Acc: 0.8125
2025-11-24 15:54:30,596 - LeNet5_NumPy_logger - INFO - Epoch 2 [171/171 (100.0%)] Loss: 0.5813 Acc: 0.9375
2025-11-24 15:54:31,033 - LeNet5_NumPy_logger - INFO - Epoch 2 [181/181 (100.0%)] Loss: 0.6145 Acc: 0.8125
2025-11-24 15:54:31,331 - LeNet5_NumPy_logger - INFO - Epoch 2 [191/191 (100.0%)] Loss: 0.5794 Acc: 0.8750
2025-11-24 15:54:31,595 - LeNet5_NumPy_logger - INFO - Epoch 2 [201/201 (100.0%)] Loss: 0.4671 Acc: 0.8438
2025-11-24 15:54:31,777 - LeNet5_NumPy_logger - INFO - Epoch 2 [211/211 (100.0%)] Loss: 0.5170 Acc: 0.9062
2025-11-24 15:54:32,192 - LeNet5_NumPy_logger - INFO - Epoch 2 [221/221 (100.0%)] Loss: 0.8330 Acc: 0.8438
2025-11-24 15:54:32,667 - LeNet5_NumPy_logger - INFO - Epoch 2 [231/231 (100.0%)] Loss: 0.5735 Acc: 0.7812
2025-11-24 15:54:32,883 - LeNet5_NumPy_logger - INFO - Epoch 2 [241/241 (100.0%)] Loss: 0.4104 Acc: 0.9688
2025-11-24 15:54:33,277 - LeNet5_NumPy_logger - INFO - Epoch 2 [251/251 (100.0%)] Loss: 0.3825 Acc: 0.9688
2025-11-24 15:54:33,683 - LeNet5_NumPy_logger - INFO - Epoch 2 [261/261 (100.0%)] Loss: 0.3717 Acc: 1.0000
2025-11-24 15:54:33,906 - LeNet5_NumPy_logger - INFO - Epoch 2 [271/271 (100.0%)] Loss: 0.5494 Acc: 0.8438
2025-11-24 15:54:34,172 - LeNet5_NumPy_logger - INFO - Epoch 2 [281/281 (100.0%)] Loss: 0.6051 Acc: 0.8750
2025-11-24 15:54:34,525 - LeNet5_NumPy_logger - INFO - Epoch 2 [291/291 (100.0%)] Loss: 0.5421 Acc: 0.8438
2025-11-24 15:54:34,897 - LeNet5_NumPy_logger - INFO - Epoch 2 [301/301 (100.0%)] Loss: 0.6138 Acc: 0.8125
2025-11-24 15:54:35,291 - LeNet5_NumPy_logger - INFO - Epoch 2 [311/311 (100.0%)] Loss: 0.4155 Acc: 0.8750
2025-11-24 15:54:35,727 - LeNet5_NumPy_logger - INFO - Epoch 2 [321/321 (100.0%)] Loss: 1.0367 Acc: 0.7500
2025-11-24 15:54:36,160 - LeNet5_NumPy_logger - INFO - Epoch 2 [331/331 (100.0%)] Loss: 0.2664 Acc: 0.9688
2025-11-24 15:54:36,408 - LeNet5_NumPy_logger - INFO - Epoch 2 [341/341 (100.0%)] Loss: 0.4392 Acc: 0.9375
2025-11-24 15:54:36,724 - LeNet5_NumPy_logger - INFO - Epoch 2 [351/351 (100.0%)] Loss: 0.7423 Acc: 0.8750
2025-11-24 15:54:36,970 - LeNet5_NumPy_logger - INFO - Epoch 2 [361/361 (100.0%)] Loss: 0.7855 Acc: 0.8125
2025-11-24 15:54:37,343 - LeNet5_NumPy_logger - INFO - Epoch 2 [371/371 (100.0%)] Loss: 0.6889 Acc: 0.8438
2025-11-24 15:54:37,544 - LeNet5_NumPy_logger - INFO - Epoch 2 [381/381 (100.0%)] Loss: 0.4192 Acc: 0.9375
2025-11-24 15:54:37,745 - LeNet5_NumPy_logger - INFO - Epoch 2 [391/391 (100.0%)] Loss: 0.5907 Acc: 0.8438
2025-11-24 15:54:37,947 - LeNet5_NumPy_logger - INFO - Epoch 2 [401/401 (100.0%)] Loss: 0.3455 Acc: 0.9375
2025-11-24 15:54:38,199 - LeNet5_NumPy_logger - INFO - Epoch 2 [411/411 (100.0%)] Loss: 0.3487 Acc: 0.9688
2025-11-24 15:54:38,434 - LeNet5_NumPy_logger - INFO - Epoch 2 [421/421 (100.0%)] Loss: 0.1695 Acc: 0.9688
2025-11-24 15:54:38,629 - LeNet5_NumPy_logger - INFO - Epoch 2 [431/431 (100.0%)] Loss: 0.2801 Acc: 0.9375
2025-11-24 15:54:38,797 - LeNet5_NumPy_logger - INFO - Epoch 2 [441/441 (100.0%)] Loss: 0.3315 Acc: 0.9375
2025-11-24 15:54:39,015 - LeNet5_NumPy_logger - INFO - Epoch 2 [451/451 (100.0%)] Loss: 0.2887 Acc: 0.9375
2025-11-24 15:54:39,558 - LeNet5_NumPy_logger - INFO - Epoch 2 [461/461 (100.0%)] Loss: 0.3408 Acc: 0.8750
2025-11-24 15:54:39,976 - LeNet5_NumPy_logger - INFO - Epoch 2 [471/471 (100.0%)] Loss: 0.1293 Acc: 1.0000
2025-11-24 15:54:40,417 - LeNet5_NumPy_logger - INFO - Epoch 2 [481/481 (100.0%)] Loss: 0.3719 Acc: 0.9375
2025-11-24 15:54:40,885 - LeNet5_NumPy_logger - INFO - Epoch 2 [491/491 (100.0%)] Loss: 0.4265 Acc: 0.9375
2025-11-24 15:54:41,116 - LeNet5_NumPy_logger - INFO - Epoch 2 [501/501 (100.0%)] Loss: 0.4337 Acc: 0.9375
2025-11-24 15:54:41,407 - LeNet5_NumPy_logger - INFO - Epoch 2 [511/511 (100.0%)] Loss: 0.4455 Acc: 0.9375
2025-11-24 15:54:41,661 - LeNet5_NumPy_logger - INFO - Epoch 2 [521/521 (100.0%)] Loss: 0.6680 Acc: 0.9062
2025-11-24 15:54:41,932 - LeNet5_NumPy_logger - INFO - Epoch 2 [531/531 (100.0%)] Loss: 0.4887 Acc: 0.8750
2025-11-24 15:54:42,143 - LeNet5_NumPy_logger - INFO - Epoch 2 [541/541 (100.0%)] Loss: 0.6948 Acc: 0.7812
2025-11-24 15:54:42,341 - LeNet5_NumPy_logger - INFO - Epoch 2 [551/551 (100.0%)] Loss: 0.6550 Acc: 0.8750
2025-11-24 15:54:42,662 - LeNet5_NumPy_logger - INFO - Epoch 2 [561/561 (100.0%)] Loss: 0.2801 Acc: 0.9375
2025-11-24 15:54:43,110 - LeNet5_NumPy_logger - INFO - Epoch 2 [571/571 (100.0%)] Loss: 0.4751 Acc: 0.8750
2025-11-24 15:54:43,886 - LeNet5_NumPy_logger - INFO - Epoch 2 [581/581 (100.0%)] Loss: 0.2168 Acc: 0.9688
2025-11-24 15:54:44,919 - LeNet5_NumPy_logger - INFO - Epoch 2 [591/591 (100.0%)] Loss: 0.2002 Acc: 1.0000
2025-11-24 15:54:45,475 - LeNet5_NumPy_logger - INFO - Epoch 2 [601/601 (100.0%)] Loss: 0.8565 Acc: 0.8438
2025-11-24 15:54:45,978 - LeNet5_NumPy_logger - INFO - Epoch 2 [611/611 (100.0%)] Loss: 0.3707 Acc: 1.0000
2025-11-24 15:54:46,358 - LeNet5_NumPy_logger - INFO - Epoch 2 [621/621 (100.0%)] Loss: 0.7858 Acc: 0.8438
2025-11-24 15:54:46,646 - LeNet5_NumPy_logger - INFO - Epoch 2 [631/631 (100.0%)] Loss: 0.7580 Acc: 0.7812
2025-11-24 15:54:46,900 - LeNet5_NumPy_logger - INFO - Epoch 2 [641/641 (100.0%)] Loss: 0.3793 Acc: 0.9062
2025-11-24 15:54:47,271 - LeNet5_NumPy_logger - INFO - Epoch 2 [651/651 (100.0%)] Loss: 0.4009 Acc: 0.9375
2025-11-24 15:54:47,528 - LeNet5_NumPy_logger - INFO - Epoch 2 [661/661 (100.0%)] Loss: 0.4068 Acc: 0.9375
2025-11-24 15:54:47,836 - LeNet5_NumPy_logger - INFO - Epoch 2 [671/671 (100.0%)] Loss: 0.3603 Acc: 0.9688
2025-11-24 15:54:48,215 - LeNet5_NumPy_logger - INFO - Epoch 2 [681/681 (100.0%)] Loss: 0.2852 Acc: 0.9688
2025-11-24 15:54:48,615 - LeNet5_NumPy_logger - INFO - Epoch 2 [691/691 (100.0%)] Loss: 0.3302 Acc: 0.9688
2025-11-24 15:54:48,973 - LeNet5_NumPy_logger - INFO - Epoch 2 [701/701 (100.0%)] Loss: 0.2043 Acc: 0.9688
2025-11-24 15:54:49,408 - LeNet5_NumPy_logger - INFO - Epoch 2 [711/711 (100.0%)] Loss: 0.4037 Acc: 0.9375
2025-11-24 15:54:49,658 - LeNet5_NumPy_logger - INFO - Epoch 2 [721/721 (100.0%)] Loss: 0.8912 Acc: 0.8125
2025-11-24 15:54:49,908 - LeNet5_NumPy_logger - INFO - Epoch 2 [731/731 (100.0%)] Loss: 0.3833 Acc: 0.9062
2025-11-24 15:54:50,095 - LeNet5_NumPy_logger - INFO - Epoch 2 [741/741 (100.0%)] Loss: 0.5233 Acc: 0.9375
2025-11-24 15:54:50,358 - LeNet5_NumPy_logger - INFO - Epoch 2 [751/751 (100.0%)] Loss: 0.2238 Acc: 0.9688
2025-11-24 15:54:50,537 - LeNet5_NumPy_logger - INFO - Epoch 2 [761/761 (100.0%)] Loss: 0.3672 Acc: 0.9375
2025-11-24 15:54:50,704 - LeNet5_NumPy_logger - INFO - Epoch 2 [771/771 (100.0%)] Loss: 0.2644 Acc: 0.9375
2025-11-24 15:54:50,903 - LeNet5_NumPy_logger - INFO - Epoch 2 [781/781 (100.0%)] Loss: 0.4939 Acc: 0.9062
2025-11-24 15:54:51,268 - LeNet5_NumPy_logger - INFO - Epoch 2 [791/791 (100.0%)] Loss: 0.2587 Acc: 0.9062
2025-11-24 15:54:51,716 - LeNet5_NumPy_logger - INFO - Epoch 2 [801/801 (100.0%)] Loss: 0.1446 Acc: 1.0000
2025-11-24 15:54:51,992 - LeNet5_NumPy_logger - INFO - Epoch 2 [811/811 (100.0%)] Loss: 0.3999 Acc: 0.9375
2025-11-24 15:54:52,237 - LeNet5_NumPy_logger - INFO - Epoch 2 [821/821 (100.0%)] Loss: 0.1986 Acc: 1.0000
2025-11-24 15:54:52,784 - LeNet5_NumPy_logger - INFO - Epoch 2 [831/831 (100.0%)] Loss: 0.1302 Acc: 1.0000
2025-11-24 15:54:53,069 - LeNet5_NumPy_logger - INFO - Epoch 2 [841/841 (100.0%)] Loss: 0.4828 Acc: 0.9062
2025-11-24 15:54:53,399 - LeNet5_NumPy_logger - INFO - Epoch 2 [851/851 (100.0%)] Loss: 0.4666 Acc: 0.9062
2025-11-24 15:54:53,887 - LeNet5_NumPy_logger - INFO - Epoch 2 [861/861 (100.0%)] Loss: 0.3692 Acc: 0.9688
2025-11-24 15:54:54,139 - LeNet5_NumPy_logger - INFO - Epoch 2 [871/871 (100.0%)] Loss: 0.3547 Acc: 0.9688
2025-11-24 15:54:54,614 - LeNet5_NumPy_logger - INFO - Epoch 2 [881/881 (100.0%)] Loss: 0.3500 Acc: 0.9375
2025-11-24 15:54:54,949 - LeNet5_NumPy_logger - INFO - Epoch 2 [891/891 (100.0%)] Loss: 0.1790 Acc: 1.0000
2025-11-24 15:54:55,170 - LeNet5_NumPy_logger - INFO - Epoch 2 [901/901 (100.0%)] Loss: 0.3812 Acc: 0.9062
2025-11-24 15:54:55,388 - LeNet5_NumPy_logger - INFO - Epoch 2 [911/911 (100.0%)] Loss: 0.1548 Acc: 0.9688
2025-11-24 15:54:55,619 - LeNet5_NumPy_logger - INFO - Epoch 2 [921/921 (100.0%)] Loss: 0.2764 Acc: 0.9688
2025-11-24 15:54:56,031 - LeNet5_NumPy_logger - INFO - Epoch 2 [931/931 (100.0%)] Loss: 0.4662 Acc: 0.8750
2025-11-24 15:54:56,294 - LeNet5_NumPy_logger - INFO - Epoch 2 [941/941 (100.0%)] Loss: 0.3323 Acc: 0.9062
2025-11-24 15:54:56,475 - LeNet5_NumPy_logger - INFO - Epoch 2 [951/951 (100.0%)] Loss: 0.2545 Acc: 0.9375
2025-11-24 15:54:56,670 - LeNet5_NumPy_logger - INFO - Epoch 2 [961/961 (100.0%)] Loss: 0.2000 Acc: 1.0000
2025-11-24 15:54:56,942 - LeNet5_NumPy_logger - INFO - Epoch 2 [971/971 (100.0%)] Loss: 0.5440 Acc: 0.8750
2025-11-24 15:54:57,219 - LeNet5_NumPy_logger - INFO - Epoch 2 [981/981 (100.0%)] Loss: 0.2560 Acc: 0.9688
2025-11-24 15:54:57,459 - LeNet5_NumPy_logger - INFO - Epoch 2 [991/991 (100.0%)] Loss: 0.3295 Acc: 0.9375
2025-11-24 15:54:57,721 - LeNet5_NumPy_logger - INFO - Epoch 2 [1001/1001 (100.0%)] Loss: 0.2297 Acc: 0.9688
2025-11-24 15:54:57,947 - LeNet5_NumPy_logger - INFO - Epoch 2 [1011/1011 (100.0%)] Loss: 0.3746 Acc: 0.9062
2025-11-24 15:54:58,175 - LeNet5_NumPy_logger - INFO - Epoch 2 [1021/1021 (100.0%)] Loss: 0.2234 Acc: 0.9688
2025-11-24 15:54:58,359 - LeNet5_NumPy_logger - INFO - Epoch 2 [1031/1031 (100.0%)] Loss: 0.2039 Acc: 0.9688
2025-11-24 15:54:58,599 - LeNet5_NumPy_logger - INFO - Epoch 2 [1041/1041 (100.0%)] Loss: 0.3827 Acc: 0.9375
2025-11-24 15:54:58,800 - LeNet5_NumPy_logger - INFO - Epoch 2 [1051/1051 (100.0%)] Loss: 0.3553 Acc: 0.9375
2025-11-24 15:54:59,018 - LeNet5_NumPy_logger - INFO - Epoch 2 [1061/1061 (100.0%)] Loss: 0.3369 Acc: 0.9375
2025-11-24 15:54:59,261 - LeNet5_NumPy_logger - INFO - Epoch 2 [1071/1071 (100.0%)] Loss: 0.1219 Acc: 0.9688
2025-11-24 15:54:59,435 - LeNet5_NumPy_logger - INFO - Epoch 2 [1081/1081 (100.0%)] Loss: 0.2302 Acc: 1.0000
2025-11-24 15:54:59,670 - LeNet5_NumPy_logger - INFO - Epoch 2 [1091/1091 (100.0%)] Loss: 0.1450 Acc: 1.0000
2025-11-24 15:54:59,970 - LeNet5_NumPy_logger - INFO - Epoch 2 [1101/1101 (100.0%)] Loss: 0.4553 Acc: 0.9062
2025-11-24 15:55:00,160 - LeNet5_NumPy_logger - INFO - Epoch 2 [1111/1111 (100.0%)] Loss: 0.2579 Acc: 0.9688
2025-11-24 15:55:00,422 - LeNet5_NumPy_logger - INFO - Epoch 2 [1121/1121 (100.0%)] Loss: 0.3488 Acc: 0.9062
2025-11-24 15:55:00,642 - LeNet5_NumPy_logger - INFO - Epoch 2 [1131/1131 (100.0%)] Loss: 0.3885 Acc: 0.9062
2025-11-24 15:55:00,932 - LeNet5_NumPy_logger - INFO - Epoch 2 [1141/1141 (100.0%)] Loss: 0.5805 Acc: 0.9062
2025-11-24 15:55:01,128 - LeNet5_NumPy_logger - INFO - Epoch 2 [1151/1151 (100.0%)] Loss: 0.4151 Acc: 0.9062
2025-11-24 15:55:01,342 - LeNet5_NumPy_logger - INFO - Epoch 2 [1161/1161 (100.0%)] Loss: 0.4074 Acc: 0.9062
2025-11-24 15:55:01,553 - LeNet5_NumPy_logger - INFO - Epoch 2 [1171/1171 (100.0%)] Loss: 0.1343 Acc: 1.0000
2025-11-24 15:55:01,694 - LeNet5_NumPy_logger - INFO - Epoch 2 [1181/1181 (100.0%)] Loss: 0.1208 Acc: 1.0000
2025-11-24 15:55:01,952 - LeNet5_NumPy_logger - INFO - Epoch 2 [1191/1191 (100.0%)] Loss: 0.1665 Acc: 1.0000
2025-11-24 15:55:02,223 - LeNet5_NumPy_logger - INFO - Epoch 2 [1201/1201 (100.0%)] Loss: 0.2097 Acc: 0.9688
2025-11-24 15:55:02,396 - LeNet5_NumPy_logger - INFO - Epoch 2 [1211/1211 (100.0%)] Loss: 0.3134 Acc: 0.9062
2025-11-24 15:55:02,665 - LeNet5_NumPy_logger - INFO - Epoch 2 [1221/1221 (100.0%)] Loss: 0.4818 Acc: 0.9062
2025-11-24 15:55:03,023 - LeNet5_NumPy_logger - INFO - Epoch 2 [1231/1231 (100.0%)] Loss: 0.2168 Acc: 0.9688
2025-11-24 15:55:03,250 - LeNet5_NumPy_logger - INFO - Epoch 2 [1241/1241 (100.0%)] Loss: 0.2320 Acc: 0.9375
2025-11-24 15:55:03,438 - LeNet5_NumPy_logger - INFO - Epoch 2 [1251/1251 (100.0%)] Loss: 0.5809 Acc: 0.9375
2025-11-24 15:55:03,621 - LeNet5_NumPy_logger - INFO - Epoch 2 [1261/1261 (100.0%)] Loss: 0.3503 Acc: 0.9375
2025-11-24 15:55:03,891 - LeNet5_NumPy_logger - INFO - Epoch 2 [1271/1271 (100.0%)] Loss: 0.1631 Acc: 1.0000
2025-11-24 15:55:04,106 - LeNet5_NumPy_logger - INFO - Epoch 2 [1281/1281 (100.0%)] Loss: 0.3053 Acc: 0.9375
2025-11-24 15:55:04,261 - LeNet5_NumPy_logger - INFO - Epoch 2 [1291/1291 (100.0%)] Loss: 0.1875 Acc: 0.9688
2025-11-24 15:55:04,429 - LeNet5_NumPy_logger - INFO - Epoch 2 [1301/1301 (100.0%)] Loss: 0.2609 Acc: 0.9688
2025-11-24 15:55:04,658 - LeNet5_NumPy_logger - INFO - Epoch 2 [1311/1311 (100.0%)] Loss: 0.1554 Acc: 1.0000
2025-11-24 15:55:05,152 - LeNet5_NumPy_logger - INFO - Epoch 2 [1321/1321 (100.0%)] Loss: 0.2556 Acc: 0.9375
2025-11-24 15:55:05,547 - LeNet5_NumPy_logger - INFO - Epoch 2 [1331/1331 (100.0%)] Loss: 0.2587 Acc: 0.9688
2025-11-24 15:55:06,038 - LeNet5_NumPy_logger - INFO - Epoch 2 [1341/1341 (100.0%)] Loss: 0.2683 Acc: 0.9688
2025-11-24 15:55:06,317 - LeNet5_NumPy_logger - INFO - Epoch 2 [1351/1351 (100.0%)] Loss: 0.1697 Acc: 1.0000
2025-11-24 15:55:06,564 - LeNet5_NumPy_logger - INFO - Epoch 2 [1361/1361 (100.0%)] Loss: 0.2728 Acc: 0.9688
2025-11-24 15:55:06,777 - LeNet5_NumPy_logger - INFO - Epoch 2 [1371/1371 (100.0%)] Loss: 0.3529 Acc: 0.9688
2025-11-24 15:55:07,073 - LeNet5_NumPy_logger - INFO - Epoch 2 [1381/1381 (100.0%)] Loss: 0.4239 Acc: 0.9375
2025-11-24 15:55:07,291 - LeNet5_NumPy_logger - INFO - Epoch 2 [1391/1391 (100.0%)] Loss: 0.1680 Acc: 0.9688
2025-11-24 15:55:07,433 - LeNet5_NumPy_logger - INFO - Epoch 2 [1401/1401 (100.0%)] Loss: 0.6270 Acc: 0.9062
2025-11-24 15:55:07,607 - LeNet5_NumPy_logger - INFO - Epoch 2 [1411/1411 (100.0%)] Loss: 0.2696 Acc: 0.9375
2025-11-24 15:55:07,872 - LeNet5_NumPy_logger - INFO - Epoch 2 [1421/1421 (100.0%)] Loss: 0.1537 Acc: 0.9688
2025-11-24 15:55:08,228 - LeNet5_NumPy_logger - INFO - Epoch 2 [1431/1431 (100.0%)] Loss: 0.1465 Acc: 1.0000
2025-11-24 15:55:08,567 - LeNet5_NumPy_logger - INFO - Epoch 2 [1441/1441 (100.0%)] Loss: 0.2384 Acc: 0.9375
2025-11-24 15:55:08,923 - LeNet5_NumPy_logger - INFO - Epoch 2 [1451/1451 (100.0%)] Loss: 0.2554 Acc: 0.9688
2025-11-24 15:55:09,202 - LeNet5_NumPy_logger - INFO - Epoch 2 [1461/1461 (100.0%)] Loss: 0.2748 Acc: 0.9375
2025-11-24 15:55:09,490 - LeNet5_NumPy_logger - INFO - Epoch 2 [1471/1471 (100.0%)] Loss: 0.0448 Acc: 1.0000
2025-11-24 15:55:09,833 - LeNet5_NumPy_logger - INFO - Epoch 2 [1481/1481 (100.0%)] Loss: 0.3366 Acc: 0.9062
2025-11-24 15:55:10,050 - LeNet5_NumPy_logger - INFO - Epoch 2 [1491/1491 (100.0%)] Loss: 0.2947 Acc: 0.9375
2025-11-24 15:55:10,228 - LeNet5_NumPy_logger - INFO - Epoch 2 [1501/1501 (100.0%)] Loss: 0.2256 Acc: 0.9688
2025-11-24 15:55:10,474 - LeNet5_NumPy_logger - INFO - Epoch 2 [1511/1511 (100.0%)] Loss: 0.3479 Acc: 0.9375
2025-11-24 15:55:10,658 - LeNet5_NumPy_logger - INFO - Epoch 2 [1521/1521 (100.0%)] Loss: 0.3499 Acc: 0.9688
2025-11-24 15:55:10,839 - LeNet5_NumPy_logger - INFO - Epoch 2 [1531/1531 (100.0%)] Loss: 0.0496 Acc: 1.0000
2025-11-24 15:55:11,005 - LeNet5_NumPy_logger - INFO - Epoch 2 [1541/1541 (100.0%)] Loss: 0.2145 Acc: 0.9688
2025-11-24 15:55:11,170 - LeNet5_NumPy_logger - INFO - Epoch 2 [1551/1551 (100.0%)] Loss: 0.3038 Acc: 0.9688
2025-11-24 15:55:11,341 - LeNet5_NumPy_logger - INFO - Epoch 2 [1561/1561 (100.0%)] Loss: 0.1873 Acc: 0.9688
2025-11-24 15:55:11,563 - LeNet5_NumPy_logger - INFO - Epoch 2 [1571/1571 (100.0%)] Loss: 0.3689 Acc: 0.9688
2025-11-24 15:55:11,766 - LeNet5_NumPy_logger - INFO - Epoch 2 [1581/1581 (100.0%)] Loss: 0.2350 Acc: 0.9375
2025-11-24 15:55:11,938 - LeNet5_NumPy_logger - INFO - Epoch 2 [1591/1591 (100.0%)] Loss: 0.2456 Acc: 0.9375
2025-11-24 15:55:12,135 - LeNet5_NumPy_logger - INFO - Epoch 2 [1601/1601 (100.0%)] Loss: 0.2925 Acc: 0.9688
2025-11-24 15:55:12,285 - LeNet5_NumPy_logger - INFO - Epoch 2 [1611/1611 (100.0%)] Loss: 0.3503 Acc: 0.9375
2025-11-24 15:55:12,466 - LeNet5_NumPy_logger - INFO - Epoch 2 [1621/1621 (100.0%)] Loss: 0.4156 Acc: 0.9375
2025-11-24 15:55:12,652 - LeNet5_NumPy_logger - INFO - Epoch 2 [1631/1631 (100.0%)] Loss: 0.3466 Acc: 0.9375
2025-11-24 15:55:12,958 - LeNet5_NumPy_logger - INFO - Epoch 2 [1641/1641 (100.0%)] Loss: 0.2623 Acc: 0.9375
2025-11-24 15:55:13,146 - LeNet5_NumPy_logger - INFO - Epoch 2 [1651/1651 (100.0%)] Loss: 0.1773 Acc: 1.0000
2025-11-24 15:55:13,296 - LeNet5_NumPy_logger - INFO - Epoch 2 [1661/1661 (100.0%)] Loss: 0.2791 Acc: 0.9688
2025-11-24 15:55:13,493 - LeNet5_NumPy_logger - INFO - Epoch 2 [1671/1671 (100.0%)] Loss: 0.5087 Acc: 0.9062
2025-11-24 15:55:13,729 - LeNet5_NumPy_logger - INFO - Epoch 2 [1681/1681 (100.0%)] Loss: 0.4552 Acc: 0.9375
2025-11-24 15:55:13,992 - LeNet5_NumPy_logger - INFO - Epoch 2 [1691/1691 (100.0%)] Loss: 0.3031 Acc: 0.9375
2025-11-24 15:55:14,205 - LeNet5_NumPy_logger - INFO - Epoch 2 [1701/1701 (100.0%)] Loss: 0.2202 Acc: 0.9688
2025-11-24 15:55:14,469 - LeNet5_NumPy_logger - INFO - Epoch 2 [1711/1711 (100.0%)] Loss: 0.1036 Acc: 1.0000
2025-11-24 15:55:14,640 - LeNet5_NumPy_logger - INFO - Epoch 2 [1721/1721 (100.0%)] Loss: 0.6321 Acc: 0.9062
2025-11-24 15:55:14,875 - LeNet5_NumPy_logger - INFO - Epoch 2 [1731/1731 (100.0%)] Loss: 0.2331 Acc: 0.9688
2025-11-24 15:55:15,071 - LeNet5_NumPy_logger - INFO - Epoch 2 [1741/1741 (100.0%)] Loss: 0.1422 Acc: 0.9688
2025-11-24 15:55:15,259 - LeNet5_NumPy_logger - INFO - Epoch 2 [1751/1751 (100.0%)] Loss: 0.3693 Acc: 0.9062
2025-11-24 15:55:15,431 - LeNet5_NumPy_logger - INFO - Epoch 2 [1761/1761 (100.0%)] Loss: 0.0545 Acc: 1.0000
2025-11-24 15:55:15,612 - LeNet5_NumPy_logger - INFO - Epoch 2 [1771/1771 (100.0%)] Loss: 0.2384 Acc: 0.9688
2025-11-24 15:55:15,765 - LeNet5_NumPy_logger - INFO - Epoch 2 [1781/1781 (100.0%)] Loss: 0.1750 Acc: 0.9688
2025-11-24 15:55:16,064 - LeNet5_NumPy_logger - INFO - Epoch 2 [1791/1791 (100.0%)] Loss: 0.4594 Acc: 0.8750
2025-11-24 15:55:16,362 - LeNet5_NumPy_logger - INFO - Epoch 2 [1801/1801 (100.0%)] Loss: 0.2928 Acc: 0.9375
2025-11-24 15:55:16,542 - LeNet5_NumPy_logger - INFO - Epoch 2 [1811/1811 (100.0%)] Loss: 0.3183 Acc: 0.9062
2025-11-24 15:55:16,741 - LeNet5_NumPy_logger - INFO - Epoch 2 [1821/1821 (100.0%)] Loss: 0.2241 Acc: 0.9688
2025-11-24 15:55:16,949 - LeNet5_NumPy_logger - INFO - Epoch 2 [1831/1831 (100.0%)] Loss: 0.0596 Acc: 1.0000
2025-11-24 15:55:17,165 - LeNet5_NumPy_logger - INFO - Epoch 2 [1841/1841 (100.0%)] Loss: 0.2386 Acc: 0.9688
2025-11-24 15:55:17,319 - LeNet5_NumPy_logger - INFO - Epoch 2 [1851/1851 (100.0%)] Loss: 0.1133 Acc: 1.0000
2025-11-24 15:55:17,496 - LeNet5_NumPy_logger - INFO - Epoch 2 [1861/1861 (100.0%)] Loss: 0.1091 Acc: 1.0000
2025-11-24 15:55:17,665 - LeNet5_NumPy_logger - INFO - Epoch 2 [1871/1871 (100.0%)] Loss: 0.1785 Acc: 0.9688
2025-11-24 15:55:21,354 - LeNet5_NumPy_logger - INFO - Epoch   2 | Train Loss: 0.3763 | Train Acc: 0.9290 | Val Loss: 0.2377 | Val Acc: 0.2377
2025-11-24 15:55:21,414 - LeNet5_NumPy_logger - INFO - Epoch 3 [1/1 (100.0%)] Loss: 0.1459 Acc: 0.9688
2025-11-24 15:55:21,653 - LeNet5_NumPy_logger - INFO - Epoch 3 [11/11 (100.0%)] Loss: 0.2317 Acc: 0.9375
2025-11-24 15:55:21,880 - LeNet5_NumPy_logger - INFO - Epoch 3 [21/21 (100.0%)] Loss: 0.3370 Acc: 0.9375
2025-11-24 15:55:22,093 - LeNet5_NumPy_logger - INFO - Epoch 3 [31/31 (100.0%)] Loss: 0.3317 Acc: 0.9688
2025-11-24 15:55:22,287 - LeNet5_NumPy_logger - INFO - Epoch 3 [41/41 (100.0%)] Loss: 0.2481 Acc: 0.9688
2025-11-24 15:55:22,498 - LeNet5_NumPy_logger - INFO - Epoch 3 [51/51 (100.0%)] Loss: 0.1982 Acc: 0.9688
2025-11-24 15:55:22,828 - LeNet5_NumPy_logger - INFO - Epoch 3 [61/61 (100.0%)] Loss: 0.1615 Acc: 0.9688
2025-11-24 15:55:22,981 - LeNet5_NumPy_logger - INFO - Epoch 3 [71/71 (100.0%)] Loss: 0.2857 Acc: 0.9688
2025-11-24 15:55:23,174 - LeNet5_NumPy_logger - INFO - Epoch 3 [81/81 (100.0%)] Loss: 0.1437 Acc: 1.0000
2025-11-24 15:55:23,390 - LeNet5_NumPy_logger - INFO - Epoch 3 [91/91 (100.0%)] Loss: 0.0570 Acc: 1.0000
2025-11-24 15:55:23,582 - LeNet5_NumPy_logger - INFO - Epoch 3 [101/101 (100.0%)] Loss: 0.0836 Acc: 1.0000
2025-11-24 15:55:23,867 - LeNet5_NumPy_logger - INFO - Epoch 3 [111/111 (100.0%)] Loss: 0.0671 Acc: 1.0000
2025-11-24 15:55:24,098 - LeNet5_NumPy_logger - INFO - Epoch 3 [121/121 (100.0%)] Loss: 0.0644 Acc: 1.0000
2025-11-24 15:55:24,324 - LeNet5_NumPy_logger - INFO - Epoch 3 [131/131 (100.0%)] Loss: 0.1634 Acc: 0.9688
2025-11-24 15:55:24,583 - LeNet5_NumPy_logger - INFO - Epoch 3 [141/141 (100.0%)] Loss: 0.2492 Acc: 0.9688
2025-11-24 15:55:24,935 - LeNet5_NumPy_logger - INFO - Epoch 3 [151/151 (100.0%)] Loss: 0.1693 Acc: 0.9688
2025-11-24 15:55:25,234 - LeNet5_NumPy_logger - INFO - Epoch 3 [161/161 (100.0%)] Loss: 0.1836 Acc: 0.9688
2025-11-24 15:55:25,415 - LeNet5_NumPy_logger - INFO - Epoch 3 [171/171 (100.0%)] Loss: 0.0639 Acc: 1.0000
2025-11-24 15:55:25,772 - LeNet5_NumPy_logger - INFO - Epoch 3 [181/181 (100.0%)] Loss: 0.2897 Acc: 0.9375
2025-11-24 15:55:26,097 - LeNet5_NumPy_logger - INFO - Epoch 3 [191/191 (100.0%)] Loss: 0.4513 Acc: 0.9688
2025-11-24 15:55:26,420 - LeNet5_NumPy_logger - INFO - Epoch 3 [201/201 (100.0%)] Loss: 0.2370 Acc: 0.9062
2025-11-24 15:55:26,875 - LeNet5_NumPy_logger - INFO - Epoch 3 [211/211 (100.0%)] Loss: 0.0890 Acc: 1.0000
2025-11-24 15:55:27,167 - LeNet5_NumPy_logger - INFO - Epoch 3 [221/221 (100.0%)] Loss: 0.0514 Acc: 1.0000
2025-11-24 15:55:27,382 - LeNet5_NumPy_logger - INFO - Epoch 3 [231/231 (100.0%)] Loss: 0.2208 Acc: 0.9688
2025-11-24 15:55:27,622 - LeNet5_NumPy_logger - INFO - Epoch 3 [241/241 (100.0%)] Loss: 0.2712 Acc: 0.9688
2025-11-24 15:55:27,938 - LeNet5_NumPy_logger - INFO - Epoch 3 [251/251 (100.0%)] Loss: 0.1510 Acc: 0.9688
2025-11-24 15:55:28,306 - LeNet5_NumPy_logger - INFO - Epoch 3 [261/261 (100.0%)] Loss: 0.0915 Acc: 1.0000
2025-11-24 15:55:28,607 - LeNet5_NumPy_logger - INFO - Epoch 3 [271/271 (100.0%)] Loss: 0.3610 Acc: 0.9375
2025-11-24 15:55:28,836 - LeNet5_NumPy_logger - INFO - Epoch 3 [281/281 (100.0%)] Loss: 0.0565 Acc: 1.0000
2025-11-24 15:55:29,106 - LeNet5_NumPy_logger - INFO - Epoch 3 [291/291 (100.0%)] Loss: 0.0373 Acc: 1.0000
2025-11-24 15:55:29,408 - LeNet5_NumPy_logger - INFO - Epoch 3 [301/301 (100.0%)] Loss: 0.1544 Acc: 1.0000
2025-11-24 15:55:29,703 - LeNet5_NumPy_logger - INFO - Epoch 3 [311/311 (100.0%)] Loss: 0.0216 Acc: 1.0000
2025-11-24 15:55:30,136 - LeNet5_NumPy_logger - INFO - Epoch 3 [321/321 (100.0%)] Loss: 0.2986 Acc: 0.9688
2025-11-24 15:55:30,513 - LeNet5_NumPy_logger - INFO - Epoch 3 [331/331 (100.0%)] Loss: 0.2513 Acc: 0.9062
2025-11-24 15:55:30,663 - LeNet5_NumPy_logger - INFO - Epoch 3 [341/341 (100.0%)] Loss: 0.1938 Acc: 0.9688
2025-11-24 15:55:30,894 - LeNet5_NumPy_logger - INFO - Epoch 3 [351/351 (100.0%)] Loss: 0.1622 Acc: 0.9688
2025-11-24 15:55:31,231 - LeNet5_NumPy_logger - INFO - Epoch 3 [361/361 (100.0%)] Loss: 0.1245 Acc: 1.0000
2025-11-24 15:55:31,554 - LeNet5_NumPy_logger - INFO - Epoch 3 [371/371 (100.0%)] Loss: 0.5062 Acc: 0.9062
2025-11-24 15:55:31,766 - LeNet5_NumPy_logger - INFO - Epoch 3 [381/381 (100.0%)] Loss: 0.1048 Acc: 1.0000
2025-11-24 15:55:31,987 - LeNet5_NumPy_logger - INFO - Epoch 3 [391/391 (100.0%)] Loss: 0.0270 Acc: 1.0000
2025-11-24 15:55:32,194 - LeNet5_NumPy_logger - INFO - Epoch 3 [401/401 (100.0%)] Loss: 0.1401 Acc: 1.0000
2025-11-24 15:55:32,369 - LeNet5_NumPy_logger - INFO - Epoch 3 [411/411 (100.0%)] Loss: 0.1545 Acc: 1.0000
2025-11-24 15:55:32,704 - LeNet5_NumPy_logger - INFO - Epoch 3 [421/421 (100.0%)] Loss: 0.2665 Acc: 0.9688
2025-11-24 15:55:33,306 - LeNet5_NumPy_logger - INFO - Epoch 3 [431/431 (100.0%)] Loss: 0.0524 Acc: 1.0000
2025-11-24 15:55:33,567 - LeNet5_NumPy_logger - INFO - Epoch 3 [441/441 (100.0%)] Loss: 0.1828 Acc: 1.0000
2025-11-24 15:55:33,813 - LeNet5_NumPy_logger - INFO - Epoch 3 [451/451 (100.0%)] Loss: 0.0854 Acc: 1.0000
2025-11-24 15:55:33,959 - LeNet5_NumPy_logger - INFO - Epoch 3 [461/461 (100.0%)] Loss: 0.2881 Acc: 0.9375
2025-11-24 15:55:34,230 - LeNet5_NumPy_logger - INFO - Epoch 3 [471/471 (100.0%)] Loss: 0.1222 Acc: 1.0000
2025-11-24 15:55:34,423 - LeNet5_NumPy_logger - INFO - Epoch 3 [481/481 (100.0%)] Loss: 0.0947 Acc: 1.0000
2025-11-24 15:55:34,817 - LeNet5_NumPy_logger - INFO - Epoch 3 [491/491 (100.0%)] Loss: 0.1230 Acc: 0.9688
2025-11-24 15:55:34,985 - LeNet5_NumPy_logger - INFO - Epoch 3 [501/501 (100.0%)] Loss: 0.4429 Acc: 0.9062
2025-11-24 15:55:35,185 - LeNet5_NumPy_logger - INFO - Epoch 3 [511/511 (100.0%)] Loss: 0.2492 Acc: 0.9688
2025-11-24 15:55:35,360 - LeNet5_NumPy_logger - INFO - Epoch 3 [521/521 (100.0%)] Loss: 0.0890 Acc: 1.0000
2025-11-24 15:55:35,554 - LeNet5_NumPy_logger - INFO - Epoch 3 [531/531 (100.0%)] Loss: 0.0824 Acc: 1.0000
2025-11-24 15:55:35,770 - LeNet5_NumPy_logger - INFO - Epoch 3 [541/541 (100.0%)] Loss: 0.1705 Acc: 0.9688
2025-11-24 15:55:36,013 - LeNet5_NumPy_logger - INFO - Epoch 3 [551/551 (100.0%)] Loss: 0.2122 Acc: 0.9375
2025-11-24 15:55:36,219 - LeNet5_NumPy_logger - INFO - Epoch 3 [561/561 (100.0%)] Loss: 0.2965 Acc: 0.9688
2025-11-24 15:55:36,381 - LeNet5_NumPy_logger - INFO - Epoch 3 [571/571 (100.0%)] Loss: 0.1219 Acc: 0.9688
2025-11-24 15:55:36,535 - LeNet5_NumPy_logger - INFO - Epoch 3 [581/581 (100.0%)] Loss: 0.1887 Acc: 1.0000
2025-11-24 15:55:36,769 - LeNet5_NumPy_logger - INFO - Epoch 3 [591/591 (100.0%)] Loss: 0.0885 Acc: 1.0000
2025-11-24 15:55:37,014 - LeNet5_NumPy_logger - INFO - Epoch 3 [601/601 (100.0%)] Loss: 0.1747 Acc: 1.0000
2025-11-24 15:55:37,245 - LeNet5_NumPy_logger - INFO - Epoch 3 [611/611 (100.0%)] Loss: 0.1162 Acc: 1.0000
2025-11-24 15:55:37,447 - LeNet5_NumPy_logger - INFO - Epoch 3 [621/621 (100.0%)] Loss: 0.3557 Acc: 0.9688
2025-11-24 15:55:37,656 - LeNet5_NumPy_logger - INFO - Epoch 3 [631/631 (100.0%)] Loss: 0.1347 Acc: 1.0000
2025-11-24 15:55:37,904 - LeNet5_NumPy_logger - INFO - Epoch 3 [641/641 (100.0%)] Loss: 0.0716 Acc: 1.0000
2025-11-24 15:55:38,154 - LeNet5_NumPy_logger - INFO - Epoch 3 [651/651 (100.0%)] Loss: 0.4713 Acc: 0.9688
2025-11-24 15:55:38,334 - LeNet5_NumPy_logger - INFO - Epoch 3 [661/661 (100.0%)] Loss: 0.1619 Acc: 1.0000
2025-11-24 15:55:38,526 - LeNet5_NumPy_logger - INFO - Epoch 3 [671/671 (100.0%)] Loss: 0.1450 Acc: 0.9688
2025-11-24 15:55:38,801 - LeNet5_NumPy_logger - INFO - Epoch 3 [681/681 (100.0%)] Loss: 0.2811 Acc: 0.9688
2025-11-24 15:55:38,983 - LeNet5_NumPy_logger - INFO - Epoch 3 [691/691 (100.0%)] Loss: 0.2541 Acc: 0.9688
2025-11-24 15:55:39,234 - LeNet5_NumPy_logger - INFO - Epoch 3 [701/701 (100.0%)] Loss: 0.0539 Acc: 1.0000
2025-11-24 15:55:39,417 - LeNet5_NumPy_logger - INFO - Epoch 3 [711/711 (100.0%)] Loss: 0.1525 Acc: 0.9688
2025-11-24 15:55:40,441 - LeNet5_NumPy_logger - INFO - Epoch 3 [721/721 (100.0%)] Loss: 0.1075 Acc: 0.9688
2025-11-24 15:55:41,014 - LeNet5_NumPy_logger - INFO - Epoch 3 [731/731 (100.0%)] Loss: 0.1988 Acc: 0.9688
2025-11-24 15:55:41,366 - LeNet5_NumPy_logger - INFO - Epoch 3 [741/741 (100.0%)] Loss: 0.3780 Acc: 0.9375
2025-11-24 15:55:41,795 - LeNet5_NumPy_logger - INFO - Epoch 3 [751/751 (100.0%)] Loss: 0.2049 Acc: 0.9688
2025-11-24 15:55:42,211 - LeNet5_NumPy_logger - INFO - Epoch 3 [761/761 (100.0%)] Loss: 0.1965 Acc: 0.9062
2025-11-24 15:55:42,562 - LeNet5_NumPy_logger - INFO - Epoch 3 [771/771 (100.0%)] Loss: 0.3401 Acc: 0.9375
2025-11-24 15:55:43,002 - LeNet5_NumPy_logger - INFO - Epoch 3 [781/781 (100.0%)] Loss: 0.1064 Acc: 1.0000
2025-11-24 15:55:43,326 - LeNet5_NumPy_logger - INFO - Epoch 3 [791/791 (100.0%)] Loss: 0.1666 Acc: 1.0000
2025-11-24 15:55:43,702 - LeNet5_NumPy_logger - INFO - Epoch 3 [801/801 (100.0%)] Loss: 0.2414 Acc: 1.0000
2025-11-24 15:55:44,058 - LeNet5_NumPy_logger - INFO - Epoch 3 [811/811 (100.0%)] Loss: 0.0827 Acc: 1.0000
2025-11-24 15:55:44,636 - LeNet5_NumPy_logger - INFO - Epoch 3 [821/821 (100.0%)] Loss: 0.1250 Acc: 0.9688
2025-11-24 15:55:45,134 - LeNet5_NumPy_logger - INFO - Epoch 3 [831/831 (100.0%)] Loss: 0.1654 Acc: 0.9375
2025-11-24 15:55:45,555 - LeNet5_NumPy_logger - INFO - Epoch 3 [841/841 (100.0%)] Loss: 0.1245 Acc: 1.0000
2025-11-24 15:55:46,096 - LeNet5_NumPy_logger - INFO - Epoch 3 [851/851 (100.0%)] Loss: 0.2018 Acc: 0.9375
2025-11-24 15:55:46,566 - LeNet5_NumPy_logger - INFO - Epoch 3 [861/861 (100.0%)] Loss: 0.4857 Acc: 0.9375
2025-11-24 15:55:46,976 - LeNet5_NumPy_logger - INFO - Epoch 3 [871/871 (100.0%)] Loss: 0.1840 Acc: 1.0000
2025-11-24 15:55:47,335 - LeNet5_NumPy_logger - INFO - Epoch 3 [881/881 (100.0%)] Loss: 0.2182 Acc: 0.9688
2025-11-24 15:55:47,811 - LeNet5_NumPy_logger - INFO - Epoch 3 [891/891 (100.0%)] Loss: 0.1893 Acc: 0.9375
2025-11-24 15:55:48,316 - LeNet5_NumPy_logger - INFO - Epoch 3 [901/901 (100.0%)] Loss: 0.0637 Acc: 1.0000
2025-11-24 15:55:48,647 - LeNet5_NumPy_logger - INFO - Epoch 3 [911/911 (100.0%)] Loss: 0.2223 Acc: 0.9688
2025-11-24 15:55:49,329 - LeNet5_NumPy_logger - INFO - Epoch 3 [921/921 (100.0%)] Loss: 0.3126 Acc: 0.9375
2025-11-24 15:55:49,887 - LeNet5_NumPy_logger - INFO - Epoch 3 [931/931 (100.0%)] Loss: 1.0220 Acc: 0.7812
2025-11-24 15:55:50,256 - LeNet5_NumPy_logger - INFO - Epoch 3 [941/941 (100.0%)] Loss: 0.2055 Acc: 1.0000
2025-11-24 15:55:50,744 - LeNet5_NumPy_logger - INFO - Epoch 3 [951/951 (100.0%)] Loss: 0.1079 Acc: 1.0000
2025-11-24 15:55:51,245 - LeNet5_NumPy_logger - INFO - Epoch 3 [961/961 (100.0%)] Loss: 0.1113 Acc: 1.0000
2025-11-24 15:55:51,868 - LeNet5_NumPy_logger - INFO - Epoch 3 [971/971 (100.0%)] Loss: 0.3629 Acc: 0.8750
2025-11-24 15:55:52,275 - LeNet5_NumPy_logger - INFO - Epoch 3 [981/981 (100.0%)] Loss: 0.3034 Acc: 0.9375
2025-11-24 15:55:52,711 - LeNet5_NumPy_logger - INFO - Epoch 3 [991/991 (100.0%)] Loss: 0.2987 Acc: 0.9375
2025-11-24 15:55:53,124 - LeNet5_NumPy_logger - INFO - Epoch 3 [1001/1001 (100.0%)] Loss: 0.1562 Acc: 0.9688
2025-11-24 15:55:53,520 - LeNet5_NumPy_logger - INFO - Epoch 3 [1011/1011 (100.0%)] Loss: 0.2168 Acc: 1.0000
2025-11-24 15:55:54,016 - LeNet5_NumPy_logger - INFO - Epoch 3 [1021/1021 (100.0%)] Loss: 0.0938 Acc: 1.0000
2025-11-24 15:55:54,271 - LeNet5_NumPy_logger - INFO - Epoch 3 [1031/1031 (100.0%)] Loss: 0.0676 Acc: 1.0000
2025-11-24 15:55:54,673 - LeNet5_NumPy_logger - INFO - Epoch 3 [1041/1041 (100.0%)] Loss: 0.1036 Acc: 1.0000
2025-11-24 15:55:54,899 - LeNet5_NumPy_logger - INFO - Epoch 3 [1051/1051 (100.0%)] Loss: 0.1942 Acc: 0.9688
2025-11-24 15:55:55,602 - LeNet5_NumPy_logger - INFO - Epoch 3 [1061/1061 (100.0%)] Loss: 0.2033 Acc: 1.0000
2025-11-24 15:55:55,963 - LeNet5_NumPy_logger - INFO - Epoch 3 [1071/1071 (100.0%)] Loss: 0.2550 Acc: 0.9688
2025-11-24 15:55:56,687 - LeNet5_NumPy_logger - INFO - Epoch 3 [1081/1081 (100.0%)] Loss: 0.0439 Acc: 1.0000
2025-11-24 15:55:56,970 - LeNet5_NumPy_logger - INFO - Epoch 3 [1091/1091 (100.0%)] Loss: 0.0416 Acc: 1.0000
2025-11-24 15:55:57,288 - LeNet5_NumPy_logger - INFO - Epoch 3 [1101/1101 (100.0%)] Loss: 0.1399 Acc: 0.9688
2025-11-24 15:55:57,837 - LeNet5_NumPy_logger - INFO - Epoch 3 [1111/1111 (100.0%)] Loss: 0.0259 Acc: 1.0000
2025-11-24 15:55:58,602 - LeNet5_NumPy_logger - INFO - Epoch 3 [1121/1121 (100.0%)] Loss: 0.1867 Acc: 0.9688
2025-11-24 15:55:59,167 - LeNet5_NumPy_logger - INFO - Epoch 3 [1131/1131 (100.0%)] Loss: 0.2393 Acc: 0.9375
2025-11-24 15:55:59,539 - LeNet5_NumPy_logger - INFO - Epoch 3 [1141/1141 (100.0%)] Loss: 0.0850 Acc: 0.9688
2025-11-24 15:56:00,089 - LeNet5_NumPy_logger - INFO - Epoch 3 [1151/1151 (100.0%)] Loss: 0.2141 Acc: 0.9688
2025-11-24 15:56:00,624 - LeNet5_NumPy_logger - INFO - Epoch 3 [1161/1161 (100.0%)] Loss: 0.0854 Acc: 1.0000
2025-11-24 15:56:00,936 - LeNet5_NumPy_logger - INFO - Epoch 3 [1171/1171 (100.0%)] Loss: 0.4325 Acc: 0.9375
2025-11-24 15:56:01,136 - LeNet5_NumPy_logger - INFO - Epoch 3 [1181/1181 (100.0%)] Loss: 0.1040 Acc: 1.0000
2025-11-24 15:56:01,536 - LeNet5_NumPy_logger - INFO - Epoch 3 [1191/1191 (100.0%)] Loss: 0.1058 Acc: 0.9688
2025-11-24 15:56:01,728 - LeNet5_NumPy_logger - INFO - Epoch 3 [1201/1201 (100.0%)] Loss: 0.1156 Acc: 0.9688
2025-11-24 15:56:01,927 - LeNet5_NumPy_logger - INFO - Epoch 3 [1211/1211 (100.0%)] Loss: 0.3031 Acc: 0.9375
2025-11-24 15:56:02,074 - LeNet5_NumPy_logger - INFO - Epoch 3 [1221/1221 (100.0%)] Loss: 0.0961 Acc: 0.9688
2025-11-24 15:56:02,235 - LeNet5_NumPy_logger - INFO - Epoch 3 [1231/1231 (100.0%)] Loss: 0.1203 Acc: 1.0000
2025-11-24 15:56:02,394 - LeNet5_NumPy_logger - INFO - Epoch 3 [1241/1241 (100.0%)] Loss: 0.0840 Acc: 1.0000
2025-11-24 15:56:02,687 - LeNet5_NumPy_logger - INFO - Epoch 3 [1251/1251 (100.0%)] Loss: 0.1094 Acc: 1.0000
2025-11-24 15:56:03,122 - LeNet5_NumPy_logger - INFO - Epoch 3 [1261/1261 (100.0%)] Loss: 0.0807 Acc: 1.0000
2025-11-24 15:56:03,356 - LeNet5_NumPy_logger - INFO - Epoch 3 [1271/1271 (100.0%)] Loss: 0.2846 Acc: 0.9688
2025-11-24 15:56:03,570 - LeNet5_NumPy_logger - INFO - Epoch 3 [1281/1281 (100.0%)] Loss: 0.1971 Acc: 0.9688
2025-11-24 15:56:03,838 - LeNet5_NumPy_logger - INFO - Epoch 3 [1291/1291 (100.0%)] Loss: 0.1379 Acc: 0.9688
2025-11-24 15:56:04,177 - LeNet5_NumPy_logger - INFO - Epoch 3 [1301/1301 (100.0%)] Loss: 0.5824 Acc: 0.9062
2025-11-24 15:56:04,365 - LeNet5_NumPy_logger - INFO - Epoch 3 [1311/1311 (100.0%)] Loss: 0.2829 Acc: 0.9375
2025-11-24 15:56:04,575 - LeNet5_NumPy_logger - INFO - Epoch 3 [1321/1321 (100.0%)] Loss: 0.0772 Acc: 1.0000
2025-11-24 15:56:04,847 - LeNet5_NumPy_logger - INFO - Epoch 3 [1331/1331 (100.0%)] Loss: 0.0813 Acc: 1.0000
2025-11-24 15:56:05,213 - LeNet5_NumPy_logger - INFO - Epoch 3 [1341/1341 (100.0%)] Loss: 0.2319 Acc: 0.9688
2025-11-24 15:56:05,462 - LeNet5_NumPy_logger - INFO - Epoch 3 [1351/1351 (100.0%)] Loss: 0.0596 Acc: 1.0000
2025-11-24 15:56:05,678 - LeNet5_NumPy_logger - INFO - Epoch 3 [1361/1361 (100.0%)] Loss: 0.1811 Acc: 0.9375
2025-11-24 15:56:05,905 - LeNet5_NumPy_logger - INFO - Epoch 3 [1371/1371 (100.0%)] Loss: 0.1807 Acc: 0.9375
2025-11-24 15:56:06,073 - LeNet5_NumPy_logger - INFO - Epoch 3 [1381/1381 (100.0%)] Loss: 0.1711 Acc: 1.0000
2025-11-24 15:56:06,306 - LeNet5_NumPy_logger - INFO - Epoch 3 [1391/1391 (100.0%)] Loss: 0.2404 Acc: 0.9062
2025-11-24 15:56:06,585 - LeNet5_NumPy_logger - INFO - Epoch 3 [1401/1401 (100.0%)] Loss: 0.1468 Acc: 0.9688
2025-11-24 15:56:06,765 - LeNet5_NumPy_logger - INFO - Epoch 3 [1411/1411 (100.0%)] Loss: 0.3491 Acc: 0.9688
2025-11-24 15:56:06,928 - LeNet5_NumPy_logger - INFO - Epoch 3 [1421/1421 (100.0%)] Loss: 0.2012 Acc: 0.9688
2025-11-24 15:56:07,270 - LeNet5_NumPy_logger - INFO - Epoch 3 [1431/1431 (100.0%)] Loss: 0.3357 Acc: 1.0000
2025-11-24 15:56:07,464 - LeNet5_NumPy_logger - INFO - Epoch 3 [1441/1441 (100.0%)] Loss: 0.2165 Acc: 0.9375
2025-11-24 15:56:07,632 - LeNet5_NumPy_logger - INFO - Epoch 3 [1451/1451 (100.0%)] Loss: 0.0369 Acc: 1.0000
2025-11-24 15:56:07,882 - LeNet5_NumPy_logger - INFO - Epoch 3 [1461/1461 (100.0%)] Loss: 0.1524 Acc: 0.9688
2025-11-24 15:56:08,017 - LeNet5_NumPy_logger - INFO - Epoch 3 [1471/1471 (100.0%)] Loss: 0.1822 Acc: 0.9688
2025-11-24 15:56:08,339 - LeNet5_NumPy_logger - INFO - Epoch 3 [1481/1481 (100.0%)] Loss: 0.0196 Acc: 1.0000
2025-11-24 15:56:08,531 - LeNet5_NumPy_logger - INFO - Epoch 3 [1491/1491 (100.0%)] Loss: 0.1121 Acc: 0.9688
2025-11-24 15:56:08,700 - LeNet5_NumPy_logger - INFO - Epoch 3 [1501/1501 (100.0%)] Loss: 0.1222 Acc: 0.9688
2025-11-24 15:56:08,895 - LeNet5_NumPy_logger - INFO - Epoch 3 [1511/1511 (100.0%)] Loss: 0.1755 Acc: 0.9688
2025-11-24 15:56:09,081 - LeNet5_NumPy_logger - INFO - Epoch 3 [1521/1521 (100.0%)] Loss: 0.1075 Acc: 1.0000
2025-11-24 15:56:09,362 - LeNet5_NumPy_logger - INFO - Epoch 3 [1531/1531 (100.0%)] Loss: 0.1407 Acc: 1.0000
2025-11-24 15:56:09,716 - LeNet5_NumPy_logger - INFO - Epoch 3 [1541/1541 (100.0%)] Loss: 0.1116 Acc: 1.0000
2025-11-24 15:56:09,987 - LeNet5_NumPy_logger - INFO - Epoch 3 [1551/1551 (100.0%)] Loss: 0.2773 Acc: 0.9375
2025-11-24 15:56:10,406 - LeNet5_NumPy_logger - INFO - Epoch 3 [1561/1561 (100.0%)] Loss: 0.0624 Acc: 1.0000
2025-11-24 15:56:10,654 - LeNet5_NumPy_logger - INFO - Epoch 3 [1571/1571 (100.0%)] Loss: 0.1341 Acc: 0.9688
2025-11-24 15:56:10,925 - LeNet5_NumPy_logger - INFO - Epoch 3 [1581/1581 (100.0%)] Loss: 0.0984 Acc: 1.0000
2025-11-24 15:56:11,151 - LeNet5_NumPy_logger - INFO - Epoch 3 [1591/1591 (100.0%)] Loss: 0.0714 Acc: 1.0000
2025-11-24 15:56:11,493 - LeNet5_NumPy_logger - INFO - Epoch 3 [1601/1601 (100.0%)] Loss: 0.2433 Acc: 0.9375
2025-11-24 15:56:11,839 - LeNet5_NumPy_logger - INFO - Epoch 3 [1611/1611 (100.0%)] Loss: 0.1234 Acc: 1.0000
2025-11-24 15:56:12,262 - LeNet5_NumPy_logger - INFO - Epoch 3 [1621/1621 (100.0%)] Loss: 0.2678 Acc: 0.9375
2025-11-24 15:56:12,655 - LeNet5_NumPy_logger - INFO - Epoch 3 [1631/1631 (100.0%)] Loss: 0.1000 Acc: 1.0000
2025-11-24 15:56:12,926 - LeNet5_NumPy_logger - INFO - Epoch 3 [1641/1641 (100.0%)] Loss: 0.0624 Acc: 1.0000
2025-11-24 15:56:13,371 - LeNet5_NumPy_logger - INFO - Epoch 3 [1651/1651 (100.0%)] Loss: 0.0664 Acc: 1.0000
2025-11-24 15:56:13,612 - LeNet5_NumPy_logger - INFO - Epoch 3 [1661/1661 (100.0%)] Loss: 0.0906 Acc: 1.0000
2025-11-24 15:56:14,061 - LeNet5_NumPy_logger - INFO - Epoch 3 [1671/1671 (100.0%)] Loss: 0.1065 Acc: 1.0000
2025-11-24 15:56:14,417 - LeNet5_NumPy_logger - INFO - Epoch 3 [1681/1681 (100.0%)] Loss: 0.2033 Acc: 0.9375
2025-11-24 15:56:14,651 - LeNet5_NumPy_logger - INFO - Epoch 3 [1691/1691 (100.0%)] Loss: 0.0553 Acc: 1.0000
2025-11-24 15:56:14,932 - LeNet5_NumPy_logger - INFO - Epoch 3 [1701/1701 (100.0%)] Loss: 0.2188 Acc: 0.9688
2025-11-24 15:56:15,124 - LeNet5_NumPy_logger - INFO - Epoch 3 [1711/1711 (100.0%)] Loss: 0.0347 Acc: 1.0000
2025-11-24 15:56:15,366 - LeNet5_NumPy_logger - INFO - Epoch 3 [1721/1721 (100.0%)] Loss: 0.2140 Acc: 0.9688
2025-11-24 15:56:15,568 - LeNet5_NumPy_logger - INFO - Epoch 3 [1731/1731 (100.0%)] Loss: 0.0598 Acc: 1.0000
2025-11-24 15:56:15,761 - LeNet5_NumPy_logger - INFO - Epoch 3 [1741/1741 (100.0%)] Loss: 0.1994 Acc: 0.9688
2025-11-24 15:56:16,078 - LeNet5_NumPy_logger - INFO - Epoch 3 [1751/1751 (100.0%)] Loss: 0.1106 Acc: 1.0000
2025-11-24 15:56:16,280 - LeNet5_NumPy_logger - INFO - Epoch 3 [1761/1761 (100.0%)] Loss: 0.1515 Acc: 0.9375
2025-11-24 15:56:16,466 - LeNet5_NumPy_logger - INFO - Epoch 3 [1771/1771 (100.0%)] Loss: 0.0949 Acc: 1.0000
2025-11-24 15:56:16,684 - LeNet5_NumPy_logger - INFO - Epoch 3 [1781/1781 (100.0%)] Loss: 0.1025 Acc: 0.9688
2025-11-24 15:56:16,980 - LeNet5_NumPy_logger - INFO - Epoch 3 [1791/1791 (100.0%)] Loss: 0.0485 Acc: 1.0000
2025-11-24 15:56:17,211 - LeNet5_NumPy_logger - INFO - Epoch 3 [1801/1801 (100.0%)] Loss: 0.0798 Acc: 1.0000
2025-11-24 15:56:17,648 - LeNet5_NumPy_logger - INFO - Epoch 3 [1811/1811 (100.0%)] Loss: 0.0590 Acc: 1.0000
2025-11-24 15:56:17,968 - LeNet5_NumPy_logger - INFO - Epoch 3 [1821/1821 (100.0%)] Loss: 0.1812 Acc: 1.0000
2025-11-24 15:56:18,215 - LeNet5_NumPy_logger - INFO - Epoch 3 [1831/1831 (100.0%)] Loss: 0.1445 Acc: 0.9688
2025-11-24 15:56:18,448 - LeNet5_NumPy_logger - INFO - Epoch 3 [1841/1841 (100.0%)] Loss: 0.2188 Acc: 0.9688
2025-11-24 15:56:18,780 - LeNet5_NumPy_logger - INFO - Epoch 3 [1851/1851 (100.0%)] Loss: 0.0647 Acc: 1.0000
2025-11-24 15:56:19,136 - LeNet5_NumPy_logger - INFO - Epoch 3 [1861/1861 (100.0%)] Loss: 0.0652 Acc: 1.0000
2025-11-24 15:56:19,372 - LeNet5_NumPy_logger - INFO - Epoch 3 [1871/1871 (100.0%)] Loss: 0.1946 Acc: 0.9688
2025-11-24 15:56:23,439 - LeNet5_NumPy_logger - INFO - Epoch   3 | Train Loss: 0.1810 | Train Acc: 0.9580 | Val Loss: 0.1372 | Val Acc: 0.1372
2025-11-24 15:56:23,494 - LeNet5_NumPy_logger - INFO - Epoch 4 [1/1 (100.0%)] Loss: 0.2248 Acc: 0.9375
2025-11-24 15:56:23,846 - LeNet5_NumPy_logger - INFO - Epoch 4 [11/11 (100.0%)] Loss: 0.0579 Acc: 1.0000
2025-11-24 15:56:24,077 - LeNet5_NumPy_logger - INFO - Epoch 4 [21/21 (100.0%)] Loss: 0.1169 Acc: 0.9688
2025-11-24 15:56:24,289 - LeNet5_NumPy_logger - INFO - Epoch 4 [31/31 (100.0%)] Loss: 0.1383 Acc: 1.0000
2025-11-24 15:56:24,533 - LeNet5_NumPy_logger - INFO - Epoch 4 [41/41 (100.0%)] Loss: 0.1091 Acc: 0.9688
2025-11-24 15:56:24,777 - LeNet5_NumPy_logger - INFO - Epoch 4 [51/51 (100.0%)] Loss: 0.2557 Acc: 0.9688
2025-11-24 15:56:24,966 - LeNet5_NumPy_logger - INFO - Epoch 4 [61/61 (100.0%)] Loss: 0.1173 Acc: 1.0000
2025-11-24 15:56:25,161 - LeNet5_NumPy_logger - INFO - Epoch 4 [71/71 (100.0%)] Loss: 0.1878 Acc: 0.9375
2025-11-24 15:56:25,367 - LeNet5_NumPy_logger - INFO - Epoch 4 [81/81 (100.0%)] Loss: 0.3405 Acc: 0.9688
2025-11-24 15:56:25,582 - LeNet5_NumPy_logger - INFO - Epoch 4 [91/91 (100.0%)] Loss: 0.1229 Acc: 0.9375
2025-11-24 15:56:26,008 - LeNet5_NumPy_logger - INFO - Epoch 4 [101/101 (100.0%)] Loss: 0.1363 Acc: 0.9688
2025-11-24 15:56:26,238 - LeNet5_NumPy_logger - INFO - Epoch 4 [111/111 (100.0%)] Loss: 0.2302 Acc: 0.9688
2025-11-24 15:56:26,408 - LeNet5_NumPy_logger - INFO - Epoch 4 [121/121 (100.0%)] Loss: 0.0364 Acc: 1.0000
2025-11-24 15:56:26,693 - LeNet5_NumPy_logger - INFO - Epoch 4 [131/131 (100.0%)] Loss: 0.0153 Acc: 1.0000
2025-11-24 15:56:26,951 - LeNet5_NumPy_logger - INFO - Epoch 4 [141/141 (100.0%)] Loss: 0.0245 Acc: 1.0000
2025-11-24 15:56:27,206 - LeNet5_NumPy_logger - INFO - Epoch 4 [151/151 (100.0%)] Loss: 0.0789 Acc: 1.0000
2025-11-24 15:56:27,501 - LeNet5_NumPy_logger - INFO - Epoch 4 [161/161 (100.0%)] Loss: 0.2084 Acc: 0.9688
2025-11-24 15:56:28,059 - LeNet5_NumPy_logger - INFO - Epoch 4 [171/171 (100.0%)] Loss: 0.1684 Acc: 0.9688
2025-11-24 15:56:28,357 - LeNet5_NumPy_logger - INFO - Epoch 4 [181/181 (100.0%)] Loss: 0.0659 Acc: 1.0000
2025-11-24 15:56:28,535 - LeNet5_NumPy_logger - INFO - Epoch 4 [191/191 (100.0%)] Loss: 0.0380 Acc: 1.0000
2025-11-24 15:56:28,722 - LeNet5_NumPy_logger - INFO - Epoch 4 [201/201 (100.0%)] Loss: 0.4027 Acc: 0.9062
2025-11-24 15:56:29,056 - LeNet5_NumPy_logger - INFO - Epoch 4 [211/211 (100.0%)] Loss: 0.0710 Acc: 1.0000
2025-11-24 15:56:29,583 - LeNet5_NumPy_logger - INFO - Epoch 4 [221/221 (100.0%)] Loss: 0.2064 Acc: 0.9375
2025-11-24 15:56:29,921 - LeNet5_NumPy_logger - INFO - Epoch 4 [231/231 (100.0%)] Loss: 0.0201 Acc: 1.0000
2025-11-24 15:56:30,105 - LeNet5_NumPy_logger - INFO - Epoch 4 [241/241 (100.0%)] Loss: 0.0928 Acc: 1.0000
2025-11-24 15:56:30,376 - LeNet5_NumPy_logger - INFO - Epoch 4 [251/251 (100.0%)] Loss: 0.3133 Acc: 0.9375
2025-11-24 15:56:30,929 - LeNet5_NumPy_logger - INFO - Epoch 4 [261/261 (100.0%)] Loss: 0.0358 Acc: 1.0000
2025-11-24 15:56:31,149 - LeNet5_NumPy_logger - INFO - Epoch 4 [271/271 (100.0%)] Loss: 0.2191 Acc: 0.9688
2025-11-24 15:56:31,407 - LeNet5_NumPy_logger - INFO - Epoch 4 [281/281 (100.0%)] Loss: 0.1915 Acc: 0.9688
2025-11-24 15:56:31,690 - LeNet5_NumPy_logger - INFO - Epoch 4 [291/291 (100.0%)] Loss: 0.1446 Acc: 0.9688
2025-11-24 15:56:31,948 - LeNet5_NumPy_logger - INFO - Epoch 4 [301/301 (100.0%)] Loss: 0.3293 Acc: 0.9375
2025-11-24 15:56:32,200 - LeNet5_NumPy_logger - INFO - Epoch 4 [311/311 (100.0%)] Loss: 0.1051 Acc: 1.0000
2025-11-24 15:56:32,393 - LeNet5_NumPy_logger - INFO - Epoch 4 [321/321 (100.0%)] Loss: 0.1885 Acc: 1.0000
2025-11-24 15:56:32,615 - LeNet5_NumPy_logger - INFO - Epoch 4 [331/331 (100.0%)] Loss: 0.0293 Acc: 1.0000
2025-11-24 15:56:32,850 - LeNet5_NumPy_logger - INFO - Epoch 4 [341/341 (100.0%)] Loss: 0.1068 Acc: 1.0000
2025-11-24 15:56:33,030 - LeNet5_NumPy_logger - INFO - Epoch 4 [351/351 (100.0%)] Loss: 0.0773 Acc: 1.0000
2025-11-24 15:56:33,205 - LeNet5_NumPy_logger - INFO - Epoch 4 [361/361 (100.0%)] Loss: 0.0429 Acc: 1.0000
2025-11-24 15:56:33,391 - LeNet5_NumPy_logger - INFO - Epoch 4 [371/371 (100.0%)] Loss: 0.3873 Acc: 0.9375
2025-11-24 15:56:33,566 - LeNet5_NumPy_logger - INFO - Epoch 4 [381/381 (100.0%)] Loss: 0.0417 Acc: 1.0000
2025-11-24 15:56:33,815 - LeNet5_NumPy_logger - INFO - Epoch 4 [391/391 (100.0%)] Loss: 0.2022 Acc: 0.9688
2025-11-24 15:56:34,030 - LeNet5_NumPy_logger - INFO - Epoch 4 [401/401 (100.0%)] Loss: 0.0344 Acc: 1.0000
2025-11-24 15:56:34,185 - LeNet5_NumPy_logger - INFO - Epoch 4 [411/411 (100.0%)] Loss: 0.0217 Acc: 1.0000
2025-11-24 15:56:34,361 - LeNet5_NumPy_logger - INFO - Epoch 4 [421/421 (100.0%)] Loss: 0.0448 Acc: 1.0000
2025-11-24 15:56:34,519 - LeNet5_NumPy_logger - INFO - Epoch 4 [431/431 (100.0%)] Loss: 0.0524 Acc: 1.0000
2025-11-24 15:56:34,711 - LeNet5_NumPy_logger - INFO - Epoch 4 [441/441 (100.0%)] Loss: 0.0756 Acc: 1.0000
2025-11-24 15:56:34,933 - LeNet5_NumPy_logger - INFO - Epoch 4 [451/451 (100.0%)] Loss: 0.0463 Acc: 1.0000
2025-11-24 15:56:35,157 - LeNet5_NumPy_logger - INFO - Epoch 4 [461/461 (100.0%)] Loss: 0.2722 Acc: 0.9688
2025-11-24 15:56:35,343 - LeNet5_NumPy_logger - INFO - Epoch 4 [471/471 (100.0%)] Loss: 0.2154 Acc: 0.9375
2025-11-24 15:56:35,582 - LeNet5_NumPy_logger - INFO - Epoch 4 [481/481 (100.0%)] Loss: 0.0756 Acc: 1.0000
2025-11-24 15:56:35,784 - LeNet5_NumPy_logger - INFO - Epoch 4 [491/491 (100.0%)] Loss: 0.1930 Acc: 0.9688
2025-11-24 15:56:36,462 - LeNet5_NumPy_logger - INFO - Epoch 4 [501/501 (100.0%)] Loss: 0.0570 Acc: 1.0000
2025-11-24 15:56:36,737 - LeNet5_NumPy_logger - INFO - Epoch 4 [511/511 (100.0%)] Loss: 0.0899 Acc: 1.0000
2025-11-24 15:56:37,082 - LeNet5_NumPy_logger - INFO - Epoch 4 [521/521 (100.0%)] Loss: 0.1412 Acc: 0.9375
2025-11-24 15:56:37,355 - LeNet5_NumPy_logger - INFO - Epoch 4 [531/531 (100.0%)] Loss: 0.1564 Acc: 1.0000
2025-11-24 15:56:38,637 - LeNet5_NumPy_logger - INFO - Epoch 4 [541/541 (100.0%)] Loss: 0.0486 Acc: 1.0000
2025-11-24 15:56:38,959 - LeNet5_NumPy_logger - INFO - Epoch 4 [551/551 (100.0%)] Loss: 0.2426 Acc: 0.9688
2025-11-24 15:56:39,262 - LeNet5_NumPy_logger - INFO - Epoch 4 [561/561 (100.0%)] Loss: 0.3998 Acc: 0.9062
2025-11-24 15:56:39,462 - LeNet5_NumPy_logger - INFO - Epoch 4 [571/571 (100.0%)] Loss: 0.1276 Acc: 0.9688
2025-11-24 15:56:39,700 - LeNet5_NumPy_logger - INFO - Epoch 4 [581/581 (100.0%)] Loss: 0.0292 Acc: 1.0000
2025-11-24 15:56:39,998 - LeNet5_NumPy_logger - INFO - Epoch 4 [591/591 (100.0%)] Loss: 0.1323 Acc: 1.0000
2025-11-24 15:56:40,271 - LeNet5_NumPy_logger - INFO - Epoch 4 [601/601 (100.0%)] Loss: 0.0503 Acc: 1.0000
2025-11-24 15:56:40,541 - LeNet5_NumPy_logger - INFO - Epoch 4 [611/611 (100.0%)] Loss: 0.0681 Acc: 1.0000
2025-11-24 15:56:40,790 - LeNet5_NumPy_logger - INFO - Epoch 4 [621/621 (100.0%)] Loss: 0.0539 Acc: 1.0000
2025-11-24 15:56:41,091 - LeNet5_NumPy_logger - INFO - Epoch 4 [631/631 (100.0%)] Loss: 0.0597 Acc: 1.0000
2025-11-24 15:56:41,421 - LeNet5_NumPy_logger - INFO - Epoch 4 [641/641 (100.0%)] Loss: 0.1190 Acc: 0.9688
2025-11-24 15:56:41,847 - LeNet5_NumPy_logger - INFO - Epoch 4 [651/651 (100.0%)] Loss: 0.0764 Acc: 1.0000
2025-11-24 15:56:42,058 - LeNet5_NumPy_logger - INFO - Epoch 4 [661/661 (100.0%)] Loss: 0.0286 Acc: 1.0000
2025-11-24 15:56:42,282 - LeNet5_NumPy_logger - INFO - Epoch 4 [671/671 (100.0%)] Loss: 0.1375 Acc: 1.0000
2025-11-24 15:56:42,539 - LeNet5_NumPy_logger - INFO - Epoch 4 [681/681 (100.0%)] Loss: 0.1506 Acc: 0.9688
2025-11-24 15:56:42,792 - LeNet5_NumPy_logger - INFO - Epoch 4 [691/691 (100.0%)] Loss: 0.1194 Acc: 0.9688
2025-11-24 15:56:43,144 - LeNet5_NumPy_logger - INFO - Epoch 4 [701/701 (100.0%)] Loss: 0.2459 Acc: 0.9688
2025-11-24 15:56:43,630 - LeNet5_NumPy_logger - INFO - Epoch 4 [711/711 (100.0%)] Loss: 0.0768 Acc: 1.0000
2025-11-24 15:56:43,808 - LeNet5_NumPy_logger - INFO - Epoch 4 [721/721 (100.0%)] Loss: 0.0320 Acc: 1.0000
2025-11-24 15:56:43,956 - LeNet5_NumPy_logger - INFO - Epoch 4 [731/731 (100.0%)] Loss: 0.1223 Acc: 0.9688
2025-11-24 15:56:44,133 - LeNet5_NumPy_logger - INFO - Epoch 4 [741/741 (100.0%)] Loss: 0.2355 Acc: 0.9375
2025-11-24 15:56:44,437 - LeNet5_NumPy_logger - INFO - Epoch 4 [751/751 (100.0%)] Loss: 0.1261 Acc: 0.9688
2025-11-24 15:56:44,688 - LeNet5_NumPy_logger - INFO - Epoch 4 [761/761 (100.0%)] Loss: 0.0785 Acc: 1.0000
2025-11-24 15:56:44,877 - LeNet5_NumPy_logger - INFO - Epoch 4 [771/771 (100.0%)] Loss: 0.0660 Acc: 1.0000
2025-11-24 15:56:45,055 - LeNet5_NumPy_logger - INFO - Epoch 4 [781/781 (100.0%)] Loss: 0.1270 Acc: 0.9688
2025-11-24 15:56:45,329 - LeNet5_NumPy_logger - INFO - Epoch 4 [791/791 (100.0%)] Loss: 0.0356 Acc: 1.0000
2025-11-24 15:56:45,607 - LeNet5_NumPy_logger - INFO - Epoch 4 [801/801 (100.0%)] Loss: 0.2052 Acc: 0.9688
2025-11-24 15:56:45,936 - LeNet5_NumPy_logger - INFO - Epoch 4 [811/811 (100.0%)] Loss: 0.1619 Acc: 0.9688
2025-11-24 15:56:46,170 - LeNet5_NumPy_logger - INFO - Epoch 4 [821/821 (100.0%)] Loss: 0.1077 Acc: 1.0000
2025-11-24 15:56:46,380 - LeNet5_NumPy_logger - INFO - Epoch 4 [831/831 (100.0%)] Loss: 0.0347 Acc: 1.0000
2025-11-24 15:56:46,765 - LeNet5_NumPy_logger - INFO - Epoch 4 [841/841 (100.0%)] Loss: 0.1989 Acc: 0.9688
2025-11-24 15:56:47,062 - LeNet5_NumPy_logger - INFO - Epoch 4 [851/851 (100.0%)] Loss: 0.1529 Acc: 1.0000
2025-11-24 15:56:47,225 - LeNet5_NumPy_logger - INFO - Epoch 4 [861/861 (100.0%)] Loss: 0.0594 Acc: 1.0000
2025-11-24 15:56:47,423 - LeNet5_NumPy_logger - INFO - Epoch 4 [871/871 (100.0%)] Loss: 0.0200 Acc: 1.0000
2025-11-24 15:56:47,625 - LeNet5_NumPy_logger - INFO - Epoch 4 [881/881 (100.0%)] Loss: 0.2106 Acc: 1.0000
2025-11-24 15:56:47,850 - LeNet5_NumPy_logger - INFO - Epoch 4 [891/891 (100.0%)] Loss: 0.0827 Acc: 1.0000
2025-11-24 15:56:48,171 - LeNet5_NumPy_logger - INFO - Epoch 4 [901/901 (100.0%)] Loss: 0.0150 Acc: 1.0000
2025-11-24 15:56:48,367 - LeNet5_NumPy_logger - INFO - Epoch 4 [911/911 (100.0%)] Loss: 0.0291 Acc: 1.0000
2025-11-24 15:56:48,583 - LeNet5_NumPy_logger - INFO - Epoch 4 [921/921 (100.0%)] Loss: 0.1822 Acc: 0.9688
2025-11-24 15:56:48,756 - LeNet5_NumPy_logger - INFO - Epoch 4 [931/931 (100.0%)] Loss: 0.0638 Acc: 1.0000
2025-11-24 15:56:49,049 - LeNet5_NumPy_logger - INFO - Epoch 4 [941/941 (100.0%)] Loss: 0.1876 Acc: 0.9688
2025-11-24 15:56:49,426 - LeNet5_NumPy_logger - INFO - Epoch 4 [951/951 (100.0%)] Loss: 0.0863 Acc: 1.0000
2025-11-24 15:56:49,634 - LeNet5_NumPy_logger - INFO - Epoch 4 [961/961 (100.0%)] Loss: 0.1428 Acc: 1.0000
2025-11-24 15:56:49,996 - LeNet5_NumPy_logger - INFO - Epoch 4 [971/971 (100.0%)] Loss: 0.2768 Acc: 0.9688
2025-11-24 15:56:50,238 - LeNet5_NumPy_logger - INFO - Epoch 4 [981/981 (100.0%)] Loss: 0.1058 Acc: 1.0000
2025-11-24 15:56:50,492 - LeNet5_NumPy_logger - INFO - Epoch 4 [991/991 (100.0%)] Loss: 0.0082 Acc: 1.0000
2025-11-24 15:56:50,695 - LeNet5_NumPy_logger - INFO - Epoch 4 [1001/1001 (100.0%)] Loss: 0.1913 Acc: 0.9688
2025-11-24 15:56:50,867 - LeNet5_NumPy_logger - INFO - Epoch 4 [1011/1011 (100.0%)] Loss: 0.0431 Acc: 1.0000
2025-11-24 15:56:51,053 - LeNet5_NumPy_logger - INFO - Epoch 4 [1021/1021 (100.0%)] Loss: 0.0972 Acc: 1.0000
2025-11-24 15:56:51,259 - LeNet5_NumPy_logger - INFO - Epoch 4 [1031/1031 (100.0%)] Loss: 0.2456 Acc: 0.9062
2025-11-24 15:56:51,417 - LeNet5_NumPy_logger - INFO - Epoch 4 [1041/1041 (100.0%)] Loss: 0.1555 Acc: 1.0000
2025-11-24 15:56:51,611 - LeNet5_NumPy_logger - INFO - Epoch 4 [1051/1051 (100.0%)] Loss: 0.0234 Acc: 1.0000
2025-11-24 15:56:51,778 - LeNet5_NumPy_logger - INFO - Epoch 4 [1061/1061 (100.0%)] Loss: 0.3897 Acc: 0.9375
2025-11-24 15:56:51,962 - LeNet5_NumPy_logger - INFO - Epoch 4 [1071/1071 (100.0%)] Loss: 0.0822 Acc: 1.0000
2025-11-24 15:56:52,115 - LeNet5_NumPy_logger - INFO - Epoch 4 [1081/1081 (100.0%)] Loss: 0.0327 Acc: 1.0000
2025-11-24 15:56:52,345 - LeNet5_NumPy_logger - INFO - Epoch 4 [1091/1091 (100.0%)] Loss: 0.0960 Acc: 1.0000
2025-11-24 15:56:52,950 - LeNet5_NumPy_logger - INFO - Epoch 4 [1101/1101 (100.0%)] Loss: 0.1972 Acc: 0.9688
2025-11-24 15:56:53,293 - LeNet5_NumPy_logger - INFO - Epoch 4 [1111/1111 (100.0%)] Loss: 0.0518 Acc: 1.0000
2025-11-24 15:56:53,571 - LeNet5_NumPy_logger - INFO - Epoch 4 [1121/1121 (100.0%)] Loss: 0.0961 Acc: 1.0000
2025-11-24 15:56:53,767 - LeNet5_NumPy_logger - INFO - Epoch 4 [1131/1131 (100.0%)] Loss: 0.1630 Acc: 0.9688
2025-11-24 15:56:54,026 - LeNet5_NumPy_logger - INFO - Epoch 4 [1141/1141 (100.0%)] Loss: 0.1508 Acc: 1.0000
2025-11-24 15:56:54,262 - LeNet5_NumPy_logger - INFO - Epoch 4 [1151/1151 (100.0%)] Loss: 0.1549 Acc: 0.9688
2025-11-24 15:56:54,755 - LeNet5_NumPy_logger - INFO - Epoch 4 [1161/1161 (100.0%)] Loss: 0.1931 Acc: 0.9375
2025-11-24 15:56:54,982 - LeNet5_NumPy_logger - INFO - Epoch 4 [1171/1171 (100.0%)] Loss: 0.4151 Acc: 0.9688
2025-11-24 15:56:55,131 - LeNet5_NumPy_logger - INFO - Epoch 4 [1181/1181 (100.0%)] Loss: 0.0777 Acc: 1.0000
2025-11-24 15:56:55,330 - LeNet5_NumPy_logger - INFO - Epoch 4 [1191/1191 (100.0%)] Loss: 0.1340 Acc: 1.0000
2025-11-24 15:56:55,740 - LeNet5_NumPy_logger - INFO - Epoch 4 [1201/1201 (100.0%)] Loss: 0.0918 Acc: 1.0000
2025-11-24 15:56:56,091 - LeNet5_NumPy_logger - INFO - Epoch 4 [1211/1211 (100.0%)] Loss: 0.0559 Acc: 1.0000
2025-11-24 15:56:56,306 - LeNet5_NumPy_logger - INFO - Epoch 4 [1221/1221 (100.0%)] Loss: 0.2392 Acc: 0.9375
2025-11-24 15:56:56,572 - LeNet5_NumPy_logger - INFO - Epoch 4 [1231/1231 (100.0%)] Loss: 0.0282 Acc: 1.0000
2025-11-24 15:56:56,827 - LeNet5_NumPy_logger - INFO - Epoch 4 [1241/1241 (100.0%)] Loss: 0.1749 Acc: 0.9688
2025-11-24 15:56:57,051 - LeNet5_NumPy_logger - INFO - Epoch 4 [1251/1251 (100.0%)] Loss: 0.1265 Acc: 1.0000
2025-11-24 15:56:57,300 - LeNet5_NumPy_logger - INFO - Epoch 4 [1261/1261 (100.0%)] Loss: 0.1392 Acc: 0.9688
2025-11-24 15:56:57,488 - LeNet5_NumPy_logger - INFO - Epoch 4 [1271/1271 (100.0%)] Loss: 0.3486 Acc: 0.9375
2025-11-24 15:56:57,645 - LeNet5_NumPy_logger - INFO - Epoch 4 [1281/1281 (100.0%)] Loss: 0.0461 Acc: 1.0000
2025-11-24 15:56:57,913 - LeNet5_NumPy_logger - INFO - Epoch 4 [1291/1291 (100.0%)] Loss: 0.1818 Acc: 1.0000
2025-11-24 15:56:58,105 - LeNet5_NumPy_logger - INFO - Epoch 4 [1301/1301 (100.0%)] Loss: 0.2590 Acc: 0.9688
2025-11-24 15:56:58,349 - LeNet5_NumPy_logger - INFO - Epoch 4 [1311/1311 (100.0%)] Loss: 0.1246 Acc: 1.0000
2025-11-24 15:56:58,608 - LeNet5_NumPy_logger - INFO - Epoch 4 [1321/1321 (100.0%)] Loss: 0.0783 Acc: 1.0000
2025-11-24 15:56:58,805 - LeNet5_NumPy_logger - INFO - Epoch 4 [1331/1331 (100.0%)] Loss: 0.1963 Acc: 0.9688
2025-11-24 15:56:59,056 - LeNet5_NumPy_logger - INFO - Epoch 4 [1341/1341 (100.0%)] Loss: 0.0420 Acc: 1.0000
2025-11-24 15:56:59,474 - LeNet5_NumPy_logger - INFO - Epoch 4 [1351/1351 (100.0%)] Loss: 0.0554 Acc: 1.0000
2025-11-24 15:56:59,898 - LeNet5_NumPy_logger - INFO - Epoch 4 [1361/1361 (100.0%)] Loss: 0.3318 Acc: 0.9688
2025-11-24 15:57:00,209 - LeNet5_NumPy_logger - INFO - Epoch 4 [1371/1371 (100.0%)] Loss: 0.0802 Acc: 1.0000
2025-11-24 15:57:00,388 - LeNet5_NumPy_logger - INFO - Epoch 4 [1381/1381 (100.0%)] Loss: 0.0157 Acc: 1.0000
2025-11-24 15:57:00,614 - LeNet5_NumPy_logger - INFO - Epoch 4 [1391/1391 (100.0%)] Loss: 0.1213 Acc: 0.9688
2025-11-24 15:57:00,892 - LeNet5_NumPy_logger - INFO - Epoch 4 [1401/1401 (100.0%)] Loss: 0.0271 Acc: 1.0000
2025-11-24 15:57:01,077 - LeNet5_NumPy_logger - INFO - Epoch 4 [1411/1411 (100.0%)] Loss: 0.1850 Acc: 0.9688
2025-11-24 15:57:01,346 - LeNet5_NumPy_logger - INFO - Epoch 4 [1421/1421 (100.0%)] Loss: 0.2683 Acc: 0.9375
2025-11-24 15:57:01,508 - LeNet5_NumPy_logger - INFO - Epoch 4 [1431/1431 (100.0%)] Loss: 0.1073 Acc: 0.9688
2025-11-24 15:57:01,698 - LeNet5_NumPy_logger - INFO - Epoch 4 [1441/1441 (100.0%)] Loss: 0.0767 Acc: 1.0000
2025-11-24 15:57:01,973 - LeNet5_NumPy_logger - INFO - Epoch 4 [1451/1451 (100.0%)] Loss: 0.0562 Acc: 1.0000
2025-11-24 15:57:02,171 - LeNet5_NumPy_logger - INFO - Epoch 4 [1461/1461 (100.0%)] Loss: 0.0352 Acc: 1.0000
2025-11-24 15:57:02,798 - LeNet5_NumPy_logger - INFO - Epoch 4 [1471/1471 (100.0%)] Loss: 0.0394 Acc: 1.0000
2025-11-24 15:57:03,280 - LeNet5_NumPy_logger - INFO - Epoch 4 [1481/1481 (100.0%)] Loss: 0.1910 Acc: 0.9688
2025-11-24 15:57:03,591 - LeNet5_NumPy_logger - INFO - Epoch 4 [1491/1491 (100.0%)] Loss: 0.1063 Acc: 1.0000
2025-11-24 15:57:03,870 - LeNet5_NumPy_logger - INFO - Epoch 4 [1501/1501 (100.0%)] Loss: 0.2189 Acc: 0.9375
2025-11-24 15:57:04,140 - LeNet5_NumPy_logger - INFO - Epoch 4 [1511/1511 (100.0%)] Loss: 0.0392 Acc: 1.0000
2025-11-24 15:57:04,380 - LeNet5_NumPy_logger - INFO - Epoch 4 [1521/1521 (100.0%)] Loss: 0.0613 Acc: 1.0000
2025-11-24 15:57:04,631 - LeNet5_NumPy_logger - INFO - Epoch 4 [1531/1531 (100.0%)] Loss: 0.2711 Acc: 1.0000
2025-11-24 15:57:04,835 - LeNet5_NumPy_logger - INFO - Epoch 4 [1541/1541 (100.0%)] Loss: 0.0438 Acc: 1.0000
2025-11-24 15:57:05,030 - LeNet5_NumPy_logger - INFO - Epoch 4 [1551/1551 (100.0%)] Loss: 0.1582 Acc: 0.9688
2025-11-24 15:57:05,252 - LeNet5_NumPy_logger - INFO - Epoch 4 [1561/1561 (100.0%)] Loss: 0.0655 Acc: 1.0000
2025-11-24 15:57:05,430 - LeNet5_NumPy_logger - INFO - Epoch 4 [1571/1571 (100.0%)] Loss: 0.0690 Acc: 1.0000
2025-11-24 15:57:05,675 - LeNet5_NumPy_logger - INFO - Epoch 4 [1581/1581 (100.0%)] Loss: 0.0318 Acc: 1.0000
2025-11-24 15:57:05,840 - LeNet5_NumPy_logger - INFO - Epoch 4 [1591/1591 (100.0%)] Loss: 0.0677 Acc: 1.0000
2025-11-24 15:57:06,014 - LeNet5_NumPy_logger - INFO - Epoch 4 [1601/1601 (100.0%)] Loss: 0.0169 Acc: 1.0000
2025-11-24 15:57:06,184 - LeNet5_NumPy_logger - INFO - Epoch 4 [1611/1611 (100.0%)] Loss: 0.0610 Acc: 1.0000
2025-11-24 15:57:06,341 - LeNet5_NumPy_logger - INFO - Epoch 4 [1621/1621 (100.0%)] Loss: 0.0919 Acc: 0.9688
2025-11-24 15:57:06,617 - LeNet5_NumPy_logger - INFO - Epoch 4 [1631/1631 (100.0%)] Loss: 0.0380 Acc: 1.0000
2025-11-24 15:57:06,948 - LeNet5_NumPy_logger - INFO - Epoch 4 [1641/1641 (100.0%)] Loss: 0.1980 Acc: 0.9688
2025-11-24 15:57:07,918 - LeNet5_NumPy_logger - INFO - Epoch 4 [1651/1651 (100.0%)] Loss: 0.2854 Acc: 0.9688
2025-11-24 15:57:08,177 - LeNet5_NumPy_logger - INFO - Epoch 4 [1661/1661 (100.0%)] Loss: 0.1130 Acc: 1.0000
2025-11-24 15:57:08,412 - LeNet5_NumPy_logger - INFO - Epoch 4 [1671/1671 (100.0%)] Loss: 0.0349 Acc: 1.0000
2025-11-24 15:57:08,662 - LeNet5_NumPy_logger - INFO - Epoch 4 [1681/1681 (100.0%)] Loss: 0.0412 Acc: 1.0000
2025-11-24 15:57:08,892 - LeNet5_NumPy_logger - INFO - Epoch 4 [1691/1691 (100.0%)] Loss: 0.1038 Acc: 0.9688
2025-11-24 15:57:09,122 - LeNet5_NumPy_logger - INFO - Epoch 4 [1701/1701 (100.0%)] Loss: 0.0846 Acc: 1.0000
2025-11-24 15:57:09,303 - LeNet5_NumPy_logger - INFO - Epoch 4 [1711/1711 (100.0%)] Loss: 0.1526 Acc: 0.9688
2025-11-24 15:57:09,701 - LeNet5_NumPy_logger - INFO - Epoch 4 [1721/1721 (100.0%)] Loss: 0.0324 Acc: 1.0000
2025-11-24 15:57:10,139 - LeNet5_NumPy_logger - INFO - Epoch 4 [1731/1731 (100.0%)] Loss: 0.1367 Acc: 1.0000
2025-11-24 15:57:10,407 - LeNet5_NumPy_logger - INFO - Epoch 4 [1741/1741 (100.0%)] Loss: 0.0245 Acc: 1.0000
2025-11-24 15:57:10,594 - LeNet5_NumPy_logger - INFO - Epoch 4 [1751/1751 (100.0%)] Loss: 0.1037 Acc: 1.0000
2025-11-24 15:57:10,936 - LeNet5_NumPy_logger - INFO - Epoch 4 [1761/1761 (100.0%)] Loss: 0.0144 Acc: 1.0000
2025-11-24 15:57:11,467 - LeNet5_NumPy_logger - INFO - Epoch 4 [1771/1771 (100.0%)] Loss: 0.1934 Acc: 0.9688
2025-11-24 15:57:11,719 - LeNet5_NumPy_logger - INFO - Epoch 4 [1781/1781 (100.0%)] Loss: 0.0743 Acc: 1.0000
2025-11-24 15:57:12,032 - LeNet5_NumPy_logger - INFO - Epoch 4 [1791/1791 (100.0%)] Loss: 0.0144 Acc: 1.0000
2025-11-24 15:57:12,266 - LeNet5_NumPy_logger - INFO - Epoch 4 [1801/1801 (100.0%)] Loss: 0.0391 Acc: 1.0000
2025-11-24 15:57:12,602 - LeNet5_NumPy_logger - INFO - Epoch 4 [1811/1811 (100.0%)] Loss: 0.0352 Acc: 1.0000
2025-11-24 15:57:12,894 - LeNet5_NumPy_logger - INFO - Epoch 4 [1821/1821 (100.0%)] Loss: 0.1177 Acc: 1.0000
2025-11-24 15:57:13,196 - LeNet5_NumPy_logger - INFO - Epoch 4 [1831/1831 (100.0%)] Loss: 0.0180 Acc: 1.0000
2025-11-24 15:57:13,437 - LeNet5_NumPy_logger - INFO - Epoch 4 [1841/1841 (100.0%)] Loss: 0.1907 Acc: 0.9688
2025-11-24 15:57:13,731 - LeNet5_NumPy_logger - INFO - Epoch 4 [1851/1851 (100.0%)] Loss: 0.1034 Acc: 0.9688
2025-11-24 15:57:13,969 - LeNet5_NumPy_logger - INFO - Epoch 4 [1861/1861 (100.0%)] Loss: 0.2047 Acc: 0.9688
2025-11-24 15:57:14,249 - LeNet5_NumPy_logger - INFO - Epoch 4 [1871/1871 (100.0%)] Loss: 0.1916 Acc: 0.9688
2025-11-24 15:57:18,067 - LeNet5_NumPy_logger - INFO - Epoch   4 | Train Loss: 0.1207 | Train Acc: 0.9740 | Val Loss: 0.0903 | Val Acc: 0.0903
2025-11-24 15:57:18,193 - LeNet5_NumPy_logger - INFO - Epoch 5 [1/1 (100.0%)] Loss: 0.0388 Acc: 1.0000
2025-11-24 15:57:18,417 - LeNet5_NumPy_logger - INFO - Epoch 5 [11/11 (100.0%)] Loss: 0.1281 Acc: 0.9688
2025-11-24 15:57:18,660 - LeNet5_NumPy_logger - INFO - Epoch 5 [21/21 (100.0%)] Loss: 0.1561 Acc: 1.0000
2025-11-24 15:57:18,949 - LeNet5_NumPy_logger - INFO - Epoch 5 [31/31 (100.0%)] Loss: 0.1299 Acc: 1.0000
2025-11-24 15:57:19,226 - LeNet5_NumPy_logger - INFO - Epoch 5 [41/41 (100.0%)] Loss: 0.0190 Acc: 1.0000
2025-11-24 15:57:19,427 - LeNet5_NumPy_logger - INFO - Epoch 5 [51/51 (100.0%)] Loss: 0.1088 Acc: 1.0000
2025-11-24 15:57:19,655 - LeNet5_NumPy_logger - INFO - Epoch 5 [61/61 (100.0%)] Loss: 0.0895 Acc: 1.0000
2025-11-24 15:57:20,093 - LeNet5_NumPy_logger - INFO - Epoch 5 [71/71 (100.0%)] Loss: 0.0274 Acc: 1.0000
2025-11-24 15:57:20,336 - LeNet5_NumPy_logger - INFO - Epoch 5 [81/81 (100.0%)] Loss: 0.2476 Acc: 0.9688
2025-11-24 15:57:20,529 - LeNet5_NumPy_logger - INFO - Epoch 5 [91/91 (100.0%)] Loss: 0.2178 Acc: 0.9688
2025-11-24 15:57:20,707 - LeNet5_NumPy_logger - INFO - Epoch 5 [101/101 (100.0%)] Loss: 0.0627 Acc: 1.0000
2025-11-24 15:57:20,916 - LeNet5_NumPy_logger - INFO - Epoch 5 [111/111 (100.0%)] Loss: 0.3089 Acc: 0.9688
2025-11-24 15:57:21,143 - LeNet5_NumPy_logger - INFO - Epoch 5 [121/121 (100.0%)] Loss: 0.0871 Acc: 1.0000
2025-11-24 15:57:21,386 - LeNet5_NumPy_logger - INFO - Epoch 5 [131/131 (100.0%)] Loss: 0.1034 Acc: 0.9688
2025-11-24 15:57:21,608 - LeNet5_NumPy_logger - INFO - Epoch 5 [141/141 (100.0%)] Loss: 0.1413 Acc: 1.0000
2025-11-24 15:57:21,861 - LeNet5_NumPy_logger - INFO - Epoch 5 [151/151 (100.0%)] Loss: 0.2280 Acc: 1.0000
2025-11-24 15:57:22,043 - LeNet5_NumPy_logger - INFO - Epoch 5 [161/161 (100.0%)] Loss: 0.0305 Acc: 1.0000
2025-11-24 15:57:22,220 - LeNet5_NumPy_logger - INFO - Epoch 5 [171/171 (100.0%)] Loss: 0.2416 Acc: 0.9688
2025-11-24 15:57:22,443 - LeNet5_NumPy_logger - INFO - Epoch 5 [181/181 (100.0%)] Loss: 0.0694 Acc: 1.0000
2025-11-24 15:57:22,594 - LeNet5_NumPy_logger - INFO - Epoch 5 [191/191 (100.0%)] Loss: 0.0974 Acc: 1.0000
2025-11-24 15:57:22,799 - LeNet5_NumPy_logger - INFO - Epoch 5 [201/201 (100.0%)] Loss: 0.1051 Acc: 0.9688
2025-11-24 15:57:22,974 - LeNet5_NumPy_logger - INFO - Epoch 5 [211/211 (100.0%)] Loss: 0.0421 Acc: 1.0000
2025-11-24 15:57:23,209 - LeNet5_NumPy_logger - INFO - Epoch 5 [221/221 (100.0%)] Loss: 0.1532 Acc: 0.9688
2025-11-24 15:57:23,443 - LeNet5_NumPy_logger - INFO - Epoch 5 [231/231 (100.0%)] Loss: 0.1110 Acc: 1.0000
2025-11-24 15:57:23,659 - LeNet5_NumPy_logger - INFO - Epoch 5 [241/241 (100.0%)] Loss: 0.0507 Acc: 1.0000
2025-11-24 15:57:23,837 - LeNet5_NumPy_logger - INFO - Epoch 5 [251/251 (100.0%)] Loss: 0.1480 Acc: 1.0000
2025-11-24 15:57:24,002 - LeNet5_NumPy_logger - INFO - Epoch 5 [261/261 (100.0%)] Loss: 0.0475 Acc: 1.0000
2025-11-24 15:57:24,148 - LeNet5_NumPy_logger - INFO - Epoch 5 [271/271 (100.0%)] Loss: 0.0831 Acc: 1.0000
2025-11-24 15:57:24,312 - LeNet5_NumPy_logger - INFO - Epoch 5 [281/281 (100.0%)] Loss: 0.0379 Acc: 1.0000
2025-11-24 15:57:24,469 - LeNet5_NumPy_logger - INFO - Epoch 5 [291/291 (100.0%)] Loss: 0.3709 Acc: 0.9688
2025-11-24 15:57:24,688 - LeNet5_NumPy_logger - INFO - Epoch 5 [301/301 (100.0%)] Loss: 0.1631 Acc: 1.0000
2025-11-24 15:57:24,913 - LeNet5_NumPy_logger - INFO - Epoch 5 [311/311 (100.0%)] Loss: 0.0319 Acc: 1.0000
2025-11-24 15:57:25,153 - LeNet5_NumPy_logger - INFO - Epoch 5 [321/321 (100.0%)] Loss: 0.0942 Acc: 1.0000
2025-11-24 15:57:25,400 - LeNet5_NumPy_logger - INFO - Epoch 5 [331/331 (100.0%)] Loss: 0.0550 Acc: 1.0000
2025-11-24 15:57:25,628 - LeNet5_NumPy_logger - INFO - Epoch 5 [341/341 (100.0%)] Loss: 0.0405 Acc: 1.0000
2025-11-24 15:57:25,829 - LeNet5_NumPy_logger - INFO - Epoch 5 [351/351 (100.0%)] Loss: 0.0266 Acc: 1.0000
2025-11-24 15:57:26,059 - LeNet5_NumPy_logger - INFO - Epoch 5 [361/361 (100.0%)] Loss: 0.0060 Acc: 1.0000
2025-11-24 15:57:26,218 - LeNet5_NumPy_logger - INFO - Epoch 5 [371/371 (100.0%)] Loss: 0.0411 Acc: 1.0000
2025-11-24 15:57:26,416 - LeNet5_NumPy_logger - INFO - Epoch 5 [381/381 (100.0%)] Loss: 0.0233 Acc: 1.0000
2025-11-24 15:57:26,709 - LeNet5_NumPy_logger - INFO - Epoch 5 [391/391 (100.0%)] Loss: 0.1108 Acc: 0.9688
2025-11-24 15:57:27,050 - LeNet5_NumPy_logger - INFO - Epoch 5 [401/401 (100.0%)] Loss: 0.0671 Acc: 1.0000
2025-11-24 15:57:27,189 - LeNet5_NumPy_logger - INFO - Epoch 5 [411/411 (100.0%)] Loss: 0.2688 Acc: 0.9688
2025-11-24 15:57:27,428 - LeNet5_NumPy_logger - INFO - Epoch 5 [421/421 (100.0%)] Loss: 0.0613 Acc: 1.0000
2025-11-24 15:57:27,637 - LeNet5_NumPy_logger - INFO - Epoch 5 [431/431 (100.0%)] Loss: 0.0332 Acc: 1.0000
2025-11-24 15:57:27,814 - LeNet5_NumPy_logger - INFO - Epoch 5 [441/441 (100.0%)] Loss: 0.1142 Acc: 0.9688
2025-11-24 15:57:28,031 - LeNet5_NumPy_logger - INFO - Epoch 5 [451/451 (100.0%)] Loss: 0.0149 Acc: 1.0000
2025-11-24 15:57:28,219 - LeNet5_NumPy_logger - INFO - Epoch 5 [461/461 (100.0%)] Loss: 0.1604 Acc: 0.9688
2025-11-24 15:57:28,461 - LeNet5_NumPy_logger - INFO - Epoch 5 [471/471 (100.0%)] Loss: 0.1287 Acc: 0.9688
2025-11-24 15:57:28,608 - LeNet5_NumPy_logger - INFO - Epoch 5 [481/481 (100.0%)] Loss: 0.1634 Acc: 0.9688
2025-11-24 15:57:28,789 - LeNet5_NumPy_logger - INFO - Epoch 5 [491/491 (100.0%)] Loss: 0.2057 Acc: 0.9688
2025-11-24 15:57:28,945 - LeNet5_NumPy_logger - INFO - Epoch 5 [501/501 (100.0%)] Loss: 0.1441 Acc: 0.9688
2025-11-24 15:57:29,188 - LeNet5_NumPy_logger - INFO - Epoch 5 [511/511 (100.0%)] Loss: 0.1978 Acc: 0.9688
2025-11-24 15:57:29,409 - LeNet5_NumPy_logger - INFO - Epoch 5 [521/521 (100.0%)] Loss: 0.0453 Acc: 1.0000
2025-11-24 15:57:29,625 - LeNet5_NumPy_logger - INFO - Epoch 5 [531/531 (100.0%)] Loss: 0.1042 Acc: 0.9688
2025-11-24 15:57:29,813 - LeNet5_NumPy_logger - INFO - Epoch 5 [541/541 (100.0%)] Loss: 0.0395 Acc: 1.0000
2025-11-24 15:57:29,983 - LeNet5_NumPy_logger - INFO - Epoch 5 [551/551 (100.0%)] Loss: 0.1109 Acc: 1.0000
2025-11-24 15:57:30,196 - LeNet5_NumPy_logger - INFO - Epoch 5 [561/561 (100.0%)] Loss: 0.0740 Acc: 1.0000
2025-11-24 15:57:30,396 - LeNet5_NumPy_logger - INFO - Epoch 5 [571/571 (100.0%)] Loss: 0.0425 Acc: 1.0000
2025-11-24 15:57:30,576 - LeNet5_NumPy_logger - INFO - Epoch 5 [581/581 (100.0%)] Loss: 0.0272 Acc: 1.0000
2025-11-24 15:57:30,762 - LeNet5_NumPy_logger - INFO - Epoch 5 [591/591 (100.0%)] Loss: 0.2237 Acc: 0.9688
2025-11-24 15:57:30,974 - LeNet5_NumPy_logger - INFO - Epoch 5 [601/601 (100.0%)] Loss: 0.0293 Acc: 1.0000
2025-11-24 15:57:31,141 - LeNet5_NumPy_logger - INFO - Epoch 5 [611/611 (100.0%)] Loss: 0.0920 Acc: 1.0000
2025-11-24 15:57:32,259 - LeNet5_NumPy_logger - INFO - Epoch 5 [621/621 (100.0%)] Loss: 0.0850 Acc: 0.9688
2025-11-24 15:57:33,006 - LeNet5_NumPy_logger - INFO - Epoch 5 [631/631 (100.0%)] Loss: 0.2077 Acc: 0.9688
2025-11-24 15:57:33,431 - LeNet5_NumPy_logger - INFO - Epoch 5 [641/641 (100.0%)] Loss: 0.2624 Acc: 0.9688
2025-11-24 15:57:33,721 - LeNet5_NumPy_logger - INFO - Epoch 5 [651/651 (100.0%)] Loss: 0.1968 Acc: 0.9688
2025-11-24 15:57:33,908 - LeNet5_NumPy_logger - INFO - Epoch 5 [661/661 (100.0%)] Loss: 0.0222 Acc: 1.0000
2025-11-24 15:57:34,065 - LeNet5_NumPy_logger - INFO - Epoch 5 [671/671 (100.0%)] Loss: 0.0662 Acc: 1.0000
2025-11-24 15:57:34,270 - LeNet5_NumPy_logger - INFO - Epoch 5 [681/681 (100.0%)] Loss: 0.0189 Acc: 1.0000
2025-11-24 15:57:34,564 - LeNet5_NumPy_logger - INFO - Epoch 5 [691/691 (100.0%)] Loss: 0.0809 Acc: 1.0000
2025-11-24 15:57:34,754 - LeNet5_NumPy_logger - INFO - Epoch 5 [701/701 (100.0%)] Loss: 0.0171 Acc: 1.0000
2025-11-24 15:57:35,124 - LeNet5_NumPy_logger - INFO - Epoch 5 [711/711 (100.0%)] Loss: 0.0616 Acc: 1.0000
2025-11-24 15:57:35,309 - LeNet5_NumPy_logger - INFO - Epoch 5 [721/721 (100.0%)] Loss: 0.0169 Acc: 1.0000
2025-11-24 15:57:35,531 - LeNet5_NumPy_logger - INFO - Epoch 5 [731/731 (100.0%)] Loss: 0.1218 Acc: 1.0000
2025-11-24 15:57:35,808 - LeNet5_NumPy_logger - INFO - Epoch 5 [741/741 (100.0%)] Loss: 0.2478 Acc: 0.9375
2025-11-24 15:57:35,960 - LeNet5_NumPy_logger - INFO - Epoch 5 [751/751 (100.0%)] Loss: 0.0236 Acc: 1.0000
2025-11-24 15:57:36,206 - LeNet5_NumPy_logger - INFO - Epoch 5 [761/761 (100.0%)] Loss: 0.0725 Acc: 1.0000
2025-11-24 15:57:36,466 - LeNet5_NumPy_logger - INFO - Epoch 5 [771/771 (100.0%)] Loss: 0.1248 Acc: 1.0000
2025-11-24 15:57:36,702 - LeNet5_NumPy_logger - INFO - Epoch 5 [781/781 (100.0%)] Loss: 0.0548 Acc: 1.0000
2025-11-24 15:57:37,065 - LeNet5_NumPy_logger - INFO - Epoch 5 [791/791 (100.0%)] Loss: 0.0298 Acc: 1.0000
2025-11-24 15:57:37,257 - LeNet5_NumPy_logger - INFO - Epoch 5 [801/801 (100.0%)] Loss: 0.1217 Acc: 0.9688
2025-11-24 15:57:37,418 - LeNet5_NumPy_logger - INFO - Epoch 5 [811/811 (100.0%)] Loss: 0.0099 Acc: 1.0000
2025-11-24 15:57:37,734 - LeNet5_NumPy_logger - INFO - Epoch 5 [821/821 (100.0%)] Loss: 0.0072 Acc: 1.0000
2025-11-24 15:57:38,095 - LeNet5_NumPy_logger - INFO - Epoch 5 [831/831 (100.0%)] Loss: 0.1350 Acc: 0.9688
2025-11-24 15:57:38,251 - LeNet5_NumPy_logger - INFO - Epoch 5 [841/841 (100.0%)] Loss: 0.1703 Acc: 0.9688
2025-11-24 15:57:38,449 - LeNet5_NumPy_logger - INFO - Epoch 5 [851/851 (100.0%)] Loss: 0.0600 Acc: 1.0000
2025-11-24 15:57:38,622 - LeNet5_NumPy_logger - INFO - Epoch 5 [861/861 (100.0%)] Loss: 0.1685 Acc: 0.9688
2025-11-24 15:57:38,877 - LeNet5_NumPy_logger - INFO - Epoch 5 [871/871 (100.0%)] Loss: 0.2356 Acc: 0.9375
2025-11-24 15:57:39,209 - LeNet5_NumPy_logger - INFO - Epoch 5 [881/881 (100.0%)] Loss: 0.0293 Acc: 1.0000
2025-11-24 15:57:39,503 - LeNet5_NumPy_logger - INFO - Epoch 5 [891/891 (100.0%)] Loss: 0.1264 Acc: 1.0000
2025-11-24 15:57:39,861 - LeNet5_NumPy_logger - INFO - Epoch 5 [901/901 (100.0%)] Loss: 0.4713 Acc: 0.9375
2025-11-24 15:57:40,128 - LeNet5_NumPy_logger - INFO - Epoch 5 [911/911 (100.0%)] Loss: 0.0436 Acc: 1.0000
2025-11-24 15:57:40,365 - LeNet5_NumPy_logger - INFO - Epoch 5 [921/921 (100.0%)] Loss: 0.0732 Acc: 1.0000
2025-11-24 15:57:40,591 - LeNet5_NumPy_logger - INFO - Epoch 5 [931/931 (100.0%)] Loss: 0.0113 Acc: 1.0000
2025-11-24 15:57:40,802 - LeNet5_NumPy_logger - INFO - Epoch 5 [941/941 (100.0%)] Loss: 0.0766 Acc: 0.9688
2025-11-24 15:57:41,161 - LeNet5_NumPy_logger - INFO - Epoch 5 [951/951 (100.0%)] Loss: 0.0629 Acc: 1.0000
2025-11-24 15:57:41,430 - LeNet5_NumPy_logger - INFO - Epoch 5 [961/961 (100.0%)] Loss: 0.0480 Acc: 1.0000
2025-11-24 15:57:41,635 - LeNet5_NumPy_logger - INFO - Epoch 5 [971/971 (100.0%)] Loss: 0.0102 Acc: 1.0000
2025-11-24 15:57:41,813 - LeNet5_NumPy_logger - INFO - Epoch 5 [981/981 (100.0%)] Loss: 0.0693 Acc: 1.0000
2025-11-24 15:57:41,999 - LeNet5_NumPy_logger - INFO - Epoch 5 [991/991 (100.0%)] Loss: 0.0684 Acc: 1.0000
2025-11-24 15:57:42,202 - LeNet5_NumPy_logger - INFO - Epoch 5 [1001/1001 (100.0%)] Loss: 0.1973 Acc: 0.9688
2025-11-24 15:57:42,501 - LeNet5_NumPy_logger - INFO - Epoch 5 [1011/1011 (100.0%)] Loss: 0.0706 Acc: 1.0000
2025-11-24 15:57:42,681 - LeNet5_NumPy_logger - INFO - Epoch 5 [1021/1021 (100.0%)] Loss: 0.0373 Acc: 1.0000
2025-11-24 15:57:43,031 - LeNet5_NumPy_logger - INFO - Epoch 5 [1031/1031 (100.0%)] Loss: 0.2688 Acc: 0.9375
2025-11-24 15:57:43,335 - LeNet5_NumPy_logger - INFO - Epoch 5 [1041/1041 (100.0%)] Loss: 0.1581 Acc: 0.9688
2025-11-24 15:57:43,599 - LeNet5_NumPy_logger - INFO - Epoch 5 [1051/1051 (100.0%)] Loss: 0.0400 Acc: 1.0000
2025-11-24 15:57:44,462 - LeNet5_NumPy_logger - INFO - Epoch 5 [1061/1061 (100.0%)] Loss: 0.0225 Acc: 1.0000
2025-11-24 15:57:45,126 - LeNet5_NumPy_logger - INFO - Epoch 5 [1071/1071 (100.0%)] Loss: 0.0069 Acc: 1.0000
2025-11-24 15:57:46,171 - LeNet5_NumPy_logger - INFO - Epoch 5 [1081/1081 (100.0%)] Loss: 0.1823 Acc: 1.0000
2025-11-24 15:57:47,419 - LeNet5_NumPy_logger - INFO - Epoch 5 [1091/1091 (100.0%)] Loss: 0.0163 Acc: 1.0000
2025-11-24 15:57:48,328 - LeNet5_NumPy_logger - INFO - Epoch 5 [1101/1101 (100.0%)] Loss: 0.0669 Acc: 1.0000
2025-11-24 15:57:48,891 - LeNet5_NumPy_logger - INFO - Epoch 5 [1111/1111 (100.0%)] Loss: 0.1102 Acc: 0.9688
2025-11-24 15:57:49,270 - LeNet5_NumPy_logger - INFO - Epoch 5 [1121/1121 (100.0%)] Loss: 0.0162 Acc: 1.0000
2025-11-24 15:57:50,154 - LeNet5_NumPy_logger - INFO - Epoch 5 [1131/1131 (100.0%)] Loss: 0.1634 Acc: 0.9688
2025-11-24 15:57:50,562 - LeNet5_NumPy_logger - INFO - Epoch 5 [1141/1141 (100.0%)] Loss: 0.0151 Acc: 1.0000
2025-11-24 15:57:50,873 - LeNet5_NumPy_logger - INFO - Epoch 5 [1151/1151 (100.0%)] Loss: 0.2074 Acc: 0.9688
2025-11-24 15:57:51,080 - LeNet5_NumPy_logger - INFO - Epoch 5 [1161/1161 (100.0%)] Loss: 0.0476 Acc: 1.0000
2025-11-24 15:57:51,350 - LeNet5_NumPy_logger - INFO - Epoch 5 [1171/1171 (100.0%)] Loss: 0.3340 Acc: 0.9688
2025-11-24 15:57:51,529 - LeNet5_NumPy_logger - INFO - Epoch 5 [1181/1181 (100.0%)] Loss: 0.0615 Acc: 1.0000
2025-11-24 15:57:51,987 - LeNet5_NumPy_logger - INFO - Epoch 5 [1191/1191 (100.0%)] Loss: 0.0421 Acc: 1.0000
2025-11-24 15:57:52,239 - LeNet5_NumPy_logger - INFO - Epoch 5 [1201/1201 (100.0%)] Loss: 0.2275 Acc: 0.9688
2025-11-24 15:57:52,534 - LeNet5_NumPy_logger - INFO - Epoch 5 [1211/1211 (100.0%)] Loss: 0.0127 Acc: 1.0000
2025-11-24 15:57:52,759 - LeNet5_NumPy_logger - INFO - Epoch 5 [1221/1221 (100.0%)] Loss: 0.0336 Acc: 1.0000
2025-11-24 15:57:53,063 - LeNet5_NumPy_logger - INFO - Epoch 5 [1231/1231 (100.0%)] Loss: 0.0614 Acc: 0.9688
2025-11-24 15:57:53,353 - LeNet5_NumPy_logger - INFO - Epoch 5 [1241/1241 (100.0%)] Loss: 0.0083 Acc: 1.0000
2025-11-24 15:57:53,621 - LeNet5_NumPy_logger - INFO - Epoch 5 [1251/1251 (100.0%)] Loss: 0.0347 Acc: 1.0000
2025-11-24 15:57:54,053 - LeNet5_NumPy_logger - INFO - Epoch 5 [1261/1261 (100.0%)] Loss: 0.0263 Acc: 1.0000
2025-11-24 15:57:54,296 - LeNet5_NumPy_logger - INFO - Epoch 5 [1271/1271 (100.0%)] Loss: 0.0750 Acc: 1.0000
2025-11-24 15:57:54,562 - LeNet5_NumPy_logger - INFO - Epoch 5 [1281/1281 (100.0%)] Loss: 0.0815 Acc: 1.0000
2025-11-24 15:57:54,972 - LeNet5_NumPy_logger - INFO - Epoch 5 [1291/1291 (100.0%)] Loss: 0.0485 Acc: 1.0000
2025-11-24 15:57:55,245 - LeNet5_NumPy_logger - INFO - Epoch 5 [1301/1301 (100.0%)] Loss: 0.0290 Acc: 1.0000
2025-11-24 15:57:55,461 - LeNet5_NumPy_logger - INFO - Epoch 5 [1311/1311 (100.0%)] Loss: 0.1049 Acc: 0.9688
2025-11-24 15:57:55,691 - LeNet5_NumPy_logger - INFO - Epoch 5 [1321/1321 (100.0%)] Loss: 0.0724 Acc: 1.0000
2025-11-24 15:57:56,010 - LeNet5_NumPy_logger - INFO - Epoch 5 [1331/1331 (100.0%)] Loss: 0.0892 Acc: 1.0000
2025-11-24 15:57:56,314 - LeNet5_NumPy_logger - INFO - Epoch 5 [1341/1341 (100.0%)] Loss: 0.2221 Acc: 0.9688
2025-11-24 15:57:56,564 - LeNet5_NumPy_logger - INFO - Epoch 5 [1351/1351 (100.0%)] Loss: 0.0362 Acc: 1.0000
2025-11-24 15:57:57,046 - LeNet5_NumPy_logger - INFO - Epoch 5 [1361/1361 (100.0%)] Loss: 0.0913 Acc: 1.0000
2025-11-24 15:57:57,341 - LeNet5_NumPy_logger - INFO - Epoch 5 [1371/1371 (100.0%)] Loss: 0.0087 Acc: 1.0000
2025-11-24 15:57:57,661 - LeNet5_NumPy_logger - INFO - Epoch 5 [1381/1381 (100.0%)] Loss: 0.0506 Acc: 1.0000
2025-11-24 15:57:57,849 - LeNet5_NumPy_logger - INFO - Epoch 5 [1391/1391 (100.0%)] Loss: 0.0751 Acc: 1.0000
2025-11-24 15:57:58,188 - LeNet5_NumPy_logger - INFO - Epoch 5 [1401/1401 (100.0%)] Loss: 0.0604 Acc: 1.0000
2025-11-24 15:57:58,524 - LeNet5_NumPy_logger - INFO - Epoch 5 [1411/1411 (100.0%)] Loss: 0.0382 Acc: 1.0000
2025-11-24 15:57:58,770 - LeNet5_NumPy_logger - INFO - Epoch 5 [1421/1421 (100.0%)] Loss: 0.0065 Acc: 1.0000
2025-11-24 15:57:59,316 - LeNet5_NumPy_logger - INFO - Epoch 5 [1431/1431 (100.0%)] Loss: 0.0063 Acc: 1.0000
2025-11-24 15:57:59,778 - LeNet5_NumPy_logger - INFO - Epoch 5 [1441/1441 (100.0%)] Loss: 0.0201 Acc: 1.0000
2025-11-24 15:58:00,650 - LeNet5_NumPy_logger - INFO - Epoch 5 [1451/1451 (100.0%)] Loss: 0.1365 Acc: 0.9688
2025-11-24 15:58:01,113 - LeNet5_NumPy_logger - INFO - Epoch 5 [1461/1461 (100.0%)] Loss: 0.0708 Acc: 1.0000
2025-11-24 15:58:01,552 - LeNet5_NumPy_logger - INFO - Epoch 5 [1471/1471 (100.0%)] Loss: 0.1723 Acc: 0.9688
2025-11-24 15:58:01,741 - LeNet5_NumPy_logger - INFO - Epoch 5 [1481/1481 (100.0%)] Loss: 0.4116 Acc: 0.9375
2025-11-24 15:58:01,983 - LeNet5_NumPy_logger - INFO - Epoch 5 [1491/1491 (100.0%)] Loss: 0.0813 Acc: 1.0000
2025-11-24 15:58:02,536 - LeNet5_NumPy_logger - INFO - Epoch 5 [1501/1501 (100.0%)] Loss: 0.0454 Acc: 1.0000
2025-11-24 15:58:02,710 - LeNet5_NumPy_logger - INFO - Epoch 5 [1511/1511 (100.0%)] Loss: 0.0389 Acc: 1.0000
2025-11-24 15:58:03,129 - LeNet5_NumPy_logger - INFO - Epoch 5 [1521/1521 (100.0%)] Loss: 0.0853 Acc: 1.0000
2025-11-24 15:58:03,318 - LeNet5_NumPy_logger - INFO - Epoch 5 [1531/1531 (100.0%)] Loss: 0.2078 Acc: 0.9688
2025-11-24 15:58:03,622 - LeNet5_NumPy_logger - INFO - Epoch 5 [1541/1541 (100.0%)] Loss: 0.1199 Acc: 1.0000
2025-11-24 15:58:03,842 - LeNet5_NumPy_logger - INFO - Epoch 5 [1551/1551 (100.0%)] Loss: 0.0887 Acc: 0.9688
2025-11-24 15:58:04,344 - LeNet5_NumPy_logger - INFO - Epoch 5 [1561/1561 (100.0%)] Loss: 0.0391 Acc: 1.0000
2025-11-24 15:58:05,133 - LeNet5_NumPy_logger - INFO - Epoch 5 [1571/1571 (100.0%)] Loss: 0.0562 Acc: 1.0000
2025-11-24 15:58:05,416 - LeNet5_NumPy_logger - INFO - Epoch 5 [1581/1581 (100.0%)] Loss: 0.0759 Acc: 1.0000
2025-11-24 15:58:05,670 - LeNet5_NumPy_logger - INFO - Epoch 5 [1591/1591 (100.0%)] Loss: 0.0498 Acc: 1.0000
2025-11-24 15:58:05,941 - LeNet5_NumPy_logger - INFO - Epoch 5 [1601/1601 (100.0%)] Loss: 0.0694 Acc: 1.0000
2025-11-24 15:58:06,156 - LeNet5_NumPy_logger - INFO - Epoch 5 [1611/1611 (100.0%)] Loss: 0.0110 Acc: 1.0000
2025-11-24 15:58:06,415 - LeNet5_NumPy_logger - INFO - Epoch 5 [1621/1621 (100.0%)] Loss: 0.1874 Acc: 1.0000
2025-11-24 15:58:06,756 - LeNet5_NumPy_logger - INFO - Epoch 5 [1631/1631 (100.0%)] Loss: 0.0835 Acc: 1.0000
2025-11-24 15:58:07,135 - LeNet5_NumPy_logger - INFO - Epoch 5 [1641/1641 (100.0%)] Loss: 0.0944 Acc: 1.0000
2025-11-24 15:58:07,356 - LeNet5_NumPy_logger - INFO - Epoch 5 [1651/1651 (100.0%)] Loss: 0.0417 Acc: 1.0000
2025-11-24 15:58:07,875 - LeNet5_NumPy_logger - INFO - Epoch 5 [1661/1661 (100.0%)] Loss: 0.0666 Acc: 1.0000
2025-11-24 15:58:08,695 - LeNet5_NumPy_logger - INFO - Epoch 5 [1671/1671 (100.0%)] Loss: 0.0824 Acc: 1.0000
2025-11-24 15:58:09,195 - LeNet5_NumPy_logger - INFO - Epoch 5 [1681/1681 (100.0%)] Loss: 0.0127 Acc: 1.0000
2025-11-24 15:58:09,802 - LeNet5_NumPy_logger - INFO - Epoch 5 [1691/1691 (100.0%)] Loss: 0.0255 Acc: 1.0000
2025-11-24 15:58:10,456 - LeNet5_NumPy_logger - INFO - Epoch 5 [1701/1701 (100.0%)] Loss: 0.0270 Acc: 1.0000
2025-11-24 15:58:10,682 - LeNet5_NumPy_logger - INFO - Epoch 5 [1711/1711 (100.0%)] Loss: 0.1103 Acc: 1.0000
2025-11-24 15:58:10,991 - LeNet5_NumPy_logger - INFO - Epoch 5 [1721/1721 (100.0%)] Loss: 0.1078 Acc: 1.0000
2025-11-24 15:58:11,520 - LeNet5_NumPy_logger - INFO - Epoch 5 [1731/1731 (100.0%)] Loss: 0.0538 Acc: 1.0000
2025-11-24 15:58:11,731 - LeNet5_NumPy_logger - INFO - Epoch 5 [1741/1741 (100.0%)] Loss: 0.0124 Acc: 1.0000
2025-11-24 15:58:12,169 - LeNet5_NumPy_logger - INFO - Epoch 5 [1751/1751 (100.0%)] Loss: 0.0177 Acc: 1.0000
2025-11-24 15:58:12,610 - LeNet5_NumPy_logger - INFO - Epoch 5 [1761/1761 (100.0%)] Loss: 0.0589 Acc: 1.0000
2025-11-24 15:58:13,322 - LeNet5_NumPy_logger - INFO - Epoch 5 [1771/1771 (100.0%)] Loss: 0.0182 Acc: 1.0000
2025-11-24 15:58:13,511 - LeNet5_NumPy_logger - INFO - Epoch 5 [1781/1781 (100.0%)] Loss: 0.0649 Acc: 0.9688
2025-11-24 15:58:13,846 - LeNet5_NumPy_logger - INFO - Epoch 5 [1791/1791 (100.0%)] Loss: 0.0203 Acc: 1.0000
2025-11-24 15:58:14,233 - LeNet5_NumPy_logger - INFO - Epoch 5 [1801/1801 (100.0%)] Loss: 0.0484 Acc: 1.0000
2025-11-24 15:58:14,764 - LeNet5_NumPy_logger - INFO - Epoch 5 [1811/1811 (100.0%)] Loss: 0.1343 Acc: 1.0000
2025-11-24 15:58:14,955 - LeNet5_NumPy_logger - INFO - Epoch 5 [1821/1821 (100.0%)] Loss: 0.0552 Acc: 1.0000
2025-11-24 15:58:15,109 - LeNet5_NumPy_logger - INFO - Epoch 5 [1831/1831 (100.0%)] Loss: 0.1043 Acc: 0.9688
2025-11-24 15:58:15,284 - LeNet5_NumPy_logger - INFO - Epoch 5 [1841/1841 (100.0%)] Loss: 0.1728 Acc: 0.9688
2025-11-24 15:58:15,471 - LeNet5_NumPy_logger - INFO - Epoch 5 [1851/1851 (100.0%)] Loss: 0.0154 Acc: 1.0000
2025-11-24 15:58:15,662 - LeNet5_NumPy_logger - INFO - Epoch 5 [1861/1861 (100.0%)] Loss: 0.0301 Acc: 1.0000
2025-11-24 15:58:15,949 - LeNet5_NumPy_logger - INFO - Epoch 5 [1871/1871 (100.0%)] Loss: 0.1716 Acc: 1.0000
2025-11-24 15:58:19,465 - LeNet5_NumPy_logger - INFO - Epoch   5 | Train Loss: 0.0939 | Train Acc: 0.9510 | Val Loss: 0.1272 | Val Acc: 0.1272
2025-11-24 15:58:23,082 - LeNet5_NumPy_logger - INFO - ============================================================
2025-11-24 15:58:23,083 - LeNet5_NumPy_logger - INFO - 训练完成！最终性能指标:
2025-11-24 15:58:23,083 - LeNet5_NumPy_logger - INFO -   test_accuracy: 0.9569
2025-11-24 15:58:23,083 - LeNet5_NumPy_logger - INFO -   test_loss: 0.1272
2025-11-24 15:58:23,083 - LeNet5_NumPy_logger - INFO -   training_time: 312.2868
2025-11-24 15:58:23,083 - LeNet5_NumPy_logger - INFO - ============================================================
2025-11-24 15:58:23,084 - LeNet5_NumPy_logger - INFO - 训练结束时间: 2025-11-24 15:58:23
2025-11-24 15:58:23,084 - LeNet5_NumPy_logger - INFO - 总训练时间: 00:05:15
2025-11-24 15:58:23,084 - LeNet5_NumPy_logger - INFO - 日志文件: assets/logs/LeNet5_NumPy_20251124_155307.log
2025-11-24 15:58:23,084 - LeNet5_NumPy_logger - INFO - ============================================================
