2025-11-24 16:11:30,502 - ResNet18_MNIST_logger - INFO - ============================================================
2025-11-24 16:11:30,502 - ResNet18_MNIST_logger - INFO - 开始训练模型: ResNet18_MNIST
2025-11-24 16:11:30,502 - ResNet18_MNIST_logger - INFO - 训练开始时间: 2025-11-24 16:11:30
2025-11-24 16:11:30,502 - ResNet18_MNIST_logger - INFO - 训练配置:
2025-11-24 16:11:30,502 - ResNet18_MNIST_logger - INFO -   model_type: ResNet18_MNIST
2025-11-24 16:11:30,502 - ResNet18_MNIST_logger - INFO -   learning_rate: 0.001
2025-11-24 16:11:30,502 - ResNet18_MNIST_logger - INFO -   batch_size: 32
2025-11-24 16:11:30,502 - ResNet18_MNIST_logger - INFO -   epochs: 5
2025-11-24 16:11:30,502 - ResNet18_MNIST_logger - INFO -   activation: ReLU
2025-11-24 16:11:30,502 - ResNet18_MNIST_logger - INFO -   device: cpu
2025-11-24 16:11:30,502 - ResNet18_MNIST_logger - INFO - ============================================================
2025-11-24 16:11:31,818 - ResNet18_MNIST_logger - INFO - Epoch 1 [1/1875 (0.1%)] Loss: 2.3015 Acc: 0.1875
2025-11-24 16:11:41,035 - ResNet18_MNIST_logger - INFO - Epoch 1 [11/1875 (0.6%)] Loss: 1.1441 Acc: 0.0625
2025-11-24 16:11:50,453 - ResNet18_MNIST_logger - INFO - Epoch 1 [21/1875 (1.1%)] Loss: 0.4277 Acc: 0.1875
2025-11-24 16:11:58,378 - ResNet18_MNIST_logger - INFO - Epoch 1 [31/1875 (1.7%)] Loss: 0.2136 Acc: 0.0000
2025-11-24 16:12:06,522 - ResNet18_MNIST_logger - INFO - Epoch 1 [41/1875 (2.2%)] Loss: 0.1648 Acc: 0.4062
2025-11-24 16:12:14,535 - ResNet18_MNIST_logger - INFO - Epoch 1 [51/1875 (2.7%)] Loss: 0.5507 Acc: 0.6250
2025-11-24 16:12:22,441 - ResNet18_MNIST_logger - INFO - Epoch 1 [61/1875 (3.3%)] Loss: 0.3515 Acc: 0.7500
2025-11-24 16:12:30,668 - ResNet18_MNIST_logger - INFO - Epoch 1 [71/1875 (3.8%)] Loss: 0.2137 Acc: 0.8125
2025-11-24 16:12:39,221 - ResNet18_MNIST_logger - INFO - Epoch 1 [81/1875 (4.3%)] Loss: 0.3135 Acc: 0.7500
2025-11-24 16:12:47,370 - ResNet18_MNIST_logger - INFO - Epoch 1 [91/1875 (4.9%)] Loss: 0.4174 Acc: 0.8750
2025-11-24 16:12:55,015 - ResNet18_MNIST_logger - INFO - Epoch 1 [101/1875 (5.4%)] Loss: 0.0606 Acc: 1.0000
2025-11-24 16:13:03,015 - ResNet18_MNIST_logger - INFO - Epoch 1 [111/1875 (5.9%)] Loss: 0.0311 Acc: 1.0000
2025-11-24 16:13:11,158 - ResNet18_MNIST_logger - INFO - Epoch 1 [121/1875 (6.5%)] Loss: 0.1012 Acc: 1.0000
2025-11-24 16:13:18,600 - ResNet18_MNIST_logger - INFO - Epoch 1 [131/1875 (7.0%)] Loss: 0.1324 Acc: 0.9688
2025-11-24 16:13:26,097 - ResNet18_MNIST_logger - INFO - Epoch 1 [141/1875 (7.5%)] Loss: 0.2706 Acc: 0.8750
2025-11-24 16:13:35,144 - ResNet18_MNIST_logger - INFO - Epoch 1 [151/1875 (8.1%)] Loss: 0.2051 Acc: 1.0000
2025-11-24 16:13:43,410 - ResNet18_MNIST_logger - INFO - Epoch 1 [161/1875 (8.6%)] Loss: 0.3957 Acc: 0.8438
2025-11-24 16:13:51,712 - ResNet18_MNIST_logger - INFO - Epoch 1 [171/1875 (9.1%)] Loss: 0.2134 Acc: 0.8750
2025-11-24 16:13:59,828 - ResNet18_MNIST_logger - INFO - Epoch 1 [181/1875 (9.7%)] Loss: 0.2171 Acc: 0.9375
2025-11-24 16:14:07,769 - ResNet18_MNIST_logger - INFO - Epoch 1 [191/1875 (10.2%)] Loss: 0.1664 Acc: 0.8750
2025-11-24 16:14:15,362 - ResNet18_MNIST_logger - INFO - Epoch 1 [201/1875 (10.7%)] Loss: 0.0397 Acc: 0.9375
2025-11-24 16:14:22,957 - ResNet18_MNIST_logger - INFO - Epoch 1 [211/1875 (11.3%)] Loss: 0.1680 Acc: 0.9062
2025-11-24 16:14:30,999 - ResNet18_MNIST_logger - INFO - Epoch 1 [221/1875 (11.8%)] Loss: 0.1657 Acc: 1.0000
2025-11-24 16:14:39,397 - ResNet18_MNIST_logger - INFO - Epoch 1 [231/1875 (12.3%)] Loss: 0.1486 Acc: 0.9375
2025-11-24 16:14:47,994 - ResNet18_MNIST_logger - INFO - Epoch 1 [241/1875 (12.9%)] Loss: 0.0825 Acc: 0.9688
2025-11-24 16:14:55,704 - ResNet18_MNIST_logger - INFO - Epoch 1 [251/1875 (13.4%)] Loss: 0.2932 Acc: 0.9062
2025-11-24 16:15:04,002 - ResNet18_MNIST_logger - INFO - Epoch 1 [261/1875 (13.9%)] Loss: 0.4138 Acc: 0.9375
2025-11-24 16:15:11,875 - ResNet18_MNIST_logger - INFO - Epoch 1 [271/1875 (14.5%)] Loss: 0.1274 Acc: 0.9688
2025-11-24 16:15:20,137 - ResNet18_MNIST_logger - INFO - Epoch 1 [281/1875 (15.0%)] Loss: 0.2326 Acc: 1.0000
2025-11-24 16:15:28,512 - ResNet18_MNIST_logger - INFO - Epoch 1 [291/1875 (15.5%)] Loss: 0.0791 Acc: 0.9688
2025-11-24 16:15:36,564 - ResNet18_MNIST_logger - INFO - Epoch 1 [301/1875 (16.1%)] Loss: 0.0565 Acc: 1.0000
2025-11-24 16:15:45,144 - ResNet18_MNIST_logger - INFO - Epoch 1 [311/1875 (16.6%)] Loss: 0.1561 Acc: 1.0000
2025-11-24 16:15:53,507 - ResNet18_MNIST_logger - INFO - Epoch 1 [321/1875 (17.1%)] Loss: 0.0379 Acc: 0.9688
2025-11-24 16:16:01,102 - ResNet18_MNIST_logger - INFO - Epoch 1 [331/1875 (17.7%)] Loss: 0.1387 Acc: 0.9688
2025-11-24 16:16:08,560 - ResNet18_MNIST_logger - INFO - Epoch 1 [341/1875 (18.2%)] Loss: 0.0833 Acc: 0.9375
2025-11-24 16:16:16,261 - ResNet18_MNIST_logger - INFO - Epoch 1 [351/1875 (18.7%)] Loss: 0.0415 Acc: 0.9688
2025-11-24 16:16:24,610 - ResNet18_MNIST_logger - INFO - Epoch 1 [361/1875 (19.3%)] Loss: 0.5111 Acc: 0.9062
2025-11-24 16:16:32,277 - ResNet18_MNIST_logger - INFO - Epoch 1 [371/1875 (19.8%)] Loss: 0.1928 Acc: 0.9688
2025-11-24 16:16:39,982 - ResNet18_MNIST_logger - INFO - Epoch 1 [381/1875 (20.3%)] Loss: 0.3073 Acc: 0.9688
2025-11-24 16:16:48,292 - ResNet18_MNIST_logger - INFO - Epoch 1 [391/1875 (20.9%)] Loss: 0.1304 Acc: 0.9375
2025-11-24 16:16:56,380 - ResNet18_MNIST_logger - INFO - Epoch 1 [401/1875 (21.4%)] Loss: 0.1396 Acc: 0.9375
2025-11-24 16:17:04,613 - ResNet18_MNIST_logger - INFO - Epoch 1 [411/1875 (21.9%)] Loss: 0.0814 Acc: 0.9688
2025-11-24 16:17:12,987 - ResNet18_MNIST_logger - INFO - Epoch 1 [421/1875 (22.5%)] Loss: 0.2084 Acc: 0.9375
2025-11-24 16:17:21,642 - ResNet18_MNIST_logger - INFO - Epoch 1 [431/1875 (23.0%)] Loss: 0.3831 Acc: 0.9375
2025-11-24 16:17:29,341 - ResNet18_MNIST_logger - INFO - Epoch 1 [441/1875 (23.5%)] Loss: 0.0119 Acc: 1.0000
2025-11-24 16:17:36,929 - ResNet18_MNIST_logger - INFO - Epoch 1 [451/1875 (24.1%)] Loss: 0.0155 Acc: 1.0000
2025-11-24 16:17:44,694 - ResNet18_MNIST_logger - INFO - Epoch 1 [461/1875 (24.6%)] Loss: 0.1482 Acc: 0.9688
2025-11-24 16:17:52,989 - ResNet18_MNIST_logger - INFO - Epoch 1 [471/1875 (25.1%)] Loss: 0.0453 Acc: 1.0000
2025-11-24 16:18:00,819 - ResNet18_MNIST_logger - INFO - Epoch 1 [481/1875 (25.7%)] Loss: 0.2132 Acc: 0.9375
2025-11-24 16:18:09,279 - ResNet18_MNIST_logger - INFO - Epoch 1 [491/1875 (26.2%)] Loss: 0.0068 Acc: 1.0000
2025-11-24 16:18:17,497 - ResNet18_MNIST_logger - INFO - Epoch 1 [501/1875 (26.7%)] Loss: 0.0483 Acc: 1.0000
2025-11-24 16:18:25,332 - ResNet18_MNIST_logger - INFO - Epoch 1 [511/1875 (27.3%)] Loss: 0.1027 Acc: 0.9375
2025-11-24 16:18:33,019 - ResNet18_MNIST_logger - INFO - Epoch 1 [521/1875 (27.8%)] Loss: 0.0639 Acc: 0.9688
2025-11-24 16:18:41,357 - ResNet18_MNIST_logger - INFO - Epoch 1 [531/1875 (28.3%)] Loss: 0.1557 Acc: 0.9688
2025-11-24 16:18:49,207 - ResNet18_MNIST_logger - INFO - Epoch 1 [541/1875 (28.9%)] Loss: 0.0805 Acc: 0.9062
2025-11-24 16:18:58,088 - ResNet18_MNIST_logger - INFO - Epoch 1 [551/1875 (29.4%)] Loss: 0.0956 Acc: 1.0000
2025-11-24 16:19:06,333 - ResNet18_MNIST_logger - INFO - Epoch 1 [561/1875 (29.9%)] Loss: 0.0145 Acc: 1.0000
2025-11-24 16:19:14,246 - ResNet18_MNIST_logger - INFO - Epoch 1 [571/1875 (30.5%)] Loss: 0.0400 Acc: 1.0000
2025-11-24 16:19:21,972 - ResNet18_MNIST_logger - INFO - Epoch 1 [581/1875 (31.0%)] Loss: 0.0332 Acc: 1.0000
2025-11-24 16:19:30,123 - ResNet18_MNIST_logger - INFO - Epoch 1 [591/1875 (31.5%)] Loss: 0.0484 Acc: 0.9688
2025-11-24 16:19:38,395 - ResNet18_MNIST_logger - INFO - Epoch 1 [601/1875 (32.1%)] Loss: 0.0861 Acc: 1.0000
2025-11-24 16:19:46,563 - ResNet18_MNIST_logger - INFO - Epoch 1 [611/1875 (32.6%)] Loss: 0.1071 Acc: 1.0000
2025-11-24 16:19:54,004 - ResNet18_MNIST_logger - INFO - Epoch 1 [621/1875 (33.1%)] Loss: 0.1323 Acc: 0.9688
2025-11-24 16:20:02,024 - ResNet18_MNIST_logger - INFO - Epoch 1 [631/1875 (33.7%)] Loss: 0.0927 Acc: 1.0000
2025-11-24 16:20:10,181 - ResNet18_MNIST_logger - INFO - Epoch 1 [641/1875 (34.2%)] Loss: 0.1165 Acc: 1.0000
2025-11-24 16:20:18,284 - ResNet18_MNIST_logger - INFO - Epoch 1 [651/1875 (34.7%)] Loss: 0.0857 Acc: 1.0000
2025-11-24 16:20:26,192 - ResNet18_MNIST_logger - INFO - Epoch 1 [661/1875 (35.3%)] Loss: 0.1394 Acc: 1.0000
2025-11-24 16:20:34,024 - ResNet18_MNIST_logger - INFO - Epoch 1 [671/1875 (35.8%)] Loss: 0.0409 Acc: 1.0000
2025-11-24 16:20:41,707 - ResNet18_MNIST_logger - INFO - Epoch 1 [681/1875 (36.3%)] Loss: 0.0107 Acc: 1.0000
2025-11-24 16:20:50,607 - ResNet18_MNIST_logger - INFO - Epoch 1 [691/1875 (36.9%)] Loss: 0.2323 Acc: 0.9688
2025-11-24 16:20:58,466 - ResNet18_MNIST_logger - INFO - Epoch 1 [701/1875 (37.4%)] Loss: 0.1122 Acc: 0.9688
2025-11-24 16:21:06,147 - ResNet18_MNIST_logger - INFO - Epoch 1 [711/1875 (37.9%)] Loss: 0.0263 Acc: 1.0000
2025-11-24 16:21:13,776 - ResNet18_MNIST_logger - INFO - Epoch 1 [721/1875 (38.5%)] Loss: 0.1396 Acc: 0.9062
2025-11-24 16:21:21,292 - ResNet18_MNIST_logger - INFO - Epoch 1 [731/1875 (39.0%)] Loss: 0.0037 Acc: 1.0000
2025-11-24 16:21:28,869 - ResNet18_MNIST_logger - INFO - Epoch 1 [741/1875 (39.5%)] Loss: 0.0066 Acc: 1.0000
2025-11-24 16:21:36,394 - ResNet18_MNIST_logger - INFO - Epoch 1 [751/1875 (40.1%)] Loss: 0.0581 Acc: 1.0000
2025-11-24 16:21:43,902 - ResNet18_MNIST_logger - INFO - Epoch 1 [761/1875 (40.6%)] Loss: 0.0800 Acc: 1.0000
2025-11-24 16:21:51,380 - ResNet18_MNIST_logger - INFO - Epoch 1 [771/1875 (41.1%)] Loss: 0.2150 Acc: 1.0000
2025-11-24 16:21:58,916 - ResNet18_MNIST_logger - INFO - Epoch 1 [781/1875 (41.7%)] Loss: 0.0148 Acc: 0.9688
2025-11-24 16:22:06,816 - ResNet18_MNIST_logger - INFO - Epoch 1 [791/1875 (42.2%)] Loss: 0.0747 Acc: 1.0000
2025-11-24 16:22:14,260 - ResNet18_MNIST_logger - INFO - Epoch 1 [801/1875 (42.7%)] Loss: 0.0196 Acc: 1.0000
2025-11-24 16:22:21,990 - ResNet18_MNIST_logger - INFO - Epoch 1 [811/1875 (43.3%)] Loss: 0.0395 Acc: 1.0000
2025-11-24 16:22:29,439 - ResNet18_MNIST_logger - INFO - Epoch 1 [821/1875 (43.8%)] Loss: 0.1446 Acc: 0.9688
2025-11-24 16:22:36,981 - ResNet18_MNIST_logger - INFO - Epoch 1 [831/1875 (44.3%)] Loss: 0.1830 Acc: 0.9062
2025-11-24 16:22:44,423 - ResNet18_MNIST_logger - INFO - Epoch 1 [841/1875 (44.9%)] Loss: 0.0465 Acc: 0.9062
2025-11-24 16:22:51,893 - ResNet18_MNIST_logger - INFO - Epoch 1 [851/1875 (45.4%)] Loss: 0.0562 Acc: 0.9688
2025-11-24 16:22:59,302 - ResNet18_MNIST_logger - INFO - Epoch 1 [861/1875 (45.9%)] Loss: 0.0093 Acc: 1.0000
2025-11-24 16:23:06,936 - ResNet18_MNIST_logger - INFO - Epoch 1 [871/1875 (46.5%)] Loss: 0.1460 Acc: 0.9688
2025-11-24 16:23:14,511 - ResNet18_MNIST_logger - INFO - Epoch 1 [881/1875 (47.0%)] Loss: 0.1058 Acc: 1.0000
2025-11-24 16:23:21,929 - ResNet18_MNIST_logger - INFO - Epoch 1 [891/1875 (47.5%)] Loss: 0.0439 Acc: 1.0000
2025-11-24 16:23:29,341 - ResNet18_MNIST_logger - INFO - Epoch 1 [901/1875 (48.1%)] Loss: 0.0488 Acc: 1.0000
2025-11-24 16:23:36,770 - ResNet18_MNIST_logger - INFO - Epoch 1 [911/1875 (48.6%)] Loss: 0.2436 Acc: 0.9375
2025-11-24 16:23:44,192 - ResNet18_MNIST_logger - INFO - Epoch 1 [921/1875 (49.1%)] Loss: 0.0218 Acc: 1.0000
2025-11-24 16:23:51,707 - ResNet18_MNIST_logger - INFO - Epoch 1 [931/1875 (49.7%)] Loss: 0.2240 Acc: 0.9688
2025-11-24 16:23:59,092 - ResNet18_MNIST_logger - INFO - Epoch 1 [941/1875 (50.2%)] Loss: 0.1412 Acc: 1.0000
2025-11-24 16:24:07,451 - ResNet18_MNIST_logger - INFO - Epoch 1 [951/1875 (50.7%)] Loss: 0.0825 Acc: 0.9688
2025-11-24 16:24:14,935 - ResNet18_MNIST_logger - INFO - Epoch 1 [961/1875 (51.3%)] Loss: 0.0498 Acc: 1.0000
2025-11-24 16:24:23,226 - ResNet18_MNIST_logger - INFO - Epoch 1 [971/1875 (51.8%)] Loss: 0.1149 Acc: 0.9688
2025-11-24 16:24:30,552 - ResNet18_MNIST_logger - INFO - Epoch 1 [981/1875 (52.3%)] Loss: 0.0626 Acc: 1.0000
2025-11-24 16:24:37,887 - ResNet18_MNIST_logger - INFO - Epoch 1 [991/1875 (52.9%)] Loss: 0.0168 Acc: 1.0000
2025-11-24 16:24:45,257 - ResNet18_MNIST_logger - INFO - Epoch 1 [1001/1875 (53.4%)] Loss: 0.0110 Acc: 1.0000
2025-11-24 16:24:52,590 - ResNet18_MNIST_logger - INFO - Epoch 1 [1011/1875 (53.9%)] Loss: 0.0016 Acc: 1.0000
2025-11-24 16:24:59,878 - ResNet18_MNIST_logger - INFO - Epoch 1 [1021/1875 (54.5%)] Loss: 0.0106 Acc: 1.0000
2025-11-24 16:25:07,347 - ResNet18_MNIST_logger - INFO - Epoch 1 [1031/1875 (55.0%)] Loss: 0.2039 Acc: 0.9688
2025-11-24 16:25:14,607 - ResNet18_MNIST_logger - INFO - Epoch 1 [1041/1875 (55.5%)] Loss: 0.0261 Acc: 1.0000
2025-11-24 16:25:21,899 - ResNet18_MNIST_logger - INFO - Epoch 1 [1051/1875 (56.1%)] Loss: 0.0074 Acc: 1.0000
2025-11-24 16:25:29,163 - ResNet18_MNIST_logger - INFO - Epoch 1 [1061/1875 (56.6%)] Loss: 0.1425 Acc: 0.9688
2025-11-24 16:25:36,508 - ResNet18_MNIST_logger - INFO - Epoch 1 [1071/1875 (57.1%)] Loss: 0.1422 Acc: 0.9688
2025-11-24 16:25:43,857 - ResNet18_MNIST_logger - INFO - Epoch 1 [1081/1875 (57.7%)] Loss: 0.0860 Acc: 1.0000
2025-11-24 16:25:51,115 - ResNet18_MNIST_logger - INFO - Epoch 1 [1091/1875 (58.2%)] Loss: 0.0094 Acc: 1.0000
2025-11-24 16:25:58,745 - ResNet18_MNIST_logger - INFO - Epoch 1 [1101/1875 (58.7%)] Loss: 0.0089 Acc: 1.0000
2025-11-24 16:26:07,119 - ResNet18_MNIST_logger - INFO - Epoch 1 [1111/1875 (59.3%)] Loss: 0.0099 Acc: 1.0000
2025-11-24 16:26:15,811 - ResNet18_MNIST_logger - INFO - Epoch 1 [1121/1875 (59.8%)] Loss: 0.0212 Acc: 1.0000
2025-11-24 16:26:23,457 - ResNet18_MNIST_logger - INFO - Epoch 1 [1131/1875 (60.3%)] Loss: 0.0245 Acc: 1.0000
2025-11-24 16:26:30,972 - ResNet18_MNIST_logger - INFO - Epoch 1 [1141/1875 (60.9%)] Loss: 0.0235 Acc: 1.0000
2025-11-24 16:26:39,021 - ResNet18_MNIST_logger - INFO - Epoch 1 [1151/1875 (61.4%)] Loss: 0.0095 Acc: 1.0000
2025-11-24 16:26:46,464 - ResNet18_MNIST_logger - INFO - Epoch 1 [1161/1875 (61.9%)] Loss: 0.0033 Acc: 1.0000
2025-11-24 16:26:53,827 - ResNet18_MNIST_logger - INFO - Epoch 1 [1171/1875 (62.5%)] Loss: 0.0132 Acc: 1.0000
2025-11-24 16:27:01,074 - ResNet18_MNIST_logger - INFO - Epoch 1 [1181/1875 (63.0%)] Loss: 0.1552 Acc: 0.9688
2025-11-24 16:27:08,365 - ResNet18_MNIST_logger - INFO - Epoch 1 [1191/1875 (63.5%)] Loss: 0.0332 Acc: 1.0000
2025-11-24 16:27:15,636 - ResNet18_MNIST_logger - INFO - Epoch 1 [1201/1875 (64.1%)] Loss: 0.2111 Acc: 0.9688
2025-11-24 16:27:22,891 - ResNet18_MNIST_logger - INFO - Epoch 1 [1211/1875 (64.6%)] Loss: 0.0465 Acc: 1.0000
2025-11-24 16:27:30,134 - ResNet18_MNIST_logger - INFO - Epoch 1 [1221/1875 (65.1%)] Loss: 0.0068 Acc: 0.9688
2025-11-24 16:27:37,452 - ResNet18_MNIST_logger - INFO - Epoch 1 [1231/1875 (65.7%)] Loss: 0.1463 Acc: 0.9688
2025-11-24 16:27:45,419 - ResNet18_MNIST_logger - INFO - Epoch 1 [1241/1875 (66.2%)] Loss: 0.3445 Acc: 0.9375
2025-11-24 16:27:53,424 - ResNet18_MNIST_logger - INFO - Epoch 1 [1251/1875 (66.7%)] Loss: 0.2087 Acc: 0.9375
2025-11-24 16:28:00,717 - ResNet18_MNIST_logger - INFO - Epoch 1 [1261/1875 (67.3%)] Loss: 0.0399 Acc: 0.9688
2025-11-24 16:28:08,249 - ResNet18_MNIST_logger - INFO - Epoch 1 [1271/1875 (67.8%)] Loss: 0.0317 Acc: 0.9688
2025-11-24 16:28:16,281 - ResNet18_MNIST_logger - INFO - Epoch 1 [1281/1875 (68.3%)] Loss: 0.0014 Acc: 1.0000
2025-11-24 16:28:23,476 - ResNet18_MNIST_logger - INFO - Epoch 1 [1291/1875 (68.9%)] Loss: 0.0593 Acc: 0.9688
2025-11-24 16:28:30,738 - ResNet18_MNIST_logger - INFO - Epoch 1 [1301/1875 (69.4%)] Loss: 0.0255 Acc: 0.9688
2025-11-24 16:28:38,124 - ResNet18_MNIST_logger - INFO - Epoch 1 [1311/1875 (69.9%)] Loss: 0.2477 Acc: 0.9688
2025-11-24 16:28:45,326 - ResNet18_MNIST_logger - INFO - Epoch 1 [1321/1875 (70.5%)] Loss: 0.0657 Acc: 1.0000
2025-11-24 16:28:52,501 - ResNet18_MNIST_logger - INFO - Epoch 1 [1331/1875 (71.0%)] Loss: 0.1443 Acc: 1.0000
2025-11-24 16:28:59,676 - ResNet18_MNIST_logger - INFO - Epoch 1 [1341/1875 (71.5%)] Loss: 0.0126 Acc: 1.0000
2025-11-24 16:29:06,889 - ResNet18_MNIST_logger - INFO - Epoch 1 [1351/1875 (72.1%)] Loss: 0.0099 Acc: 1.0000
2025-11-24 16:29:14,090 - ResNet18_MNIST_logger - INFO - Epoch 1 [1361/1875 (72.6%)] Loss: 0.0026 Acc: 1.0000
2025-11-24 16:29:21,289 - ResNet18_MNIST_logger - INFO - Epoch 1 [1371/1875 (73.1%)] Loss: 0.0385 Acc: 1.0000
2025-11-24 16:29:28,570 - ResNet18_MNIST_logger - INFO - Epoch 1 [1381/1875 (73.7%)] Loss: 0.0925 Acc: 1.0000
2025-11-24 16:29:35,997 - ResNet18_MNIST_logger - INFO - Epoch 1 [1391/1875 (74.2%)] Loss: 0.0238 Acc: 1.0000
2025-11-24 16:29:43,943 - ResNet18_MNIST_logger - INFO - Epoch 1 [1401/1875 (74.7%)] Loss: 0.0618 Acc: 0.9688
2025-11-24 16:29:51,761 - ResNet18_MNIST_logger - INFO - Epoch 1 [1411/1875 (75.3%)] Loss: 0.1645 Acc: 0.9688
2025-11-24 16:29:59,000 - ResNet18_MNIST_logger - INFO - Epoch 1 [1421/1875 (75.8%)] Loss: 0.1295 Acc: 1.0000
2025-11-24 16:30:06,209 - ResNet18_MNIST_logger - INFO - Epoch 1 [1431/1875 (76.3%)] Loss: 0.1169 Acc: 0.9688
2025-11-24 16:30:13,545 - ResNet18_MNIST_logger - INFO - Epoch 1 [1441/1875 (76.9%)] Loss: 0.1008 Acc: 0.9688
2025-11-24 16:30:21,304 - ResNet18_MNIST_logger - INFO - Epoch 1 [1451/1875 (77.4%)] Loss: 0.2124 Acc: 1.0000
2025-11-24 16:30:28,897 - ResNet18_MNIST_logger - INFO - Epoch 1 [1461/1875 (77.9%)] Loss: 0.0314 Acc: 1.0000
2025-11-24 16:30:36,506 - ResNet18_MNIST_logger - INFO - Epoch 1 [1471/1875 (78.5%)] Loss: 0.1846 Acc: 0.9375
2025-11-24 16:30:44,083 - ResNet18_MNIST_logger - INFO - Epoch 1 [1481/1875 (79.0%)] Loss: 0.0062 Acc: 1.0000
2025-11-24 16:30:51,682 - ResNet18_MNIST_logger - INFO - Epoch 1 [1491/1875 (79.5%)] Loss: 0.0038 Acc: 1.0000
2025-11-24 16:30:59,953 - ResNet18_MNIST_logger - INFO - Epoch 1 [1501/1875 (80.1%)] Loss: 0.0110 Acc: 1.0000
2025-11-24 16:31:07,523 - ResNet18_MNIST_logger - INFO - Epoch 1 [1511/1875 (80.6%)] Loss: 0.0038 Acc: 1.0000
2025-11-24 16:31:14,846 - ResNet18_MNIST_logger - INFO - Epoch 1 [1521/1875 (81.1%)] Loss: 0.0038 Acc: 1.0000
2025-11-24 16:31:22,606 - ResNet18_MNIST_logger - INFO - Epoch 1 [1531/1875 (81.7%)] Loss: 0.0052 Acc: 1.0000
2025-11-24 16:31:30,795 - ResNet18_MNIST_logger - INFO - Epoch 1 [1541/1875 (82.2%)] Loss: 0.0044 Acc: 1.0000
2025-11-24 16:31:38,618 - ResNet18_MNIST_logger - INFO - Epoch 1 [1551/1875 (82.7%)] Loss: 0.0187 Acc: 1.0000
2025-11-24 16:31:46,060 - ResNet18_MNIST_logger - INFO - Epoch 1 [1561/1875 (83.3%)] Loss: 0.0203 Acc: 1.0000
2025-11-24 16:31:53,633 - ResNet18_MNIST_logger - INFO - Epoch 1 [1571/1875 (83.8%)] Loss: 0.0962 Acc: 0.9688
2025-11-24 16:32:01,554 - ResNet18_MNIST_logger - INFO - Epoch 1 [1581/1875 (84.3%)] Loss: 0.2588 Acc: 0.9688
2025-11-24 16:32:09,231 - ResNet18_MNIST_logger - INFO - Epoch 1 [1591/1875 (84.9%)] Loss: 0.0364 Acc: 1.0000
2025-11-24 16:32:16,706 - ResNet18_MNIST_logger - INFO - Epoch 1 [1601/1875 (85.4%)] Loss: 0.0220 Acc: 1.0000
2025-11-24 16:32:24,546 - ResNet18_MNIST_logger - INFO - Epoch 1 [1611/1875 (85.9%)] Loss: 0.0216 Acc: 1.0000
2025-11-24 16:32:32,358 - ResNet18_MNIST_logger - INFO - Epoch 1 [1621/1875 (86.5%)] Loss: 0.0071 Acc: 1.0000
2025-11-24 16:32:40,054 - ResNet18_MNIST_logger - INFO - Epoch 1 [1631/1875 (87.0%)] Loss: 0.0066 Acc: 1.0000
2025-11-24 16:32:48,323 - ResNet18_MNIST_logger - INFO - Epoch 1 [1641/1875 (87.5%)] Loss: 0.1351 Acc: 1.0000
2025-11-24 16:32:56,554 - ResNet18_MNIST_logger - INFO - Epoch 1 [1651/1875 (88.1%)] Loss: 0.0022 Acc: 1.0000
2025-11-24 16:33:04,905 - ResNet18_MNIST_logger - INFO - Epoch 1 [1661/1875 (88.6%)] Loss: 0.0997 Acc: 0.9688
2025-11-24 16:33:13,074 - ResNet18_MNIST_logger - INFO - Epoch 1 [1671/1875 (89.1%)] Loss: 0.3048 Acc: 0.9375
2025-11-24 16:33:20,754 - ResNet18_MNIST_logger - INFO - Epoch 1 [1681/1875 (89.7%)] Loss: 0.0333 Acc: 0.9688
2025-11-24 16:33:28,350 - ResNet18_MNIST_logger - INFO - Epoch 1 [1691/1875 (90.2%)] Loss: 0.0849 Acc: 1.0000
2025-11-24 16:33:35,680 - ResNet18_MNIST_logger - INFO - Epoch 1 [1701/1875 (90.7%)] Loss: 0.0051 Acc: 1.0000
2025-11-24 16:33:42,960 - ResNet18_MNIST_logger - INFO - Epoch 1 [1711/1875 (91.3%)] Loss: 0.0110 Acc: 1.0000
2025-11-24 16:33:50,322 - ResNet18_MNIST_logger - INFO - Epoch 1 [1721/1875 (91.8%)] Loss: 0.0022 Acc: 1.0000
2025-11-24 16:33:57,640 - ResNet18_MNIST_logger - INFO - Epoch 1 [1731/1875 (92.3%)] Loss: 0.0203 Acc: 1.0000
2025-11-24 16:34:05,371 - ResNet18_MNIST_logger - INFO - Epoch 1 [1741/1875 (92.9%)] Loss: 0.0045 Acc: 1.0000
2025-11-24 16:34:13,780 - ResNet18_MNIST_logger - INFO - Epoch 1 [1751/1875 (93.4%)] Loss: 0.0162 Acc: 1.0000
2025-11-24 16:34:21,111 - ResNet18_MNIST_logger - INFO - Epoch 1 [1761/1875 (93.9%)] Loss: 0.0117 Acc: 0.9688
2025-11-24 16:34:28,347 - ResNet18_MNIST_logger - INFO - Epoch 1 [1771/1875 (94.5%)] Loss: 0.0019 Acc: 1.0000
2025-11-24 16:34:35,626 - ResNet18_MNIST_logger - INFO - Epoch 1 [1781/1875 (95.0%)] Loss: 0.1171 Acc: 1.0000
2025-11-24 16:34:43,018 - ResNet18_MNIST_logger - INFO - Epoch 1 [1791/1875 (95.5%)] Loss: 0.2901 Acc: 0.9375
2025-11-24 16:34:50,609 - ResNet18_MNIST_logger - INFO - Epoch 1 [1801/1875 (96.1%)] Loss: 0.1895 Acc: 0.9375
2025-11-24 16:34:58,377 - ResNet18_MNIST_logger - INFO - Epoch 1 [1811/1875 (96.6%)] Loss: 0.0125 Acc: 1.0000
2025-11-24 16:35:05,925 - ResNet18_MNIST_logger - INFO - Epoch 1 [1821/1875 (97.1%)] Loss: 0.0137 Acc: 1.0000
2025-11-24 16:35:13,416 - ResNet18_MNIST_logger - INFO - Epoch 1 [1831/1875 (97.7%)] Loss: 0.0632 Acc: 0.9688
2025-11-24 16:35:20,855 - ResNet18_MNIST_logger - INFO - Epoch 1 [1841/1875 (98.2%)] Loss: 0.1318 Acc: 0.9688
2025-11-24 16:35:28,242 - ResNet18_MNIST_logger - INFO - Epoch 1 [1851/1875 (98.7%)] Loss: 0.0145 Acc: 1.0000
2025-11-24 16:35:35,611 - ResNet18_MNIST_logger - INFO - Epoch 1 [1861/1875 (99.3%)] Loss: 0.0055 Acc: 1.0000
2025-11-24 16:35:43,009 - ResNet18_MNIST_logger - INFO - Epoch 1 [1871/1875 (99.8%)] Loss: 0.0075 Acc: 1.0000
2025-11-24 16:47:26,837 - ResNet18_MNIST_logger - INFO - Epoch   1 | Train Loss: 0.1176 | Train Acc: 0.9868 | Val Loss: 0.0408 | Val Acc: 0.0408
2025-11-24 16:47:27,910 - ResNet18_MNIST_logger - INFO - Epoch 2 [1/1875 (0.1%)] Loss: 0.1337 Acc: 0.9375
2025-11-24 16:47:35,223 - ResNet18_MNIST_logger - INFO - Epoch 2 [11/1875 (0.6%)] Loss: 0.0350 Acc: 1.0000
2025-11-24 16:47:42,451 - ResNet18_MNIST_logger - INFO - Epoch 2 [21/1875 (1.1%)] Loss: 0.0928 Acc: 0.9688
2025-11-24 16:47:51,413 - ResNet18_MNIST_logger - INFO - Epoch 2 [31/1875 (1.7%)] Loss: 0.0047 Acc: 1.0000
2025-11-24 16:47:59,232 - ResNet18_MNIST_logger - INFO - Epoch 2 [41/1875 (2.2%)] Loss: 0.0029 Acc: 1.0000
2025-11-24 16:48:06,950 - ResNet18_MNIST_logger - INFO - Epoch 2 [51/1875 (2.7%)] Loss: 0.0095 Acc: 1.0000
2025-11-24 16:48:14,423 - ResNet18_MNIST_logger - INFO - Epoch 2 [61/1875 (3.3%)] Loss: 0.0018 Acc: 1.0000
2025-11-24 16:48:22,085 - ResNet18_MNIST_logger - INFO - Epoch 2 [71/1875 (3.8%)] Loss: 0.0044 Acc: 1.0000
2025-11-24 16:48:29,724 - ResNet18_MNIST_logger - INFO - Epoch 2 [81/1875 (4.3%)] Loss: 0.0050 Acc: 1.0000
2025-11-24 16:48:37,231 - ResNet18_MNIST_logger - INFO - Epoch 2 [91/1875 (4.9%)] Loss: 0.0047 Acc: 1.0000
2025-11-24 16:48:44,548 - ResNet18_MNIST_logger - INFO - Epoch 2 [101/1875 (5.4%)] Loss: 0.0027 Acc: 1.0000
2025-11-24 16:48:51,780 - ResNet18_MNIST_logger - INFO - Epoch 2 [111/1875 (5.9%)] Loss: 0.0029 Acc: 1.0000
2025-11-24 16:48:58,981 - ResNet18_MNIST_logger - INFO - Epoch 2 [121/1875 (6.5%)] Loss: 0.0316 Acc: 1.0000
2025-11-24 16:49:06,273 - ResNet18_MNIST_logger - INFO - Epoch 2 [131/1875 (7.0%)] Loss: 0.0062 Acc: 1.0000
2025-11-24 16:49:13,880 - ResNet18_MNIST_logger - INFO - Epoch 2 [141/1875 (7.5%)] Loss: 0.0023 Acc: 1.0000
2025-11-24 16:49:21,073 - ResNet18_MNIST_logger - INFO - Epoch 2 [151/1875 (8.1%)] Loss: 0.0025 Acc: 1.0000
2025-11-24 16:49:28,332 - ResNet18_MNIST_logger - INFO - Epoch 2 [161/1875 (8.6%)] Loss: 0.2232 Acc: 0.9688
2025-11-24 16:49:35,602 - ResNet18_MNIST_logger - INFO - Epoch 2 [171/1875 (9.1%)] Loss: 0.0399 Acc: 1.0000
2025-11-24 16:49:42,894 - ResNet18_MNIST_logger - INFO - Epoch 2 [181/1875 (9.7%)] Loss: 0.2664 Acc: 0.9375
2025-11-24 16:49:50,317 - ResNet18_MNIST_logger - INFO - Epoch 2 [191/1875 (10.2%)] Loss: 0.0220 Acc: 1.0000
2025-11-24 16:49:57,856 - ResNet18_MNIST_logger - INFO - Epoch 2 [201/1875 (10.7%)] Loss: 0.0035 Acc: 1.0000
2025-11-24 16:50:05,217 - ResNet18_MNIST_logger - INFO - Epoch 2 [211/1875 (11.3%)] Loss: 0.0031 Acc: 1.0000
2025-11-24 16:50:12,909 - ResNet18_MNIST_logger - INFO - Epoch 2 [221/1875 (11.8%)] Loss: 0.1650 Acc: 0.9688
2025-11-24 16:50:21,227 - ResNet18_MNIST_logger - INFO - Epoch 2 [231/1875 (12.3%)] Loss: 0.2622 Acc: 0.9688
2025-11-24 16:50:29,182 - ResNet18_MNIST_logger - INFO - Epoch 2 [241/1875 (12.9%)] Loss: 0.0024 Acc: 1.0000
2025-11-24 16:50:37,286 - ResNet18_MNIST_logger - INFO - Epoch 2 [251/1875 (13.4%)] Loss: 0.0214 Acc: 1.0000
2025-11-24 16:50:45,491 - ResNet18_MNIST_logger - INFO - Epoch 2 [261/1875 (13.9%)] Loss: 0.1271 Acc: 0.9688
2025-11-24 16:50:53,314 - ResNet18_MNIST_logger - INFO - Epoch 2 [271/1875 (14.5%)] Loss: 0.0648 Acc: 1.0000
2025-11-24 16:51:01,307 - ResNet18_MNIST_logger - INFO - Epoch 2 [281/1875 (15.0%)] Loss: 0.4190 Acc: 0.9375
2025-11-24 16:51:09,070 - ResNet18_MNIST_logger - INFO - Epoch 2 [291/1875 (15.5%)] Loss: 0.1629 Acc: 0.9688
2025-11-24 16:51:16,826 - ResNet18_MNIST_logger - INFO - Epoch 2 [301/1875 (16.1%)] Loss: 0.0150 Acc: 1.0000
2025-11-24 16:51:24,199 - ResNet18_MNIST_logger - INFO - Epoch 2 [311/1875 (16.6%)] Loss: 0.0046 Acc: 1.0000
2025-11-24 16:51:31,701 - ResNet18_MNIST_logger - INFO - Epoch 2 [321/1875 (17.1%)] Loss: 0.0124 Acc: 1.0000
2025-11-24 16:51:39,184 - ResNet18_MNIST_logger - INFO - Epoch 2 [331/1875 (17.7%)] Loss: 0.0626 Acc: 0.9688
2025-11-24 16:51:46,513 - ResNet18_MNIST_logger - INFO - Epoch 2 [341/1875 (18.2%)] Loss: 0.0053 Acc: 1.0000
2025-11-24 16:51:53,788 - ResNet18_MNIST_logger - INFO - Epoch 2 [351/1875 (18.7%)] Loss: 0.0392 Acc: 1.0000
2025-11-24 16:52:01,249 - ResNet18_MNIST_logger - INFO - Epoch 2 [361/1875 (19.3%)] Loss: 0.0176 Acc: 1.0000
2025-11-24 16:52:08,803 - ResNet18_MNIST_logger - INFO - Epoch 2 [371/1875 (19.8%)] Loss: 0.0279 Acc: 1.0000
2025-11-24 16:52:16,058 - ResNet18_MNIST_logger - INFO - Epoch 2 [381/1875 (20.3%)] Loss: 0.0158 Acc: 1.0000
2025-11-24 16:52:23,577 - ResNet18_MNIST_logger - INFO - Epoch 2 [391/1875 (20.9%)] Loss: 0.0409 Acc: 0.9688
2025-11-24 16:52:31,153 - ResNet18_MNIST_logger - INFO - Epoch 2 [401/1875 (21.4%)] Loss: 0.2001 Acc: 0.9688
2025-11-24 16:52:38,562 - ResNet18_MNIST_logger - INFO - Epoch 2 [411/1875 (21.9%)] Loss: 0.0028 Acc: 1.0000
2025-11-24 16:52:46,129 - ResNet18_MNIST_logger - INFO - Epoch 2 [421/1875 (22.5%)] Loss: 0.0133 Acc: 1.0000
2025-11-24 16:52:53,763 - ResNet18_MNIST_logger - INFO - Epoch 2 [431/1875 (23.0%)] Loss: 0.0009 Acc: 1.0000
2025-11-24 16:53:01,844 - ResNet18_MNIST_logger - INFO - Epoch 2 [441/1875 (23.5%)] Loss: 0.0162 Acc: 1.0000
2025-11-24 16:53:09,922 - ResNet18_MNIST_logger - INFO - Epoch 2 [451/1875 (24.1%)] Loss: 0.0297 Acc: 1.0000
2025-11-24 16:53:17,271 - ResNet18_MNIST_logger - INFO - Epoch 2 [461/1875 (24.6%)] Loss: 0.0013 Acc: 1.0000
2025-11-24 16:53:24,559 - ResNet18_MNIST_logger - INFO - Epoch 2 [471/1875 (25.1%)] Loss: 0.0651 Acc: 1.0000
2025-11-24 16:53:32,574 - ResNet18_MNIST_logger - INFO - Epoch 2 [481/1875 (25.7%)] Loss: 0.0410 Acc: 1.0000
2025-11-24 16:53:40,105 - ResNet18_MNIST_logger - INFO - Epoch 2 [491/1875 (26.2%)] Loss: 0.0059 Acc: 1.0000
2025-11-24 16:53:47,872 - ResNet18_MNIST_logger - INFO - Epoch 2 [501/1875 (26.7%)] Loss: 0.0030 Acc: 1.0000
2025-11-24 16:53:55,537 - ResNet18_MNIST_logger - INFO - Epoch 2 [511/1875 (27.3%)] Loss: 0.0113 Acc: 1.0000
2025-11-24 16:54:02,905 - ResNet18_MNIST_logger - INFO - Epoch 2 [521/1875 (27.8%)] Loss: 0.0043 Acc: 1.0000
2025-11-24 16:54:10,452 - ResNet18_MNIST_logger - INFO - Epoch 2 [531/1875 (28.3%)] Loss: 0.0736 Acc: 0.9688
2025-11-24 16:54:18,145 - ResNet18_MNIST_logger - INFO - Epoch 2 [541/1875 (28.9%)] Loss: 0.0901 Acc: 1.0000
2025-11-24 16:54:25,643 - ResNet18_MNIST_logger - INFO - Epoch 2 [551/1875 (29.4%)] Loss: 0.0043 Acc: 1.0000
2025-11-24 16:54:33,252 - ResNet18_MNIST_logger - INFO - Epoch 2 [561/1875 (29.9%)] Loss: 0.0114 Acc: 1.0000
2025-11-24 16:54:40,786 - ResNet18_MNIST_logger - INFO - Epoch 2 [571/1875 (30.5%)] Loss: 0.0102 Acc: 0.9688
2025-11-24 16:54:48,306 - ResNet18_MNIST_logger - INFO - Epoch 2 [581/1875 (31.0%)] Loss: 0.0218 Acc: 1.0000
2025-11-24 16:54:55,787 - ResNet18_MNIST_logger - INFO - Epoch 2 [591/1875 (31.5%)] Loss: 0.2383 Acc: 0.9688
2025-11-24 16:55:03,524 - ResNet18_MNIST_logger - INFO - Epoch 2 [601/1875 (32.1%)] Loss: 0.0546 Acc: 1.0000
2025-11-24 16:55:11,404 - ResNet18_MNIST_logger - INFO - Epoch 2 [611/1875 (32.6%)] Loss: 0.0060 Acc: 1.0000
2025-11-24 16:55:19,592 - ResNet18_MNIST_logger - INFO - Epoch 2 [621/1875 (33.1%)] Loss: 0.0469 Acc: 1.0000
2025-11-24 16:55:27,593 - ResNet18_MNIST_logger - INFO - Epoch 2 [631/1875 (33.7%)] Loss: 0.0280 Acc: 0.9688
2025-11-24 16:55:35,132 - ResNet18_MNIST_logger - INFO - Epoch 2 [641/1875 (34.2%)] Loss: 0.0015 Acc: 1.0000
2025-11-24 16:55:42,631 - ResNet18_MNIST_logger - INFO - Epoch 2 [651/1875 (34.7%)] Loss: 0.0676 Acc: 1.0000
2025-11-24 16:55:49,897 - ResNet18_MNIST_logger - INFO - Epoch 2 [661/1875 (35.3%)] Loss: 0.2882 Acc: 0.9375
2025-11-24 16:55:57,137 - ResNet18_MNIST_logger - INFO - Epoch 2 [671/1875 (35.8%)] Loss: 0.0086 Acc: 1.0000
2025-11-24 16:56:04,686 - ResNet18_MNIST_logger - INFO - Epoch 2 [681/1875 (36.3%)] Loss: 0.0071 Acc: 1.0000
2025-11-24 16:56:13,600 - ResNet18_MNIST_logger - INFO - Epoch 2 [691/1875 (36.9%)] Loss: 0.0131 Acc: 0.9688
2025-11-24 16:56:21,126 - ResNet18_MNIST_logger - INFO - Epoch 2 [701/1875 (37.4%)] Loss: 0.0080 Acc: 1.0000
2025-11-24 16:56:28,422 - ResNet18_MNIST_logger - INFO - Epoch 2 [711/1875 (37.9%)] Loss: 0.3366 Acc: 0.9688
2025-11-24 16:56:36,163 - ResNet18_MNIST_logger - INFO - Epoch 2 [721/1875 (38.5%)] Loss: 0.0102 Acc: 1.0000
2025-11-24 16:56:44,147 - ResNet18_MNIST_logger - INFO - Epoch 2 [731/1875 (39.0%)] Loss: 0.0870 Acc: 1.0000
2025-11-24 16:56:51,564 - ResNet18_MNIST_logger - INFO - Epoch 2 [741/1875 (39.5%)] Loss: 0.0246 Acc: 1.0000
2025-11-24 16:56:59,156 - ResNet18_MNIST_logger - INFO - Epoch 2 [751/1875 (40.1%)] Loss: 0.0069 Acc: 1.0000
2025-11-24 16:57:06,944 - ResNet18_MNIST_logger - INFO - Epoch 2 [761/1875 (40.6%)] Loss: 0.0176 Acc: 1.0000
2025-11-24 16:57:14,716 - ResNet18_MNIST_logger - INFO - Epoch 2 [771/1875 (41.1%)] Loss: 0.0107 Acc: 1.0000
2025-11-24 16:57:22,391 - ResNet18_MNIST_logger - INFO - Epoch 2 [781/1875 (41.7%)] Loss: 0.0043 Acc: 1.0000
2025-11-24 16:57:30,150 - ResNet18_MNIST_logger - INFO - Epoch 2 [791/1875 (42.2%)] Loss: 0.0011 Acc: 1.0000
2025-11-24 16:57:38,049 - ResNet18_MNIST_logger - INFO - Epoch 2 [801/1875 (42.7%)] Loss: 0.0009 Acc: 1.0000
2025-11-24 16:57:47,115 - ResNet18_MNIST_logger - INFO - Epoch 2 [811/1875 (43.3%)] Loss: 0.0187 Acc: 1.0000
2025-11-24 16:57:55,263 - ResNet18_MNIST_logger - INFO - Epoch 2 [821/1875 (43.8%)] Loss: 0.0630 Acc: 1.0000
2025-11-24 16:58:03,061 - ResNet18_MNIST_logger - INFO - Epoch 2 [831/1875 (44.3%)] Loss: 0.0359 Acc: 0.9688
2025-11-24 16:58:11,304 - ResNet18_MNIST_logger - INFO - Epoch 2 [841/1875 (44.9%)] Loss: 0.0958 Acc: 0.9688
2025-11-24 16:58:20,140 - ResNet18_MNIST_logger - INFO - Epoch 2 [851/1875 (45.4%)] Loss: 0.0571 Acc: 1.0000
2025-11-24 16:58:28,887 - ResNet18_MNIST_logger - INFO - Epoch 2 [861/1875 (45.9%)] Loss: 0.0239 Acc: 1.0000
2025-11-24 16:58:37,179 - ResNet18_MNIST_logger - INFO - Epoch 2 [871/1875 (46.5%)] Loss: 0.0105 Acc: 0.9688
2025-11-24 16:58:45,579 - ResNet18_MNIST_logger - INFO - Epoch 2 [881/1875 (47.0%)] Loss: 0.0173 Acc: 1.0000
2025-11-24 16:58:53,259 - ResNet18_MNIST_logger - INFO - Epoch 2 [891/1875 (47.5%)] Loss: 0.0590 Acc: 1.0000
2025-11-24 16:59:00,931 - ResNet18_MNIST_logger - INFO - Epoch 2 [901/1875 (48.1%)] Loss: 0.1012 Acc: 1.0000
2025-11-24 16:59:08,775 - ResNet18_MNIST_logger - INFO - Epoch 2 [911/1875 (48.6%)] Loss: 0.0311 Acc: 0.9688
2025-11-24 16:59:17,128 - ResNet18_MNIST_logger - INFO - Epoch 2 [921/1875 (49.1%)] Loss: 0.0133 Acc: 1.0000
2025-11-24 16:59:24,487 - ResNet18_MNIST_logger - INFO - Epoch 2 [931/1875 (49.7%)] Loss: 0.0085 Acc: 1.0000
2025-11-24 16:59:32,005 - ResNet18_MNIST_logger - INFO - Epoch 2 [941/1875 (50.2%)] Loss: 0.0460 Acc: 1.0000
2025-11-24 16:59:39,667 - ResNet18_MNIST_logger - INFO - Epoch 2 [951/1875 (50.7%)] Loss: 0.0178 Acc: 1.0000
2025-11-24 16:59:47,327 - ResNet18_MNIST_logger - INFO - Epoch 2 [961/1875 (51.3%)] Loss: 0.0072 Acc: 0.9688
2025-11-24 16:59:54,765 - ResNet18_MNIST_logger - INFO - Epoch 2 [971/1875 (51.8%)] Loss: 0.0096 Acc: 1.0000
2025-11-24 17:00:02,688 - ResNet18_MNIST_logger - INFO - Epoch 2 [981/1875 (52.3%)] Loss: 0.0039 Acc: 1.0000
2025-11-24 17:00:10,160 - ResNet18_MNIST_logger - INFO - Epoch 2 [991/1875 (52.9%)] Loss: 0.0873 Acc: 0.9688
2025-11-24 17:00:17,570 - ResNet18_MNIST_logger - INFO - Epoch 2 [1001/1875 (53.4%)] Loss: 0.0015 Acc: 1.0000
2025-11-24 17:00:24,950 - ResNet18_MNIST_logger - INFO - Epoch 2 [1011/1875 (53.9%)] Loss: 0.0574 Acc: 1.0000
2025-11-24 17:00:32,402 - ResNet18_MNIST_logger - INFO - Epoch 2 [1021/1875 (54.5%)] Loss: 0.0668 Acc: 1.0000
2025-11-24 17:00:39,924 - ResNet18_MNIST_logger - INFO - Epoch 2 [1031/1875 (55.0%)] Loss: 0.0285 Acc: 1.0000
2025-11-24 17:00:47,359 - ResNet18_MNIST_logger - INFO - Epoch 2 [1041/1875 (55.5%)] Loss: 0.0257 Acc: 1.0000
2025-11-24 17:00:55,025 - ResNet18_MNIST_logger - INFO - Epoch 2 [1051/1875 (56.1%)] Loss: 0.0005 Acc: 1.0000
2025-11-24 17:01:02,665 - ResNet18_MNIST_logger - INFO - Epoch 2 [1061/1875 (56.6%)] Loss: 0.0116 Acc: 1.0000
2025-11-24 17:01:10,232 - ResNet18_MNIST_logger - INFO - Epoch 2 [1071/1875 (57.1%)] Loss: 0.0065 Acc: 1.0000
2025-11-24 17:01:18,008 - ResNet18_MNIST_logger - INFO - Epoch 2 [1081/1875 (57.7%)] Loss: 0.1202 Acc: 0.9688
2025-11-24 17:01:25,567 - ResNet18_MNIST_logger - INFO - Epoch 2 [1091/1875 (58.2%)] Loss: 0.0018 Acc: 1.0000
2025-11-24 17:01:32,971 - ResNet18_MNIST_logger - INFO - Epoch 2 [1101/1875 (58.7%)] Loss: 0.2804 Acc: 0.9688
2025-11-24 17:01:40,253 - ResNet18_MNIST_logger - INFO - Epoch 2 [1111/1875 (59.3%)] Loss: 0.1938 Acc: 0.9688
2025-11-24 17:01:47,499 - ResNet18_MNIST_logger - INFO - Epoch 2 [1121/1875 (59.8%)] Loss: 0.1001 Acc: 1.0000
2025-11-24 17:01:54,754 - ResNet18_MNIST_logger - INFO - Epoch 2 [1131/1875 (60.3%)] Loss: 0.0061 Acc: 1.0000
2025-11-24 17:02:02,009 - ResNet18_MNIST_logger - INFO - Epoch 2 [1141/1875 (60.9%)] Loss: 0.1504 Acc: 1.0000
2025-11-24 17:02:09,318 - ResNet18_MNIST_logger - INFO - Epoch 2 [1151/1875 (61.4%)] Loss: 0.0424 Acc: 1.0000
2025-11-24 17:02:17,270 - ResNet18_MNIST_logger - INFO - Epoch 2 [1161/1875 (61.9%)] Loss: 0.0040 Acc: 1.0000
2025-11-24 17:02:24,893 - ResNet18_MNIST_logger - INFO - Epoch 2 [1171/1875 (62.5%)] Loss: 0.1988 Acc: 0.9688
2025-11-24 17:02:32,209 - ResNet18_MNIST_logger - INFO - Epoch 2 [1181/1875 (63.0%)] Loss: 0.0007 Acc: 1.0000
2025-11-24 17:02:39,503 - ResNet18_MNIST_logger - INFO - Epoch 2 [1191/1875 (63.5%)] Loss: 0.1250 Acc: 0.9688
2025-11-24 17:02:46,870 - ResNet18_MNIST_logger - INFO - Epoch 2 [1201/1875 (64.1%)] Loss: 0.1353 Acc: 0.9375
2025-11-24 17:02:54,114 - ResNet18_MNIST_logger - INFO - Epoch 2 [1211/1875 (64.6%)] Loss: 0.0648 Acc: 0.9688
2025-11-24 17:03:01,348 - ResNet18_MNIST_logger - INFO - Epoch 2 [1221/1875 (65.1%)] Loss: 0.0511 Acc: 1.0000
2025-11-24 17:03:08,895 - ResNet18_MNIST_logger - INFO - Epoch 2 [1231/1875 (65.7%)] Loss: 0.0366 Acc: 0.9688
2025-11-24 17:03:16,309 - ResNet18_MNIST_logger - INFO - Epoch 2 [1241/1875 (66.2%)] Loss: 0.4002 Acc: 0.9375
2025-11-24 17:03:23,582 - ResNet18_MNIST_logger - INFO - Epoch 2 [1251/1875 (66.7%)] Loss: 0.0018 Acc: 1.0000
2025-11-24 17:03:30,858 - ResNet18_MNIST_logger - INFO - Epoch 2 [1261/1875 (67.3%)] Loss: 0.0044 Acc: 1.0000
2025-11-24 17:03:38,184 - ResNet18_MNIST_logger - INFO - Epoch 2 [1271/1875 (67.8%)] Loss: 0.0615 Acc: 1.0000
2025-11-24 17:03:45,931 - ResNet18_MNIST_logger - INFO - Epoch 2 [1281/1875 (68.3%)] Loss: 0.0140 Acc: 1.0000
2025-11-24 17:03:53,242 - ResNet18_MNIST_logger - INFO - Epoch 2 [1291/1875 (68.9%)] Loss: 0.0009 Acc: 1.0000
2025-11-24 17:04:00,595 - ResNet18_MNIST_logger - INFO - Epoch 2 [1301/1875 (69.4%)] Loss: 0.0032 Acc: 1.0000
2025-11-24 17:04:08,749 - ResNet18_MNIST_logger - INFO - Epoch 2 [1311/1875 (69.9%)] Loss: 0.0036 Acc: 1.0000
2025-11-24 17:04:16,866 - ResNet18_MNIST_logger - INFO - Epoch 2 [1321/1875 (70.5%)] Loss: 0.0138 Acc: 1.0000
2025-11-24 17:04:24,543 - ResNet18_MNIST_logger - INFO - Epoch 2 [1331/1875 (71.0%)] Loss: 0.0131 Acc: 0.9688
2025-11-24 17:04:31,900 - ResNet18_MNIST_logger - INFO - Epoch 2 [1341/1875 (71.5%)] Loss: 0.0125 Acc: 1.0000
2025-11-24 17:04:39,194 - ResNet18_MNIST_logger - INFO - Epoch 2 [1351/1875 (72.1%)] Loss: 0.0475 Acc: 1.0000
2025-11-24 17:04:46,555 - ResNet18_MNIST_logger - INFO - Epoch 2 [1361/1875 (72.6%)] Loss: 0.0009 Acc: 1.0000
2025-11-24 17:04:53,681 - ResNet18_MNIST_logger - INFO - Epoch 2 [1371/1875 (73.1%)] Loss: 0.0020 Acc: 1.0000
2025-11-24 17:05:00,803 - ResNet18_MNIST_logger - INFO - Epoch 2 [1381/1875 (73.7%)] Loss: 0.0047 Acc: 1.0000
2025-11-24 17:05:07,989 - ResNet18_MNIST_logger - INFO - Epoch 2 [1391/1875 (74.2%)] Loss: 0.0057 Acc: 1.0000
2025-11-24 17:05:15,192 - ResNet18_MNIST_logger - INFO - Epoch 2 [1401/1875 (74.7%)] Loss: 0.0009 Acc: 1.0000
2025-11-24 17:05:22,456 - ResNet18_MNIST_logger - INFO - Epoch 2 [1411/1875 (75.3%)] Loss: 0.0020 Acc: 1.0000
2025-11-24 17:05:29,802 - ResNet18_MNIST_logger - INFO - Epoch 2 [1421/1875 (75.8%)] Loss: 0.0076 Acc: 1.0000
2025-11-24 17:05:37,973 - ResNet18_MNIST_logger - INFO - Epoch 2 [1431/1875 (76.3%)] Loss: 0.0010 Acc: 1.0000
2025-11-24 17:05:45,420 - ResNet18_MNIST_logger - INFO - Epoch 2 [1441/1875 (76.9%)] Loss: 0.0809 Acc: 1.0000
2025-11-24 17:05:52,758 - ResNet18_MNIST_logger - INFO - Epoch 2 [1451/1875 (77.4%)] Loss: 0.0102 Acc: 1.0000
2025-11-24 17:06:00,199 - ResNet18_MNIST_logger - INFO - Epoch 2 [1461/1875 (77.9%)] Loss: 0.0076 Acc: 1.0000
2025-11-24 17:06:07,747 - ResNet18_MNIST_logger - INFO - Epoch 2 [1471/1875 (78.5%)] Loss: 0.0139 Acc: 1.0000
2025-11-24 17:06:15,607 - ResNet18_MNIST_logger - INFO - Epoch 2 [1481/1875 (79.0%)] Loss: 0.1804 Acc: 0.9688
2025-11-24 17:06:23,259 - ResNet18_MNIST_logger - INFO - Epoch 2 [1491/1875 (79.5%)] Loss: 0.0189 Acc: 1.0000
2025-11-24 17:06:30,654 - ResNet18_MNIST_logger - INFO - Epoch 2 [1501/1875 (80.1%)] Loss: 0.0038 Acc: 1.0000
2025-11-24 17:06:38,003 - ResNet18_MNIST_logger - INFO - Epoch 2 [1511/1875 (80.6%)] Loss: 0.0040 Acc: 1.0000
2025-11-24 17:06:45,683 - ResNet18_MNIST_logger - INFO - Epoch 2 [1521/1875 (81.1%)] Loss: 0.0072 Acc: 1.0000
2025-11-24 17:06:53,216 - ResNet18_MNIST_logger - INFO - Epoch 2 [1531/1875 (81.7%)] Loss: 0.3708 Acc: 0.9375
2025-11-24 17:07:00,946 - ResNet18_MNIST_logger - INFO - Epoch 2 [1541/1875 (82.2%)] Loss: 0.0298 Acc: 1.0000
2025-11-24 17:07:08,610 - ResNet18_MNIST_logger - INFO - Epoch 2 [1551/1875 (82.7%)] Loss: 0.1997 Acc: 0.9688
2025-11-24 17:07:16,034 - ResNet18_MNIST_logger - INFO - Epoch 2 [1561/1875 (83.3%)] Loss: 0.0560 Acc: 0.9688
2025-11-24 17:07:23,343 - ResNet18_MNIST_logger - INFO - Epoch 2 [1571/1875 (83.8%)] Loss: 0.0305 Acc: 1.0000
2025-11-24 17:07:30,687 - ResNet18_MNIST_logger - INFO - Epoch 2 [1581/1875 (84.3%)] Loss: 0.0159 Acc: 1.0000
2025-11-24 17:07:38,594 - ResNet18_MNIST_logger - INFO - Epoch 2 [1591/1875 (84.9%)] Loss: 0.0212 Acc: 0.9688
2025-11-24 17:07:45,958 - ResNet18_MNIST_logger - INFO - Epoch 2 [1601/1875 (85.4%)] Loss: 0.0484 Acc: 1.0000
2025-11-24 17:07:53,648 - ResNet18_MNIST_logger - INFO - Epoch 2 [1611/1875 (85.9%)] Loss: 0.0008 Acc: 1.0000
2025-11-24 17:08:01,244 - ResNet18_MNIST_logger - INFO - Epoch 2 [1621/1875 (86.5%)] Loss: 0.0137 Acc: 1.0000
2025-11-24 17:08:08,605 - ResNet18_MNIST_logger - INFO - Epoch 2 [1631/1875 (87.0%)] Loss: 0.2774 Acc: 0.9688
2025-11-24 17:08:15,896 - ResNet18_MNIST_logger - INFO - Epoch 2 [1641/1875 (87.5%)] Loss: 0.0174 Acc: 1.0000
2025-11-24 17:08:23,253 - ResNet18_MNIST_logger - INFO - Epoch 2 [1651/1875 (88.1%)] Loss: 0.0250 Acc: 1.0000
2025-11-24 17:08:30,542 - ResNet18_MNIST_logger - INFO - Epoch 2 [1661/1875 (88.6%)] Loss: 0.1244 Acc: 0.9688
2025-11-24 17:08:37,834 - ResNet18_MNIST_logger - INFO - Epoch 2 [1671/1875 (89.1%)] Loss: 0.1794 Acc: 0.9375
2025-11-24 17:08:45,316 - ResNet18_MNIST_logger - INFO - Epoch 2 [1681/1875 (89.7%)] Loss: 0.0270 Acc: 1.0000
2025-11-24 17:08:52,968 - ResNet18_MNIST_logger - INFO - Epoch 2 [1691/1875 (90.2%)] Loss: 0.0387 Acc: 1.0000
2025-11-24 17:09:00,844 - ResNet18_MNIST_logger - INFO - Epoch 2 [1701/1875 (90.7%)] Loss: 0.0662 Acc: 0.9688
2025-11-24 17:09:09,224 - ResNet18_MNIST_logger - INFO - Epoch 2 [1711/1875 (91.3%)] Loss: 0.0030 Acc: 1.0000
2025-11-24 17:09:16,733 - ResNet18_MNIST_logger - INFO - Epoch 2 [1721/1875 (91.8%)] Loss: 0.0010 Acc: 1.0000
2025-11-24 17:09:24,508 - ResNet18_MNIST_logger - INFO - Epoch 2 [1731/1875 (92.3%)] Loss: 0.0008 Acc: 1.0000
2025-11-24 17:09:32,941 - ResNet18_MNIST_logger - INFO - Epoch 2 [1741/1875 (92.9%)] Loss: 0.0067 Acc: 1.0000
2025-11-24 17:09:40,450 - ResNet18_MNIST_logger - INFO - Epoch 2 [1751/1875 (93.4%)] Loss: 0.0442 Acc: 0.9688
2025-11-24 17:09:48,291 - ResNet18_MNIST_logger - INFO - Epoch 2 [1761/1875 (93.9%)] Loss: 0.0892 Acc: 0.9688
2025-11-24 17:09:55,741 - ResNet18_MNIST_logger - INFO - Epoch 2 [1771/1875 (94.5%)] Loss: 0.0342 Acc: 1.0000
2025-11-24 17:10:03,088 - ResNet18_MNIST_logger - INFO - Epoch 2 [1781/1875 (95.0%)] Loss: 0.0501 Acc: 0.9688
2025-11-24 17:10:10,376 - ResNet18_MNIST_logger - INFO - Epoch 2 [1791/1875 (95.5%)] Loss: 0.0178 Acc: 1.0000
2025-11-24 17:10:17,758 - ResNet18_MNIST_logger - INFO - Epoch 2 [1801/1875 (96.1%)] Loss: 0.0035 Acc: 1.0000
2025-11-24 17:10:25,119 - ResNet18_MNIST_logger - INFO - Epoch 2 [1811/1875 (96.6%)] Loss: 0.1903 Acc: 0.9688
2025-11-24 17:10:32,523 - ResNet18_MNIST_logger - INFO - Epoch 2 [1821/1875 (97.1%)] Loss: 0.0200 Acc: 1.0000
2025-11-24 17:10:39,817 - ResNet18_MNIST_logger - INFO - Epoch 2 [1831/1875 (97.7%)] Loss: 0.1256 Acc: 1.0000
2025-11-24 17:10:47,215 - ResNet18_MNIST_logger - INFO - Epoch 2 [1841/1875 (98.2%)] Loss: 0.0933 Acc: 0.9688
2025-11-24 17:10:55,749 - ResNet18_MNIST_logger - INFO - Epoch 2 [1851/1875 (98.7%)] Loss: 0.0068 Acc: 1.0000
2025-11-24 17:11:48,030 - ResNet18_MNIST_logger - INFO - Epoch 2 [1861/1875 (99.3%)] Loss: 0.1765 Acc: 0.9688
2025-11-24 17:11:58,570 - ResNet18_MNIST_logger - INFO - Epoch 2 [1871/1875 (99.8%)] Loss: 0.1462 Acc: 0.9688
2025-11-24 17:23:46,619 - ResNet18_MNIST_logger - INFO - Epoch   2 | Train Loss: 0.0491 | Train Acc: 0.9894 | Val Loss: 0.0382 | Val Acc: 0.0382
2025-11-24 17:23:47,720 - ResNet18_MNIST_logger - INFO - Epoch 3 [1/1875 (0.1%)] Loss: 0.0081 Acc: 1.0000
2025-11-24 17:23:55,030 - ResNet18_MNIST_logger - INFO - Epoch 3 [11/1875 (0.6%)] Loss: 0.0081 Acc: 1.0000
2025-11-24 17:24:02,365 - ResNet18_MNIST_logger - INFO - Epoch 3 [21/1875 (1.1%)] Loss: 0.0065 Acc: 1.0000
2025-11-24 17:24:09,713 - ResNet18_MNIST_logger - INFO - Epoch 3 [31/1875 (1.7%)] Loss: 0.1032 Acc: 0.9688
2025-11-24 17:24:16,995 - ResNet18_MNIST_logger - INFO - Epoch 3 [41/1875 (2.2%)] Loss: 0.0652 Acc: 0.9688
2025-11-24 17:24:24,263 - ResNet18_MNIST_logger - INFO - Epoch 3 [51/1875 (2.7%)] Loss: 0.0004 Acc: 1.0000
2025-11-24 17:24:31,524 - ResNet18_MNIST_logger - INFO - Epoch 3 [61/1875 (3.3%)] Loss: 0.0056 Acc: 1.0000
2025-11-24 17:24:38,833 - ResNet18_MNIST_logger - INFO - Epoch 3 [71/1875 (3.8%)] Loss: 0.0132 Acc: 0.9688
2025-11-24 17:24:46,150 - ResNet18_MNIST_logger - INFO - Epoch 3 [81/1875 (4.3%)] Loss: 0.0027 Acc: 1.0000
2025-11-24 17:24:53,477 - ResNet18_MNIST_logger - INFO - Epoch 3 [91/1875 (4.9%)] Loss: 0.0408 Acc: 1.0000
2025-11-24 17:25:00,780 - ResNet18_MNIST_logger - INFO - Epoch 3 [101/1875 (5.4%)] Loss: 0.0003 Acc: 1.0000
2025-11-24 17:25:08,081 - ResNet18_MNIST_logger - INFO - Epoch 3 [111/1875 (5.9%)] Loss: 0.0277 Acc: 1.0000
2025-11-24 17:25:15,420 - ResNet18_MNIST_logger - INFO - Epoch 3 [121/1875 (6.5%)] Loss: 0.0035 Acc: 1.0000
2025-11-24 17:25:22,758 - ResNet18_MNIST_logger - INFO - Epoch 3 [131/1875 (7.0%)] Loss: 0.0010 Acc: 1.0000
2025-11-24 17:25:30,141 - ResNet18_MNIST_logger - INFO - Epoch 3 [141/1875 (7.5%)] Loss: 0.0297 Acc: 1.0000
2025-11-24 17:25:37,498 - ResNet18_MNIST_logger - INFO - Epoch 3 [151/1875 (8.1%)] Loss: 0.0103 Acc: 1.0000
2025-11-24 17:25:44,792 - ResNet18_MNIST_logger - INFO - Epoch 3 [161/1875 (8.6%)] Loss: 0.0008 Acc: 1.0000
2025-11-24 17:25:52,169 - ResNet18_MNIST_logger - INFO - Epoch 3 [171/1875 (9.1%)] Loss: 0.0351 Acc: 1.0000
2025-11-24 17:25:59,435 - ResNet18_MNIST_logger - INFO - Epoch 3 [181/1875 (9.7%)] Loss: 0.0596 Acc: 1.0000
2025-11-24 17:26:06,755 - ResNet18_MNIST_logger - INFO - Epoch 3 [191/1875 (10.2%)] Loss: 0.0103 Acc: 0.9688
2025-11-24 17:26:14,055 - ResNet18_MNIST_logger - INFO - Epoch 3 [201/1875 (10.7%)] Loss: 0.0019 Acc: 1.0000
2025-11-24 17:26:21,286 - ResNet18_MNIST_logger - INFO - Epoch 3 [211/1875 (11.3%)] Loss: 0.0726 Acc: 1.0000
2025-11-24 17:26:28,464 - ResNet18_MNIST_logger - INFO - Epoch 3 [221/1875 (11.8%)] Loss: 0.0015 Acc: 1.0000
2025-11-24 17:26:35,707 - ResNet18_MNIST_logger - INFO - Epoch 3 [231/1875 (12.3%)] Loss: 0.0937 Acc: 0.9688
2025-11-24 17:26:42,895 - ResNet18_MNIST_logger - INFO - Epoch 3 [241/1875 (12.9%)] Loss: 0.0616 Acc: 1.0000
2025-11-24 17:26:50,074 - ResNet18_MNIST_logger - INFO - Epoch 3 [251/1875 (13.4%)] Loss: 0.1295 Acc: 0.9375
2025-11-24 17:26:57,244 - ResNet18_MNIST_logger - INFO - Epoch 3 [261/1875 (13.9%)] Loss: 0.0043 Acc: 1.0000
2025-11-24 17:27:04,496 - ResNet18_MNIST_logger - INFO - Epoch 3 [271/1875 (14.5%)] Loss: 0.0014 Acc: 1.0000
2025-11-24 17:27:11,804 - ResNet18_MNIST_logger - INFO - Epoch 3 [281/1875 (15.0%)] Loss: 0.0037 Acc: 1.0000
2025-11-24 17:27:19,141 - ResNet18_MNIST_logger - INFO - Epoch 3 [291/1875 (15.5%)] Loss: 0.0025 Acc: 1.0000
2025-11-24 17:27:26,472 - ResNet18_MNIST_logger - INFO - Epoch 3 [301/1875 (16.1%)] Loss: 0.0876 Acc: 0.9688
2025-11-24 17:27:33,780 - ResNet18_MNIST_logger - INFO - Epoch 3 [311/1875 (16.6%)] Loss: 0.0070 Acc: 1.0000
2025-11-24 17:27:41,087 - ResNet18_MNIST_logger - INFO - Epoch 3 [321/1875 (17.1%)] Loss: 0.0012 Acc: 1.0000
2025-11-24 17:27:48,396 - ResNet18_MNIST_logger - INFO - Epoch 3 [331/1875 (17.7%)] Loss: 0.0218 Acc: 1.0000
2025-11-24 17:27:55,648 - ResNet18_MNIST_logger - INFO - Epoch 3 [341/1875 (18.2%)] Loss: 0.0099 Acc: 1.0000
2025-11-24 17:28:02,977 - ResNet18_MNIST_logger - INFO - Epoch 3 [351/1875 (18.7%)] Loss: 0.0074 Acc: 1.0000
2025-11-24 17:28:10,336 - ResNet18_MNIST_logger - INFO - Epoch 3 [361/1875 (19.3%)] Loss: 0.0008 Acc: 1.0000
2025-11-24 17:28:17,604 - ResNet18_MNIST_logger - INFO - Epoch 3 [371/1875 (19.8%)] Loss: 0.1086 Acc: 0.9688
2025-11-24 17:28:24,926 - ResNet18_MNIST_logger - INFO - Epoch 3 [381/1875 (20.3%)] Loss: 0.0121 Acc: 1.0000
2025-11-24 17:28:32,212 - ResNet18_MNIST_logger - INFO - Epoch 3 [391/1875 (20.9%)] Loss: 0.0627 Acc: 1.0000
2025-11-24 17:28:39,504 - ResNet18_MNIST_logger - INFO - Epoch 3 [401/1875 (21.4%)] Loss: 0.0311 Acc: 1.0000
2025-11-24 17:28:46,849 - ResNet18_MNIST_logger - INFO - Epoch 3 [411/1875 (21.9%)] Loss: 0.1042 Acc: 0.9375
2025-11-24 17:28:54,158 - ResNet18_MNIST_logger - INFO - Epoch 3 [421/1875 (22.5%)] Loss: 0.1055 Acc: 0.9688
2025-11-24 17:29:01,448 - ResNet18_MNIST_logger - INFO - Epoch 3 [431/1875 (23.0%)] Loss: 0.0026 Acc: 1.0000
2025-11-24 17:29:08,770 - ResNet18_MNIST_logger - INFO - Epoch 3 [441/1875 (23.5%)] Loss: 0.1731 Acc: 1.0000
2025-11-24 17:29:16,090 - ResNet18_MNIST_logger - INFO - Epoch 3 [451/1875 (24.1%)] Loss: 0.0246 Acc: 1.0000
2025-11-24 17:29:23,423 - ResNet18_MNIST_logger - INFO - Epoch 3 [461/1875 (24.6%)] Loss: 0.0004 Acc: 1.0000
2025-11-24 17:29:30,728 - ResNet18_MNIST_logger - INFO - Epoch 3 [471/1875 (25.1%)] Loss: 0.0173 Acc: 1.0000
2025-11-24 17:29:38,008 - ResNet18_MNIST_logger - INFO - Epoch 3 [481/1875 (25.7%)] Loss: 0.0016 Acc: 1.0000
2025-11-24 17:29:45,333 - ResNet18_MNIST_logger - INFO - Epoch 3 [491/1875 (26.2%)] Loss: 0.0233 Acc: 1.0000
2025-11-24 17:29:52,698 - ResNet18_MNIST_logger - INFO - Epoch 3 [501/1875 (26.7%)] Loss: 0.0011 Acc: 1.0000
2025-11-24 17:30:00,045 - ResNet18_MNIST_logger - INFO - Epoch 3 [511/1875 (27.3%)] Loss: 0.0461 Acc: 0.9688
2025-11-24 17:30:07,341 - ResNet18_MNIST_logger - INFO - Epoch 3 [521/1875 (27.8%)] Loss: 0.0077 Acc: 1.0000
2025-11-24 17:30:14,676 - ResNet18_MNIST_logger - INFO - Epoch 3 [531/1875 (28.3%)] Loss: 0.0008 Acc: 1.0000
2025-11-24 17:30:21,962 - ResNet18_MNIST_logger - INFO - Epoch 3 [541/1875 (28.9%)] Loss: 0.0045 Acc: 1.0000
2025-11-24 17:30:29,270 - ResNet18_MNIST_logger - INFO - Epoch 3 [551/1875 (29.4%)] Loss: 0.0013 Acc: 1.0000
2025-11-24 17:30:36,521 - ResNet18_MNIST_logger - INFO - Epoch 3 [561/1875 (29.9%)] Loss: 0.0064 Acc: 1.0000
2025-11-24 17:30:43,841 - ResNet18_MNIST_logger - INFO - Epoch 3 [571/1875 (30.5%)] Loss: 0.3744 Acc: 0.9688
2025-11-24 17:30:51,143 - ResNet18_MNIST_logger - INFO - Epoch 3 [581/1875 (31.0%)] Loss: 0.0578 Acc: 0.9688
2025-11-24 17:30:58,461 - ResNet18_MNIST_logger - INFO - Epoch 3 [591/1875 (31.5%)] Loss: 0.0361 Acc: 0.9688
2025-11-24 17:31:05,724 - ResNet18_MNIST_logger - INFO - Epoch 3 [601/1875 (32.1%)] Loss: 0.0703 Acc: 0.9688
2025-11-24 17:31:13,046 - ResNet18_MNIST_logger - INFO - Epoch 3 [611/1875 (32.6%)] Loss: 0.0072 Acc: 1.0000
2025-11-24 17:31:20,344 - ResNet18_MNIST_logger - INFO - Epoch 3 [621/1875 (33.1%)] Loss: 0.0082 Acc: 1.0000
2025-11-24 17:31:27,669 - ResNet18_MNIST_logger - INFO - Epoch 3 [631/1875 (33.7%)] Loss: 0.0096 Acc: 1.0000
2025-11-24 17:31:34,995 - ResNet18_MNIST_logger - INFO - Epoch 3 [641/1875 (34.2%)] Loss: 0.0052 Acc: 1.0000
2025-11-24 17:31:42,289 - ResNet18_MNIST_logger - INFO - Epoch 3 [651/1875 (34.7%)] Loss: 0.0189 Acc: 1.0000
2025-11-24 17:31:49,652 - ResNet18_MNIST_logger - INFO - Epoch 3 [661/1875 (35.3%)] Loss: 0.0298 Acc: 0.9688
2025-11-24 17:31:56,991 - ResNet18_MNIST_logger - INFO - Epoch 3 [671/1875 (35.8%)] Loss: 0.0027 Acc: 1.0000
2025-11-24 17:32:04,321 - ResNet18_MNIST_logger - INFO - Epoch 3 [681/1875 (36.3%)] Loss: 0.0018 Acc: 1.0000
2025-11-24 17:32:11,614 - ResNet18_MNIST_logger - INFO - Epoch 3 [691/1875 (36.9%)] Loss: 0.0310 Acc: 1.0000
2025-11-24 17:32:18,881 - ResNet18_MNIST_logger - INFO - Epoch 3 [701/1875 (37.4%)] Loss: 0.0344 Acc: 1.0000
2025-11-24 17:32:26,189 - ResNet18_MNIST_logger - INFO - Epoch 3 [711/1875 (37.9%)] Loss: 0.0018 Acc: 1.0000
2025-11-24 17:32:33,513 - ResNet18_MNIST_logger - INFO - Epoch 3 [721/1875 (38.5%)] Loss: 0.0017 Acc: 1.0000
2025-11-24 17:32:40,796 - ResNet18_MNIST_logger - INFO - Epoch 3 [731/1875 (39.0%)] Loss: 0.0103 Acc: 1.0000
2025-11-24 17:32:48,117 - ResNet18_MNIST_logger - INFO - Epoch 3 [741/1875 (39.5%)] Loss: 0.0002 Acc: 1.0000
2025-11-24 17:32:55,446 - ResNet18_MNIST_logger - INFO - Epoch 3 [751/1875 (40.1%)] Loss: 0.3131 Acc: 0.9688
2025-11-24 17:33:02,790 - ResNet18_MNIST_logger - INFO - Epoch 3 [761/1875 (40.6%)] Loss: 0.0061 Acc: 1.0000
2025-11-24 17:33:10,118 - ResNet18_MNIST_logger - INFO - Epoch 3 [771/1875 (41.1%)] Loss: 0.1296 Acc: 0.9688
2025-11-24 17:33:17,452 - ResNet18_MNIST_logger - INFO - Epoch 3 [781/1875 (41.7%)] Loss: 0.0022 Acc: 1.0000
2025-11-24 17:33:24,730 - ResNet18_MNIST_logger - INFO - Epoch 3 [791/1875 (42.2%)] Loss: 0.2448 Acc: 0.9688
2025-11-24 17:33:32,065 - ResNet18_MNIST_logger - INFO - Epoch 3 [801/1875 (42.7%)] Loss: 0.0186 Acc: 1.0000
2025-11-24 17:33:39,357 - ResNet18_MNIST_logger - INFO - Epoch 3 [811/1875 (43.3%)] Loss: 0.3234 Acc: 0.9375
2025-11-24 17:33:46,701 - ResNet18_MNIST_logger - INFO - Epoch 3 [821/1875 (43.8%)] Loss: 0.0011 Acc: 1.0000
2025-11-24 17:33:53,967 - ResNet18_MNIST_logger - INFO - Epoch 3 [831/1875 (44.3%)] Loss: 0.0007 Acc: 1.0000
2025-11-24 17:34:01,226 - ResNet18_MNIST_logger - INFO - Epoch 3 [841/1875 (44.9%)] Loss: 0.0895 Acc: 1.0000
2025-11-24 17:34:08,586 - ResNet18_MNIST_logger - INFO - Epoch 3 [851/1875 (45.4%)] Loss: 0.0027 Acc: 1.0000
2025-11-24 17:34:15,896 - ResNet18_MNIST_logger - INFO - Epoch 3 [861/1875 (45.9%)] Loss: 0.0688 Acc: 0.9688
2025-11-24 17:34:23,203 - ResNet18_MNIST_logger - INFO - Epoch 3 [871/1875 (46.5%)] Loss: 0.0026 Acc: 1.0000
2025-11-24 17:34:30,514 - ResNet18_MNIST_logger - INFO - Epoch 3 [881/1875 (47.0%)] Loss: 0.0011 Acc: 1.0000
2025-11-24 17:34:37,939 - ResNet18_MNIST_logger - INFO - Epoch 3 [891/1875 (47.5%)] Loss: 0.0055 Acc: 1.0000
2025-11-24 17:34:45,219 - ResNet18_MNIST_logger - INFO - Epoch 3 [901/1875 (48.1%)] Loss: 0.0540 Acc: 1.0000
2025-11-24 17:34:52,546 - ResNet18_MNIST_logger - INFO - Epoch 3 [911/1875 (48.6%)] Loss: 0.0581 Acc: 0.9688
2025-11-24 17:34:59,823 - ResNet18_MNIST_logger - INFO - Epoch 3 [921/1875 (49.1%)] Loss: 0.0157 Acc: 1.0000
2025-11-24 17:35:07,143 - ResNet18_MNIST_logger - INFO - Epoch 3 [931/1875 (49.7%)] Loss: 0.0214 Acc: 1.0000
2025-11-24 17:35:14,433 - ResNet18_MNIST_logger - INFO - Epoch 3 [941/1875 (50.2%)] Loss: 0.0166 Acc: 1.0000
2025-11-24 17:35:21,692 - ResNet18_MNIST_logger - INFO - Epoch 3 [951/1875 (50.7%)] Loss: 0.0061 Acc: 1.0000
2025-11-24 17:35:28,970 - ResNet18_MNIST_logger - INFO - Epoch 3 [961/1875 (51.3%)] Loss: 0.0228 Acc: 1.0000
2025-11-24 17:35:36,263 - ResNet18_MNIST_logger - INFO - Epoch 3 [971/1875 (51.8%)] Loss: 0.0228 Acc: 1.0000
2025-11-24 17:35:43,541 - ResNet18_MNIST_logger - INFO - Epoch 3 [981/1875 (52.3%)] Loss: 0.0069 Acc: 1.0000
2025-11-24 17:35:50,869 - ResNet18_MNIST_logger - INFO - Epoch 3 [991/1875 (52.9%)] Loss: 0.0011 Acc: 1.0000
2025-11-24 17:35:58,207 - ResNet18_MNIST_logger - INFO - Epoch 3 [1001/1875 (53.4%)] Loss: 0.0279 Acc: 1.0000
2025-11-24 17:36:05,575 - ResNet18_MNIST_logger - INFO - Epoch 3 [1011/1875 (53.9%)] Loss: 0.0006 Acc: 1.0000
2025-11-24 17:36:12,896 - ResNet18_MNIST_logger - INFO - Epoch 3 [1021/1875 (54.5%)] Loss: 0.1115 Acc: 0.9688
2025-11-24 17:36:20,195 - ResNet18_MNIST_logger - INFO - Epoch 3 [1031/1875 (55.0%)] Loss: 0.0083 Acc: 1.0000
2025-11-24 17:36:27,460 - ResNet18_MNIST_logger - INFO - Epoch 3 [1041/1875 (55.5%)] Loss: 0.0026 Acc: 1.0000
2025-11-24 17:36:34,757 - ResNet18_MNIST_logger - INFO - Epoch 3 [1051/1875 (56.1%)] Loss: 0.1530 Acc: 0.9688
2025-11-24 17:36:42,091 - ResNet18_MNIST_logger - INFO - Epoch 3 [1061/1875 (56.6%)] Loss: 0.0118 Acc: 1.0000
2025-11-24 17:36:49,464 - ResNet18_MNIST_logger - INFO - Epoch 3 [1071/1875 (57.1%)] Loss: 0.0044 Acc: 1.0000
2025-11-24 17:36:56,752 - ResNet18_MNIST_logger - INFO - Epoch 3 [1081/1875 (57.7%)] Loss: 0.0394 Acc: 0.9688
2025-11-24 17:37:04,100 - ResNet18_MNIST_logger - INFO - Epoch 3 [1091/1875 (58.2%)] Loss: 0.0051 Acc: 1.0000
2025-11-24 17:37:11,430 - ResNet18_MNIST_logger - INFO - Epoch 3 [1101/1875 (58.7%)] Loss: 0.0154 Acc: 0.9688
2025-11-24 17:37:18,662 - ResNet18_MNIST_logger - INFO - Epoch 3 [1111/1875 (59.3%)] Loss: 0.0030 Acc: 1.0000
2025-11-24 17:37:25,933 - ResNet18_MNIST_logger - INFO - Epoch 3 [1121/1875 (59.8%)] Loss: 0.0025 Acc: 1.0000
2025-11-24 17:37:33,191 - ResNet18_MNIST_logger - INFO - Epoch 3 [1131/1875 (60.3%)] Loss: 0.0544 Acc: 1.0000
2025-11-24 17:37:40,498 - ResNet18_MNIST_logger - INFO - Epoch 3 [1141/1875 (60.9%)] Loss: 0.0775 Acc: 0.9688
2025-11-24 17:37:47,833 - ResNet18_MNIST_logger - INFO - Epoch 3 [1151/1875 (61.4%)] Loss: 0.0073 Acc: 0.9688
2025-11-24 17:37:55,101 - ResNet18_MNIST_logger - INFO - Epoch 3 [1161/1875 (61.9%)] Loss: 0.0028 Acc: 1.0000
2025-11-24 17:38:02,350 - ResNet18_MNIST_logger - INFO - Epoch 3 [1171/1875 (62.5%)] Loss: 0.0008 Acc: 1.0000
2025-11-24 17:38:09,644 - ResNet18_MNIST_logger - INFO - Epoch 3 [1181/1875 (63.0%)] Loss: 0.0351 Acc: 1.0000
2025-11-24 17:38:16,930 - ResNet18_MNIST_logger - INFO - Epoch 3 [1191/1875 (63.5%)] Loss: 0.0272 Acc: 1.0000
2025-11-24 17:38:24,186 - ResNet18_MNIST_logger - INFO - Epoch 3 [1201/1875 (64.1%)] Loss: 0.0009 Acc: 1.0000
2025-11-24 17:38:31,486 - ResNet18_MNIST_logger - INFO - Epoch 3 [1211/1875 (64.6%)] Loss: 0.0059 Acc: 1.0000
2025-11-24 17:38:38,768 - ResNet18_MNIST_logger - INFO - Epoch 3 [1221/1875 (65.1%)] Loss: 0.0094 Acc: 1.0000
2025-11-24 17:38:46,038 - ResNet18_MNIST_logger - INFO - Epoch 3 [1231/1875 (65.7%)] Loss: 0.0007 Acc: 1.0000
2025-11-24 17:38:53,367 - ResNet18_MNIST_logger - INFO - Epoch 3 [1241/1875 (66.2%)] Loss: 0.0216 Acc: 1.0000
2025-11-24 17:39:00,641 - ResNet18_MNIST_logger - INFO - Epoch 3 [1251/1875 (66.7%)] Loss: 0.0025 Acc: 1.0000
2025-11-24 17:39:07,964 - ResNet18_MNIST_logger - INFO - Epoch 3 [1261/1875 (67.3%)] Loss: 0.0026 Acc: 1.0000
2025-11-24 17:39:15,251 - ResNet18_MNIST_logger - INFO - Epoch 3 [1271/1875 (67.8%)] Loss: 0.0404 Acc: 1.0000
2025-11-24 17:39:22,570 - ResNet18_MNIST_logger - INFO - Epoch 3 [1281/1875 (68.3%)] Loss: 0.0032 Acc: 1.0000
2025-11-24 17:39:29,835 - ResNet18_MNIST_logger - INFO - Epoch 3 [1291/1875 (68.9%)] Loss: 0.0102 Acc: 1.0000
2025-11-24 17:39:37,138 - ResNet18_MNIST_logger - INFO - Epoch 3 [1301/1875 (69.4%)] Loss: 0.0652 Acc: 1.0000
2025-11-24 17:39:44,452 - ResNet18_MNIST_logger - INFO - Epoch 3 [1311/1875 (69.9%)] Loss: 0.0008 Acc: 1.0000
2025-11-24 17:39:51,785 - ResNet18_MNIST_logger - INFO - Epoch 3 [1321/1875 (70.5%)] Loss: 0.0043 Acc: 1.0000
2025-11-24 17:39:59,113 - ResNet18_MNIST_logger - INFO - Epoch 3 [1331/1875 (71.0%)] Loss: 0.0029 Acc: 1.0000
2025-11-24 17:40:06,416 - ResNet18_MNIST_logger - INFO - Epoch 3 [1341/1875 (71.5%)] Loss: 0.0015 Acc: 1.0000
2025-11-24 17:40:13,694 - ResNet18_MNIST_logger - INFO - Epoch 3 [1351/1875 (72.1%)] Loss: 0.0138 Acc: 1.0000
2025-11-24 17:40:20,968 - ResNet18_MNIST_logger - INFO - Epoch 3 [1361/1875 (72.6%)] Loss: 0.0006 Acc: 1.0000
2025-11-24 17:40:28,348 - ResNet18_MNIST_logger - INFO - Epoch 3 [1371/1875 (73.1%)] Loss: 0.0839 Acc: 0.9688
2025-11-24 17:40:35,681 - ResNet18_MNIST_logger - INFO - Epoch 3 [1381/1875 (73.7%)] Loss: 0.0120 Acc: 1.0000
2025-11-24 17:40:42,993 - ResNet18_MNIST_logger - INFO - Epoch 3 [1391/1875 (74.2%)] Loss: 0.0392 Acc: 1.0000
2025-11-24 17:40:50,327 - ResNet18_MNIST_logger - INFO - Epoch 3 [1401/1875 (74.7%)] Loss: 0.0052 Acc: 1.0000
2025-11-24 17:40:57,604 - ResNet18_MNIST_logger - INFO - Epoch 3 [1411/1875 (75.3%)] Loss: 0.0202 Acc: 1.0000
2025-11-24 17:41:04,873 - ResNet18_MNIST_logger - INFO - Epoch 3 [1421/1875 (75.8%)] Loss: 0.0730 Acc: 0.9688
2025-11-24 17:41:12,157 - ResNet18_MNIST_logger - INFO - Epoch 3 [1431/1875 (76.3%)] Loss: 0.0052 Acc: 0.9688
2025-11-24 17:41:19,436 - ResNet18_MNIST_logger - INFO - Epoch 3 [1441/1875 (76.9%)] Loss: 0.0025 Acc: 1.0000
2025-11-24 17:41:26,726 - ResNet18_MNIST_logger - INFO - Epoch 3 [1451/1875 (77.4%)] Loss: 0.0113 Acc: 1.0000
2025-11-24 17:41:34,031 - ResNet18_MNIST_logger - INFO - Epoch 3 [1461/1875 (77.9%)] Loss: 0.0150 Acc: 1.0000
2025-11-24 17:41:41,320 - ResNet18_MNIST_logger - INFO - Epoch 3 [1471/1875 (78.5%)] Loss: 0.0552 Acc: 0.9688
2025-11-24 17:41:48,635 - ResNet18_MNIST_logger - INFO - Epoch 3 [1481/1875 (79.0%)] Loss: 0.0036 Acc: 1.0000
2025-11-24 17:41:55,956 - ResNet18_MNIST_logger - INFO - Epoch 3 [1491/1875 (79.5%)] Loss: 0.1028 Acc: 0.9688
2025-11-24 17:42:03,249 - ResNet18_MNIST_logger - INFO - Epoch 3 [1501/1875 (80.1%)] Loss: 0.0276 Acc: 1.0000
2025-11-24 17:42:10,572 - ResNet18_MNIST_logger - INFO - Epoch 3 [1511/1875 (80.6%)] Loss: 0.0011 Acc: 1.0000
2025-11-24 17:42:17,873 - ResNet18_MNIST_logger - INFO - Epoch 3 [1521/1875 (81.1%)] Loss: 0.0070 Acc: 1.0000
2025-11-24 17:42:25,160 - ResNet18_MNIST_logger - INFO - Epoch 3 [1531/1875 (81.7%)] Loss: 0.0040 Acc: 1.0000
2025-11-24 17:42:32,491 - ResNet18_MNIST_logger - INFO - Epoch 3 [1541/1875 (82.2%)] Loss: 0.0051 Acc: 1.0000
2025-11-24 17:42:39,851 - ResNet18_MNIST_logger - INFO - Epoch 3 [1551/1875 (82.7%)] Loss: 0.0025 Acc: 1.0000
2025-11-24 17:42:47,187 - ResNet18_MNIST_logger - INFO - Epoch 3 [1561/1875 (83.3%)] Loss: 0.0009 Acc: 1.0000
2025-11-24 17:42:54,496 - ResNet18_MNIST_logger - INFO - Epoch 3 [1571/1875 (83.8%)] Loss: 0.0014 Acc: 1.0000
2025-11-24 17:43:01,803 - ResNet18_MNIST_logger - INFO - Epoch 3 [1581/1875 (84.3%)] Loss: 0.0008 Acc: 1.0000
2025-11-24 17:43:09,113 - ResNet18_MNIST_logger - INFO - Epoch 3 [1591/1875 (84.9%)] Loss: 0.1528 Acc: 0.9688
2025-11-24 17:43:16,408 - ResNet18_MNIST_logger - INFO - Epoch 3 [1601/1875 (85.4%)] Loss: 0.0012 Acc: 1.0000
2025-11-24 17:43:23,725 - ResNet18_MNIST_logger - INFO - Epoch 3 [1611/1875 (85.9%)] Loss: 0.0009 Acc: 1.0000
2025-11-24 17:43:31,026 - ResNet18_MNIST_logger - INFO - Epoch 3 [1621/1875 (86.5%)] Loss: 0.0065 Acc: 1.0000
2025-11-24 17:43:38,302 - ResNet18_MNIST_logger - INFO - Epoch 3 [1631/1875 (87.0%)] Loss: 0.0051 Acc: 1.0000
2025-11-24 17:43:45,608 - ResNet18_MNIST_logger - INFO - Epoch 3 [1641/1875 (87.5%)] Loss: 0.0029 Acc: 1.0000
2025-11-24 17:43:52,919 - ResNet18_MNIST_logger - INFO - Epoch 3 [1651/1875 (88.1%)] Loss: 0.2052 Acc: 0.9688
2025-11-24 17:44:00,176 - ResNet18_MNIST_logger - INFO - Epoch 3 [1661/1875 (88.6%)] Loss: 0.0101 Acc: 1.0000
2025-11-24 17:44:07,449 - ResNet18_MNIST_logger - INFO - Epoch 3 [1671/1875 (89.1%)] Loss: 0.0110 Acc: 1.0000
2025-11-24 17:44:14,791 - ResNet18_MNIST_logger - INFO - Epoch 3 [1681/1875 (89.7%)] Loss: 0.0038 Acc: 1.0000
2025-11-24 17:44:22,052 - ResNet18_MNIST_logger - INFO - Epoch 3 [1691/1875 (90.2%)] Loss: 0.0443 Acc: 0.9688
2025-11-24 17:44:29,352 - ResNet18_MNIST_logger - INFO - Epoch 3 [1701/1875 (90.7%)] Loss: 0.0251 Acc: 1.0000
2025-11-24 17:44:36,662 - ResNet18_MNIST_logger - INFO - Epoch 3 [1711/1875 (91.3%)] Loss: 0.0064 Acc: 1.0000
2025-11-24 17:44:43,934 - ResNet18_MNIST_logger - INFO - Epoch 3 [1721/1875 (91.8%)] Loss: 0.0065 Acc: 1.0000
2025-11-24 17:44:51,263 - ResNet18_MNIST_logger - INFO - Epoch 3 [1731/1875 (92.3%)] Loss: 0.0088 Acc: 1.0000
2025-11-24 17:44:58,564 - ResNet18_MNIST_logger - INFO - Epoch 3 [1741/1875 (92.9%)] Loss: 0.0642 Acc: 1.0000
2025-11-24 17:45:05,816 - ResNet18_MNIST_logger - INFO - Epoch 3 [1751/1875 (93.4%)] Loss: 0.0312 Acc: 1.0000
2025-11-24 17:45:13,142 - ResNet18_MNIST_logger - INFO - Epoch 3 [1761/1875 (93.9%)] Loss: 0.0043 Acc: 1.0000
2025-11-24 17:45:20,446 - ResNet18_MNIST_logger - INFO - Epoch 3 [1771/1875 (94.5%)] Loss: 0.0233 Acc: 1.0000
2025-11-24 17:45:27,725 - ResNet18_MNIST_logger - INFO - Epoch 3 [1781/1875 (95.0%)] Loss: 0.0020 Acc: 1.0000
2025-11-24 17:45:35,015 - ResNet18_MNIST_logger - INFO - Epoch 3 [1791/1875 (95.5%)] Loss: 0.0263 Acc: 1.0000
2025-11-24 17:45:42,288 - ResNet18_MNIST_logger - INFO - Epoch 3 [1801/1875 (96.1%)] Loss: 0.0250 Acc: 1.0000
2025-11-24 17:45:49,605 - ResNet18_MNIST_logger - INFO - Epoch 3 [1811/1875 (96.6%)] Loss: 0.0671 Acc: 1.0000
2025-11-24 17:45:56,904 - ResNet18_MNIST_logger - INFO - Epoch 3 [1821/1875 (97.1%)] Loss: 0.0426 Acc: 1.0000
2025-11-24 17:46:04,212 - ResNet18_MNIST_logger - INFO - Epoch 3 [1831/1875 (97.7%)] Loss: 0.0033 Acc: 1.0000
2025-11-24 17:46:11,528 - ResNet18_MNIST_logger - INFO - Epoch 3 [1841/1875 (98.2%)] Loss: 0.0078 Acc: 1.0000
2025-11-24 17:46:18,793 - ResNet18_MNIST_logger - INFO - Epoch 3 [1851/1875 (98.7%)] Loss: 0.0363 Acc: 1.0000
2025-11-24 17:46:26,086 - ResNet18_MNIST_logger - INFO - Epoch 3 [1861/1875 (99.3%)] Loss: 0.0783 Acc: 0.9688
2025-11-24 17:46:33,367 - ResNet18_MNIST_logger - INFO - Epoch 3 [1871/1875 (99.8%)] Loss: 0.0078 Acc: 1.0000
2025-11-24 17:58:11,609 - ResNet18_MNIST_logger - INFO - Epoch   3 | Train Loss: 0.0383 | Train Acc: 0.9952 | Val Loss: 0.0209 | Val Acc: 0.0209
2025-11-24 17:58:12,713 - ResNet18_MNIST_logger - INFO - Epoch 4 [1/1875 (0.1%)] Loss: 0.1040 Acc: 1.0000
2025-11-24 17:58:20,149 - ResNet18_MNIST_logger - INFO - Epoch 4 [11/1875 (0.6%)] Loss: 0.0021 Acc: 1.0000
2025-11-24 17:58:27,451 - ResNet18_MNIST_logger - INFO - Epoch 4 [21/1875 (1.1%)] Loss: 0.0318 Acc: 1.0000
2025-11-24 17:58:34,803 - ResNet18_MNIST_logger - INFO - Epoch 4 [31/1875 (1.7%)] Loss: 0.0012 Acc: 1.0000
2025-11-24 17:58:42,199 - ResNet18_MNIST_logger - INFO - Epoch 4 [41/1875 (2.2%)] Loss: 0.0013 Acc: 1.0000
2025-11-24 17:58:49,599 - ResNet18_MNIST_logger - INFO - Epoch 4 [51/1875 (2.7%)] Loss: 0.0157 Acc: 1.0000
2025-11-24 17:58:56,972 - ResNet18_MNIST_logger - INFO - Epoch 4 [61/1875 (3.3%)] Loss: 0.0010 Acc: 1.0000
2025-11-24 17:59:04,369 - ResNet18_MNIST_logger - INFO - Epoch 4 [71/1875 (3.8%)] Loss: 0.0791 Acc: 1.0000
2025-11-24 17:59:11,742 - ResNet18_MNIST_logger - INFO - Epoch 4 [81/1875 (4.3%)] Loss: 0.0128 Acc: 1.0000
2025-11-24 17:59:19,118 - ResNet18_MNIST_logger - INFO - Epoch 4 [91/1875 (4.9%)] Loss: 0.0047 Acc: 1.0000
2025-11-24 17:59:26,547 - ResNet18_MNIST_logger - INFO - Epoch 4 [101/1875 (5.4%)] Loss: 0.0005 Acc: 1.0000
2025-11-24 17:59:33,927 - ResNet18_MNIST_logger - INFO - Epoch 4 [111/1875 (5.9%)] Loss: 0.0071 Acc: 1.0000
2025-11-24 17:59:41,246 - ResNet18_MNIST_logger - INFO - Epoch 4 [121/1875 (6.5%)] Loss: 0.0941 Acc: 1.0000
2025-11-24 17:59:48,703 - ResNet18_MNIST_logger - INFO - Epoch 4 [131/1875 (7.0%)] Loss: 0.0376 Acc: 1.0000
2025-11-24 17:59:56,050 - ResNet18_MNIST_logger - INFO - Epoch 4 [141/1875 (7.5%)] Loss: 0.0188 Acc: 1.0000
2025-11-24 18:00:03,509 - ResNet18_MNIST_logger - INFO - Epoch 4 [151/1875 (8.1%)] Loss: 0.0004 Acc: 1.0000
2025-11-24 18:00:10,894 - ResNet18_MNIST_logger - INFO - Epoch 4 [161/1875 (8.6%)] Loss: 0.0069 Acc: 1.0000
2025-11-24 18:00:18,434 - ResNet18_MNIST_logger - INFO - Epoch 4 [171/1875 (9.1%)] Loss: 0.0074 Acc: 1.0000
2025-11-24 18:00:25,827 - ResNet18_MNIST_logger - INFO - Epoch 4 [181/1875 (9.7%)] Loss: 0.0004 Acc: 1.0000
2025-11-24 18:00:33,210 - ResNet18_MNIST_logger - INFO - Epoch 4 [191/1875 (10.2%)] Loss: 0.0002 Acc: 1.0000
2025-11-24 18:00:40,643 - ResNet18_MNIST_logger - INFO - Epoch 4 [201/1875 (10.7%)] Loss: 0.0318 Acc: 1.0000
2025-11-24 18:00:48,023 - ResNet18_MNIST_logger - INFO - Epoch 4 [211/1875 (11.3%)] Loss: 0.0024 Acc: 1.0000
2025-11-24 18:00:55,423 - ResNet18_MNIST_logger - INFO - Epoch 4 [221/1875 (11.8%)] Loss: 0.0027 Acc: 1.0000
2025-11-24 18:01:02,817 - ResNet18_MNIST_logger - INFO - Epoch 4 [231/1875 (12.3%)] Loss: 0.0711 Acc: 1.0000
2025-11-24 18:01:10,095 - ResNet18_MNIST_logger - INFO - Epoch 4 [241/1875 (12.9%)] Loss: 0.0029 Acc: 1.0000
2025-11-24 18:01:17,445 - ResNet18_MNIST_logger - INFO - Epoch 4 [251/1875 (13.4%)] Loss: 0.0140 Acc: 1.0000
2025-11-24 18:01:24,823 - ResNet18_MNIST_logger - INFO - Epoch 4 [261/1875 (13.9%)] Loss: 0.0046 Acc: 1.0000
2025-11-24 18:01:32,058 - ResNet18_MNIST_logger - INFO - Epoch 4 [271/1875 (14.5%)] Loss: 0.0553 Acc: 1.0000
2025-11-24 18:01:39,365 - ResNet18_MNIST_logger - INFO - Epoch 4 [281/1875 (15.0%)] Loss: 0.0035 Acc: 1.0000
2025-11-24 18:01:46,895 - ResNet18_MNIST_logger - INFO - Epoch 4 [291/1875 (15.5%)] Loss: 0.0005 Acc: 1.0000
2025-11-24 18:01:54,177 - ResNet18_MNIST_logger - INFO - Epoch 4 [301/1875 (16.1%)] Loss: 0.0010 Acc: 1.0000
2025-11-24 18:02:01,441 - ResNet18_MNIST_logger - INFO - Epoch 4 [311/1875 (16.6%)] Loss: 0.0930 Acc: 1.0000
2025-11-24 18:02:08,748 - ResNet18_MNIST_logger - INFO - Epoch 4 [321/1875 (17.1%)] Loss: 0.1410 Acc: 1.0000
2025-11-24 18:02:16,005 - ResNet18_MNIST_logger - INFO - Epoch 4 [331/1875 (17.7%)] Loss: 0.0014 Acc: 1.0000
2025-11-24 18:02:23,304 - ResNet18_MNIST_logger - INFO - Epoch 4 [341/1875 (18.2%)] Loss: 0.0599 Acc: 1.0000
2025-11-24 18:02:30,888 - ResNet18_MNIST_logger - INFO - Epoch 4 [351/1875 (18.7%)] Loss: 0.0102 Acc: 1.0000
2025-11-24 18:02:38,188 - ResNet18_MNIST_logger - INFO - Epoch 4 [361/1875 (19.3%)] Loss: 0.0158 Acc: 1.0000
2025-11-24 18:02:45,478 - ResNet18_MNIST_logger - INFO - Epoch 4 [371/1875 (19.8%)] Loss: 0.0083 Acc: 1.0000
2025-11-24 18:02:52,803 - ResNet18_MNIST_logger - INFO - Epoch 4 [381/1875 (20.3%)] Loss: 0.0496 Acc: 0.9688
2025-11-24 18:03:00,133 - ResNet18_MNIST_logger - INFO - Epoch 4 [391/1875 (20.9%)] Loss: 0.0035 Acc: 1.0000
2025-11-24 18:03:07,460 - ResNet18_MNIST_logger - INFO - Epoch 4 [401/1875 (21.4%)] Loss: 0.0093 Acc: 1.0000
2025-11-24 18:03:14,777 - ResNet18_MNIST_logger - INFO - Epoch 4 [411/1875 (21.9%)] Loss: 0.0353 Acc: 1.0000
2025-11-24 18:03:22,075 - ResNet18_MNIST_logger - INFO - Epoch 4 [421/1875 (22.5%)] Loss: 0.0446 Acc: 1.0000
2025-11-24 18:03:29,388 - ResNet18_MNIST_logger - INFO - Epoch 4 [431/1875 (23.0%)] Loss: 0.0005 Acc: 1.0000
2025-11-24 18:03:36,734 - ResNet18_MNIST_logger - INFO - Epoch 4 [441/1875 (23.5%)] Loss: 0.0007 Acc: 1.0000
2025-11-24 18:03:44,009 - ResNet18_MNIST_logger - INFO - Epoch 4 [451/1875 (24.1%)] Loss: 0.1464 Acc: 1.0000
2025-11-24 18:03:51,332 - ResNet18_MNIST_logger - INFO - Epoch 4 [461/1875 (24.6%)] Loss: 0.0040 Acc: 1.0000
2025-11-24 18:03:58,643 - ResNet18_MNIST_logger - INFO - Epoch 4 [471/1875 (25.1%)] Loss: 0.0006 Acc: 1.0000
2025-11-24 18:04:06,005 - ResNet18_MNIST_logger - INFO - Epoch 4 [481/1875 (25.7%)] Loss: 0.0169 Acc: 1.0000
2025-11-24 18:04:13,347 - ResNet18_MNIST_logger - INFO - Epoch 4 [491/1875 (26.2%)] Loss: 0.0014 Acc: 1.0000
2025-11-24 18:04:20,642 - ResNet18_MNIST_logger - INFO - Epoch 4 [501/1875 (26.7%)] Loss: 0.0185 Acc: 0.9688
2025-11-24 18:04:27,971 - ResNet18_MNIST_logger - INFO - Epoch 4 [511/1875 (27.3%)] Loss: 0.0009 Acc: 1.0000
2025-11-24 18:04:35,215 - ResNet18_MNIST_logger - INFO - Epoch 4 [521/1875 (27.8%)] Loss: 0.0013 Acc: 1.0000
2025-11-24 18:04:42,393 - ResNet18_MNIST_logger - INFO - Epoch 4 [531/1875 (28.3%)] Loss: 0.0467 Acc: 1.0000
2025-11-24 18:04:49,926 - ResNet18_MNIST_logger - INFO - Epoch 4 [541/1875 (28.9%)] Loss: 0.0862 Acc: 1.0000
2025-11-24 18:04:57,263 - ResNet18_MNIST_logger - INFO - Epoch 4 [551/1875 (29.4%)] Loss: 0.0001 Acc: 1.0000
2025-11-24 18:05:04,591 - ResNet18_MNIST_logger - INFO - Epoch 4 [561/1875 (29.9%)] Loss: 0.0073 Acc: 1.0000
2025-11-24 18:05:11,889 - ResNet18_MNIST_logger - INFO - Epoch 4 [571/1875 (30.5%)] Loss: 0.0297 Acc: 1.0000
2025-11-24 18:05:19,214 - ResNet18_MNIST_logger - INFO - Epoch 4 [581/1875 (31.0%)] Loss: 0.0036 Acc: 1.0000
2025-11-24 18:05:26,518 - ResNet18_MNIST_logger - INFO - Epoch 4 [591/1875 (31.5%)] Loss: 0.1822 Acc: 0.9688
2025-11-24 18:05:33,850 - ResNet18_MNIST_logger - INFO - Epoch 4 [601/1875 (32.1%)] Loss: 0.0087 Acc: 1.0000
2025-11-24 18:05:41,180 - ResNet18_MNIST_logger - INFO - Epoch 4 [611/1875 (32.6%)] Loss: 0.0030 Acc: 1.0000
2025-11-24 18:05:48,510 - ResNet18_MNIST_logger - INFO - Epoch 4 [621/1875 (33.1%)] Loss: 0.0124 Acc: 1.0000
2025-11-24 18:05:55,815 - ResNet18_MNIST_logger - INFO - Epoch 4 [631/1875 (33.7%)] Loss: 0.0285 Acc: 1.0000
2025-11-24 18:06:03,130 - ResNet18_MNIST_logger - INFO - Epoch 4 [641/1875 (34.2%)] Loss: 0.0185 Acc: 1.0000
2025-11-24 18:06:10,413 - ResNet18_MNIST_logger - INFO - Epoch 4 [651/1875 (34.7%)] Loss: 0.0012 Acc: 1.0000
2025-11-24 18:06:17,702 - ResNet18_MNIST_logger - INFO - Epoch 4 [661/1875 (35.3%)] Loss: 0.1260 Acc: 0.9375
2025-11-24 18:06:24,955 - ResNet18_MNIST_logger - INFO - Epoch 4 [671/1875 (35.8%)] Loss: 0.0007 Acc: 1.0000
2025-11-24 18:06:32,223 - ResNet18_MNIST_logger - INFO - Epoch 4 [681/1875 (36.3%)] Loss: 0.0012 Acc: 1.0000
2025-11-24 18:06:39,555 - ResNet18_MNIST_logger - INFO - Epoch 4 [691/1875 (36.9%)] Loss: 0.0017 Acc: 1.0000
2025-11-24 18:06:46,937 - ResNet18_MNIST_logger - INFO - Epoch 4 [701/1875 (37.4%)] Loss: 0.0491 Acc: 1.0000
2025-11-24 18:06:54,239 - ResNet18_MNIST_logger - INFO - Epoch 4 [711/1875 (37.9%)] Loss: 0.1274 Acc: 1.0000
2025-11-24 18:07:01,526 - ResNet18_MNIST_logger - INFO - Epoch 4 [721/1875 (38.5%)] Loss: 0.0116 Acc: 1.0000
2025-11-24 18:07:08,898 - ResNet18_MNIST_logger - INFO - Epoch 4 [731/1875 (39.0%)] Loss: 0.0047 Acc: 1.0000
2025-11-24 18:07:16,253 - ResNet18_MNIST_logger - INFO - Epoch 4 [741/1875 (39.5%)] Loss: 0.0004 Acc: 1.0000
2025-11-24 18:07:23,548 - ResNet18_MNIST_logger - INFO - Epoch 4 [751/1875 (40.1%)] Loss: 0.0028 Acc: 1.0000
2025-11-24 18:07:30,846 - ResNet18_MNIST_logger - INFO - Epoch 4 [761/1875 (40.6%)] Loss: 0.0116 Acc: 1.0000
2025-11-24 18:07:38,190 - ResNet18_MNIST_logger - INFO - Epoch 4 [771/1875 (41.1%)] Loss: 0.0123 Acc: 1.0000
2025-11-24 18:07:45,440 - ResNet18_MNIST_logger - INFO - Epoch 4 [781/1875 (41.7%)] Loss: 0.0081 Acc: 1.0000
2025-11-24 18:07:52,785 - ResNet18_MNIST_logger - INFO - Epoch 4 [791/1875 (42.2%)] Loss: 0.0427 Acc: 1.0000
2025-11-24 18:08:00,091 - ResNet18_MNIST_logger - INFO - Epoch 4 [801/1875 (42.7%)] Loss: 0.0007 Acc: 1.0000
2025-11-24 18:08:07,413 - ResNet18_MNIST_logger - INFO - Epoch 4 [811/1875 (43.3%)] Loss: 0.0025 Acc: 1.0000
2025-11-24 18:08:14,712 - ResNet18_MNIST_logger - INFO - Epoch 4 [821/1875 (43.8%)] Loss: 0.0041 Acc: 1.0000
2025-11-24 18:08:22,043 - ResNet18_MNIST_logger - INFO - Epoch 4 [831/1875 (44.3%)] Loss: 0.0391 Acc: 1.0000
2025-11-24 18:08:29,341 - ResNet18_MNIST_logger - INFO - Epoch 4 [841/1875 (44.9%)] Loss: 0.0032 Acc: 1.0000
2025-11-24 18:08:36,655 - ResNet18_MNIST_logger - INFO - Epoch 4 [851/1875 (45.4%)] Loss: 0.0086 Acc: 1.0000
2025-11-24 18:08:43,939 - ResNet18_MNIST_logger - INFO - Epoch 4 [861/1875 (45.9%)] Loss: 0.0003 Acc: 1.0000
2025-11-24 18:08:51,490 - ResNet18_MNIST_logger - INFO - Epoch 4 [871/1875 (46.5%)] Loss: 0.0009 Acc: 1.0000
2025-11-24 18:08:59,281 - ResNet18_MNIST_logger - INFO - Epoch 4 [881/1875 (47.0%)] Loss: 0.0070 Acc: 1.0000
2025-11-24 18:09:06,742 - ResNet18_MNIST_logger - INFO - Epoch 4 [891/1875 (47.5%)] Loss: 0.0661 Acc: 0.9688
2025-11-24 18:09:14,981 - ResNet18_MNIST_logger - INFO - Epoch 4 [901/1875 (48.1%)] Loss: 0.0055 Acc: 1.0000
2025-11-24 18:09:22,854 - ResNet18_MNIST_logger - INFO - Epoch 4 [911/1875 (48.6%)] Loss: 0.0069 Acc: 1.0000
2025-11-24 18:09:30,571 - ResNet18_MNIST_logger - INFO - Epoch 4 [921/1875 (49.1%)] Loss: 0.2073 Acc: 0.9688
2025-11-24 18:09:37,953 - ResNet18_MNIST_logger - INFO - Epoch 4 [931/1875 (49.7%)] Loss: 0.0254 Acc: 1.0000
2025-11-24 18:09:45,233 - ResNet18_MNIST_logger - INFO - Epoch 4 [941/1875 (50.2%)] Loss: 0.0006 Acc: 1.0000
2025-11-24 18:09:52,623 - ResNet18_MNIST_logger - INFO - Epoch 4 [951/1875 (50.7%)] Loss: 0.0277 Acc: 1.0000
2025-11-24 18:10:01,114 - ResNet18_MNIST_logger - INFO - Epoch 4 [961/1875 (51.3%)] Loss: 0.0025 Acc: 1.0000
2025-11-24 18:10:10,027 - ResNet18_MNIST_logger - INFO - Epoch 4 [971/1875 (51.8%)] Loss: 0.0279 Acc: 1.0000
2025-11-24 18:10:18,037 - ResNet18_MNIST_logger - INFO - Epoch 4 [981/1875 (52.3%)] Loss: 0.0100 Acc: 1.0000
2025-11-24 18:10:26,038 - ResNet18_MNIST_logger - INFO - Epoch 4 [991/1875 (52.9%)] Loss: 0.0002 Acc: 1.0000
2025-11-24 18:10:34,015 - ResNet18_MNIST_logger - INFO - Epoch 4 [1001/1875 (53.4%)] Loss: 0.0027 Acc: 1.0000
2025-11-24 18:10:42,225 - ResNet18_MNIST_logger - INFO - Epoch 4 [1011/1875 (53.9%)] Loss: 0.0004 Acc: 1.0000
2025-11-24 18:10:50,145 - ResNet18_MNIST_logger - INFO - Epoch 4 [1021/1875 (54.5%)] Loss: 0.1105 Acc: 1.0000
2025-11-24 18:10:57,833 - ResNet18_MNIST_logger - INFO - Epoch 4 [1031/1875 (55.0%)] Loss: 0.0383 Acc: 1.0000
2025-11-24 18:11:05,507 - ResNet18_MNIST_logger - INFO - Epoch 4 [1041/1875 (55.5%)] Loss: 0.2534 Acc: 0.9688
2025-11-24 18:11:13,387 - ResNet18_MNIST_logger - INFO - Epoch 4 [1051/1875 (56.1%)] Loss: 0.0254 Acc: 1.0000
2025-11-24 18:11:21,379 - ResNet18_MNIST_logger - INFO - Epoch 4 [1061/1875 (56.6%)] Loss: 0.0033 Acc: 1.0000
2025-11-24 18:11:28,853 - ResNet18_MNIST_logger - INFO - Epoch 4 [1071/1875 (57.1%)] Loss: 0.0034 Acc: 1.0000
2025-11-24 18:11:36,264 - ResNet18_MNIST_logger - INFO - Epoch 4 [1081/1875 (57.7%)] Loss: 0.1062 Acc: 0.9688
2025-11-24 18:11:43,860 - ResNet18_MNIST_logger - INFO - Epoch 4 [1091/1875 (58.2%)] Loss: 0.0054 Acc: 1.0000
2025-11-24 18:11:51,398 - ResNet18_MNIST_logger - INFO - Epoch 4 [1101/1875 (58.7%)] Loss: 0.0735 Acc: 0.9688
2025-11-24 18:11:59,831 - ResNet18_MNIST_logger - INFO - Epoch 4 [1111/1875 (59.3%)] Loss: 0.0034 Acc: 1.0000
2025-11-24 18:12:08,075 - ResNet18_MNIST_logger - INFO - Epoch 4 [1121/1875 (59.8%)] Loss: 0.0047 Acc: 1.0000
2025-11-24 18:12:16,208 - ResNet18_MNIST_logger - INFO - Epoch 4 [1131/1875 (60.3%)] Loss: 0.0030 Acc: 1.0000
2025-11-24 18:12:24,243 - ResNet18_MNIST_logger - INFO - Epoch 4 [1141/1875 (60.9%)] Loss: 0.0008 Acc: 1.0000
2025-11-24 18:12:32,352 - ResNet18_MNIST_logger - INFO - Epoch 4 [1151/1875 (61.4%)] Loss: 0.1208 Acc: 0.9688
2025-11-24 18:12:40,053 - ResNet18_MNIST_logger - INFO - Epoch 4 [1161/1875 (61.9%)] Loss: 0.0142 Acc: 1.0000
2025-11-24 18:12:47,753 - ResNet18_MNIST_logger - INFO - Epoch 4 [1171/1875 (62.5%)] Loss: 0.0343 Acc: 1.0000
2025-11-24 18:12:55,201 - ResNet18_MNIST_logger - INFO - Epoch 4 [1181/1875 (63.0%)] Loss: 0.0004 Acc: 1.0000
2025-11-24 18:13:03,021 - ResNet18_MNIST_logger - INFO - Epoch 4 [1191/1875 (63.5%)] Loss: 0.0016 Acc: 1.0000
2025-11-24 18:13:11,140 - ResNet18_MNIST_logger - INFO - Epoch 4 [1201/1875 (64.1%)] Loss: 0.0022 Acc: 1.0000
2025-11-24 18:13:19,143 - ResNet18_MNIST_logger - INFO - Epoch 4 [1211/1875 (64.6%)] Loss: 0.0038 Acc: 1.0000
2025-11-24 18:13:27,176 - ResNet18_MNIST_logger - INFO - Epoch 4 [1221/1875 (65.1%)] Loss: 0.0009 Acc: 1.0000
2025-11-24 18:13:34,810 - ResNet18_MNIST_logger - INFO - Epoch 4 [1231/1875 (65.7%)] Loss: 0.0013 Acc: 1.0000
2025-11-24 18:13:43,130 - ResNet18_MNIST_logger - INFO - Epoch 4 [1241/1875 (66.2%)] Loss: 0.0572 Acc: 1.0000
2025-11-24 18:13:51,015 - ResNet18_MNIST_logger - INFO - Epoch 4 [1251/1875 (66.7%)] Loss: 0.0017 Acc: 1.0000
2025-11-24 18:13:58,694 - ResNet18_MNIST_logger - INFO - Epoch 4 [1261/1875 (67.3%)] Loss: 0.0033 Acc: 1.0000
2025-11-24 18:14:06,294 - ResNet18_MNIST_logger - INFO - Epoch 4 [1271/1875 (67.8%)] Loss: 0.0111 Acc: 1.0000
2025-11-24 18:14:13,882 - ResNet18_MNIST_logger - INFO - Epoch 4 [1281/1875 (68.3%)] Loss: 0.1187 Acc: 0.9688
2025-11-24 18:14:21,614 - ResNet18_MNIST_logger - INFO - Epoch 4 [1291/1875 (68.9%)] Loss: 0.0016 Acc: 1.0000
2025-11-24 18:14:29,021 - ResNet18_MNIST_logger - INFO - Epoch 4 [1301/1875 (69.4%)] Loss: 0.0081 Acc: 1.0000
2025-11-24 18:14:36,446 - ResNet18_MNIST_logger - INFO - Epoch 4 [1311/1875 (69.9%)] Loss: 0.2273 Acc: 0.9688
2025-11-24 18:14:43,873 - ResNet18_MNIST_logger - INFO - Epoch 4 [1321/1875 (70.5%)] Loss: 0.0003 Acc: 1.0000
2025-11-24 18:14:51,360 - ResNet18_MNIST_logger - INFO - Epoch 4 [1331/1875 (71.0%)] Loss: 0.0197 Acc: 1.0000
2025-11-24 18:14:58,824 - ResNet18_MNIST_logger - INFO - Epoch 4 [1341/1875 (71.5%)] Loss: 0.0003 Acc: 1.0000
2025-11-24 18:15:06,227 - ResNet18_MNIST_logger - INFO - Epoch 4 [1351/1875 (72.1%)] Loss: 0.0011 Acc: 1.0000
2025-11-24 18:15:13,685 - ResNet18_MNIST_logger - INFO - Epoch 4 [1361/1875 (72.6%)] Loss: 0.0524 Acc: 0.9688
2025-11-24 18:15:21,146 - ResNet18_MNIST_logger - INFO - Epoch 4 [1371/1875 (73.1%)] Loss: 0.0023 Acc: 1.0000
2025-11-24 18:15:28,579 - ResNet18_MNIST_logger - INFO - Epoch 4 [1381/1875 (73.7%)] Loss: 0.0432 Acc: 1.0000
2025-11-24 18:15:36,116 - ResNet18_MNIST_logger - INFO - Epoch 4 [1391/1875 (74.2%)] Loss: 0.0065 Acc: 1.0000
2025-11-24 18:15:43,583 - ResNet18_MNIST_logger - INFO - Epoch 4 [1401/1875 (74.7%)] Loss: 0.0953 Acc: 1.0000
2025-11-24 18:15:51,422 - ResNet18_MNIST_logger - INFO - Epoch 4 [1411/1875 (75.3%)] Loss: 0.0055 Acc: 1.0000
2025-11-24 18:15:59,059 - ResNet18_MNIST_logger - INFO - Epoch 4 [1421/1875 (75.8%)] Loss: 0.0013 Acc: 1.0000
2025-11-24 18:16:06,606 - ResNet18_MNIST_logger - INFO - Epoch 4 [1431/1875 (76.3%)] Loss: 0.0078 Acc: 1.0000
2025-11-24 18:16:14,081 - ResNet18_MNIST_logger - INFO - Epoch 4 [1441/1875 (76.9%)] Loss: 0.0046 Acc: 0.9688
2025-11-24 18:16:21,698 - ResNet18_MNIST_logger - INFO - Epoch 4 [1451/1875 (77.4%)] Loss: 0.0005 Acc: 1.0000
2025-11-24 18:16:29,196 - ResNet18_MNIST_logger - INFO - Epoch 4 [1461/1875 (77.9%)] Loss: 0.0089 Acc: 1.0000
2025-11-24 18:16:37,213 - ResNet18_MNIST_logger - INFO - Epoch 4 [1471/1875 (78.5%)] Loss: 0.0223 Acc: 1.0000
2025-11-24 18:16:44,617 - ResNet18_MNIST_logger - INFO - Epoch 4 [1481/1875 (79.0%)] Loss: 0.0012 Acc: 1.0000
2025-11-24 18:16:52,066 - ResNet18_MNIST_logger - INFO - Epoch 4 [1491/1875 (79.5%)] Loss: 0.0100 Acc: 1.0000
2025-11-24 18:16:59,556 - ResNet18_MNIST_logger - INFO - Epoch 4 [1501/1875 (80.1%)] Loss: 0.0039 Acc: 1.0000
2025-11-24 18:17:06,978 - ResNet18_MNIST_logger - INFO - Epoch 4 [1511/1875 (80.6%)] Loss: 0.0005 Acc: 1.0000
2025-11-24 18:17:14,390 - ResNet18_MNIST_logger - INFO - Epoch 4 [1521/1875 (81.1%)] Loss: 0.0202 Acc: 1.0000
2025-11-24 18:17:21,811 - ResNet18_MNIST_logger - INFO - Epoch 4 [1531/1875 (81.7%)] Loss: 0.0074 Acc: 1.0000
2025-11-24 18:17:29,272 - ResNet18_MNIST_logger - INFO - Epoch 4 [1541/1875 (82.2%)] Loss: 0.1077 Acc: 1.0000
2025-11-24 18:17:36,886 - ResNet18_MNIST_logger - INFO - Epoch 4 [1551/1875 (82.7%)] Loss: 0.1763 Acc: 0.9688
2025-11-24 18:17:44,428 - ResNet18_MNIST_logger - INFO - Epoch 4 [1561/1875 (83.3%)] Loss: 0.0437 Acc: 1.0000
2025-11-24 18:17:51,946 - ResNet18_MNIST_logger - INFO - Epoch 4 [1571/1875 (83.8%)] Loss: 0.0021 Acc: 1.0000
2025-11-24 18:17:59,418 - ResNet18_MNIST_logger - INFO - Epoch 4 [1581/1875 (84.3%)] Loss: 0.0015 Acc: 1.0000
2025-11-24 18:18:07,260 - ResNet18_MNIST_logger - INFO - Epoch 4 [1591/1875 (84.9%)] Loss: 0.0128 Acc: 1.0000
2025-11-24 18:18:15,393 - ResNet18_MNIST_logger - INFO - Epoch 4 [1601/1875 (85.4%)] Loss: 0.0312 Acc: 1.0000
2025-11-24 18:18:23,286 - ResNet18_MNIST_logger - INFO - Epoch 4 [1611/1875 (85.9%)] Loss: 0.0066 Acc: 1.0000
2025-11-24 18:18:31,166 - ResNet18_MNIST_logger - INFO - Epoch 4 [1621/1875 (86.5%)] Loss: 0.0038 Acc: 1.0000
2025-11-24 18:18:38,662 - ResNet18_MNIST_logger - INFO - Epoch 4 [1631/1875 (87.0%)] Loss: 0.0031 Acc: 1.0000
2025-11-24 18:18:46,430 - ResNet18_MNIST_logger - INFO - Epoch 4 [1641/1875 (87.5%)] Loss: 0.0021 Acc: 1.0000
2025-11-24 18:18:54,004 - ResNet18_MNIST_logger - INFO - Epoch 4 [1651/1875 (88.1%)] Loss: 0.0020 Acc: 1.0000
2025-11-24 18:19:01,769 - ResNet18_MNIST_logger - INFO - Epoch 4 [1661/1875 (88.6%)] Loss: 0.0931 Acc: 1.0000
2025-11-24 18:19:09,549 - ResNet18_MNIST_logger - INFO - Epoch 4 [1671/1875 (89.1%)] Loss: 0.0058 Acc: 1.0000
2025-11-24 18:19:17,702 - ResNet18_MNIST_logger - INFO - Epoch 4 [1681/1875 (89.7%)] Loss: 0.0034 Acc: 1.0000
2025-11-24 18:19:25,252 - ResNet18_MNIST_logger - INFO - Epoch 4 [1691/1875 (90.2%)] Loss: 0.0390 Acc: 1.0000
2025-11-24 18:19:32,726 - ResNet18_MNIST_logger - INFO - Epoch 4 [1701/1875 (90.7%)] Loss: 0.0004 Acc: 1.0000
2025-11-24 18:19:40,364 - ResNet18_MNIST_logger - INFO - Epoch 4 [1711/1875 (91.3%)] Loss: 0.0676 Acc: 0.9688
2025-11-24 18:19:47,908 - ResNet18_MNIST_logger - INFO - Epoch 4 [1721/1875 (91.8%)] Loss: 0.0003 Acc: 1.0000
2025-11-24 18:19:55,431 - ResNet18_MNIST_logger - INFO - Epoch 4 [1731/1875 (92.3%)] Loss: 0.0012 Acc: 1.0000
2025-11-24 18:20:03,291 - ResNet18_MNIST_logger - INFO - Epoch 4 [1741/1875 (92.9%)] Loss: 0.0241 Acc: 1.0000
2025-11-24 18:20:10,980 - ResNet18_MNIST_logger - INFO - Epoch 4 [1751/1875 (93.4%)] Loss: 0.0019 Acc: 1.0000
2025-11-24 18:20:18,682 - ResNet18_MNIST_logger - INFO - Epoch 4 [1761/1875 (93.9%)] Loss: 0.0190 Acc: 1.0000
2025-11-24 18:20:26,208 - ResNet18_MNIST_logger - INFO - Epoch 4 [1771/1875 (94.5%)] Loss: 0.0128 Acc: 1.0000
2025-11-24 18:20:33,825 - ResNet18_MNIST_logger - INFO - Epoch 4 [1781/1875 (95.0%)] Loss: 0.0084 Acc: 1.0000
2025-11-24 18:20:41,783 - ResNet18_MNIST_logger - INFO - Epoch 4 [1791/1875 (95.5%)] Loss: 0.0090 Acc: 1.0000
2025-11-24 18:20:49,423 - ResNet18_MNIST_logger - INFO - Epoch 4 [1801/1875 (96.1%)] Loss: 0.0002 Acc: 1.0000
2025-11-24 18:20:56,939 - ResNet18_MNIST_logger - INFO - Epoch 4 [1811/1875 (96.6%)] Loss: 0.0019 Acc: 1.0000
2025-11-24 18:21:04,629 - ResNet18_MNIST_logger - INFO - Epoch 4 [1821/1875 (97.1%)] Loss: 0.0004 Acc: 1.0000
2025-11-24 18:21:12,148 - ResNet18_MNIST_logger - INFO - Epoch 4 [1831/1875 (97.7%)] Loss: 0.0113 Acc: 1.0000
2025-11-24 18:21:20,575 - ResNet18_MNIST_logger - INFO - Epoch 4 [1841/1875 (98.2%)] Loss: 0.0489 Acc: 1.0000
2025-11-24 18:21:28,323 - ResNet18_MNIST_logger - INFO - Epoch 4 [1851/1875 (98.7%)] Loss: 0.0022 Acc: 1.0000
2025-11-24 18:21:36,057 - ResNet18_MNIST_logger - INFO - Epoch 4 [1861/1875 (99.3%)] Loss: 0.0010 Acc: 0.9688
2025-11-24 18:21:44,653 - ResNet18_MNIST_logger - INFO - Epoch 4 [1871/1875 (99.8%)] Loss: 0.0340 Acc: 1.0000
2025-11-24 18:33:43,607 - ResNet18_MNIST_logger - INFO - Epoch   4 | Train Loss: 0.0295 | Train Acc: 0.9929 | Val Loss: 0.0318 | Val Acc: 0.0318
2025-11-24 18:33:44,704 - ResNet18_MNIST_logger - INFO - Epoch 5 [1/1875 (0.1%)] Loss: 0.0343 Acc: 1.0000
2025-11-24 18:33:52,127 - ResNet18_MNIST_logger - INFO - Epoch 5 [11/1875 (0.6%)] Loss: 0.0017 Acc: 1.0000
2025-11-24 18:33:59,523 - ResNet18_MNIST_logger - INFO - Epoch 5 [21/1875 (1.1%)] Loss: 0.0005 Acc: 1.0000
2025-11-24 18:34:07,182 - ResNet18_MNIST_logger - INFO - Epoch 5 [31/1875 (1.7%)] Loss: 0.0296 Acc: 1.0000
2025-11-24 18:34:14,605 - ResNet18_MNIST_logger - INFO - Epoch 5 [41/1875 (2.2%)] Loss: 0.0001 Acc: 1.0000
2025-11-24 18:34:22,084 - ResNet18_MNIST_logger - INFO - Epoch 5 [51/1875 (2.7%)] Loss: 0.0400 Acc: 1.0000
2025-11-24 18:34:29,761 - ResNet18_MNIST_logger - INFO - Epoch 5 [61/1875 (3.3%)] Loss: 0.0111 Acc: 1.0000
2025-11-24 18:34:37,179 - ResNet18_MNIST_logger - INFO - Epoch 5 [71/1875 (3.8%)] Loss: 0.0001 Acc: 1.0000
2025-11-24 18:34:44,779 - ResNet18_MNIST_logger - INFO - Epoch 5 [81/1875 (4.3%)] Loss: 0.0074 Acc: 1.0000
2025-11-24 18:34:52,751 - ResNet18_MNIST_logger - INFO - Epoch 5 [91/1875 (4.9%)] Loss: 0.0003 Acc: 1.0000
2025-11-24 18:35:00,265 - ResNet18_MNIST_logger - INFO - Epoch 5 [101/1875 (5.4%)] Loss: 0.2685 Acc: 0.9688
2025-11-24 18:35:07,694 - ResNet18_MNIST_logger - INFO - Epoch 5 [111/1875 (5.9%)] Loss: 0.0066 Acc: 1.0000
2025-11-24 18:35:15,129 - ResNet18_MNIST_logger - INFO - Epoch 5 [121/1875 (6.5%)] Loss: 0.0010 Acc: 1.0000
2025-11-24 18:35:22,681 - ResNet18_MNIST_logger - INFO - Epoch 5 [131/1875 (7.0%)] Loss: 0.0027 Acc: 1.0000
2025-11-24 18:35:30,315 - ResNet18_MNIST_logger - INFO - Epoch 5 [141/1875 (7.5%)] Loss: 0.0091 Acc: 1.0000
2025-11-24 18:35:37,713 - ResNet18_MNIST_logger - INFO - Epoch 5 [151/1875 (8.1%)] Loss: 0.0210 Acc: 1.0000
2025-11-24 18:35:45,190 - ResNet18_MNIST_logger - INFO - Epoch 5 [161/1875 (8.6%)] Loss: 0.0418 Acc: 1.0000
2025-11-24 18:35:52,590 - ResNet18_MNIST_logger - INFO - Epoch 5 [171/1875 (9.1%)] Loss: 0.0584 Acc: 0.9375
2025-11-24 18:36:00,010 - ResNet18_MNIST_logger - INFO - Epoch 5 [181/1875 (9.7%)] Loss: 0.0047 Acc: 1.0000
2025-11-24 18:36:07,765 - ResNet18_MNIST_logger - INFO - Epoch 5 [191/1875 (10.2%)] Loss: 0.0018 Acc: 1.0000
2025-11-24 18:36:15,408 - ResNet18_MNIST_logger - INFO - Epoch 5 [201/1875 (10.7%)] Loss: 0.0003 Acc: 1.0000
2025-11-24 18:36:22,850 - ResNet18_MNIST_logger - INFO - Epoch 5 [211/1875 (11.3%)] Loss: 0.0001 Acc: 1.0000
2025-11-24 18:36:30,283 - ResNet18_MNIST_logger - INFO - Epoch 5 [221/1875 (11.8%)] Loss: 0.0208 Acc: 1.0000
2025-11-24 18:36:37,700 - ResNet18_MNIST_logger - INFO - Epoch 5 [231/1875 (12.3%)] Loss: 0.0040 Acc: 1.0000
2025-11-24 18:36:45,165 - ResNet18_MNIST_logger - INFO - Epoch 5 [241/1875 (12.9%)] Loss: 0.0095 Acc: 1.0000
2025-11-24 18:36:52,785 - ResNet18_MNIST_logger - INFO - Epoch 5 [251/1875 (13.4%)] Loss: 0.0031 Acc: 1.0000
2025-11-24 18:37:00,283 - ResNet18_MNIST_logger - INFO - Epoch 5 [261/1875 (13.9%)] Loss: 0.0001 Acc: 1.0000
2025-11-24 18:37:07,730 - ResNet18_MNIST_logger - INFO - Epoch 5 [271/1875 (14.5%)] Loss: 0.0110 Acc: 1.0000
2025-11-24 18:37:16,314 - ResNet18_MNIST_logger - INFO - Epoch 5 [281/1875 (15.0%)] Loss: 0.0028 Acc: 1.0000
2025-11-24 18:37:23,904 - ResNet18_MNIST_logger - INFO - Epoch 5 [291/1875 (15.5%)] Loss: 0.0404 Acc: 1.0000
2025-11-24 18:37:31,402 - ResNet18_MNIST_logger - INFO - Epoch 5 [301/1875 (16.1%)] Loss: 0.0876 Acc: 1.0000
2025-11-24 18:37:38,946 - ResNet18_MNIST_logger - INFO - Epoch 5 [311/1875 (16.6%)] Loss: 0.0083 Acc: 1.0000
2025-11-24 18:37:46,493 - ResNet18_MNIST_logger - INFO - Epoch 5 [321/1875 (17.1%)] Loss: 0.0005 Acc: 1.0000
2025-11-24 18:37:53,975 - ResNet18_MNIST_logger - INFO - Epoch 5 [331/1875 (17.7%)] Loss: 0.0081 Acc: 1.0000
2025-11-24 18:38:01,910 - ResNet18_MNIST_logger - INFO - Epoch 5 [341/1875 (18.2%)] Loss: 0.0005 Acc: 1.0000
2025-11-24 18:38:09,918 - ResNet18_MNIST_logger - INFO - Epoch 5 [351/1875 (18.7%)] Loss: 0.0116 Acc: 1.0000
2025-11-24 18:38:18,638 - ResNet18_MNIST_logger - INFO - Epoch 5 [361/1875 (19.3%)] Loss: 0.0023 Acc: 1.0000
2025-11-24 18:38:26,163 - ResNet18_MNIST_logger - INFO - Epoch 5 [371/1875 (19.8%)] Loss: 0.0005 Acc: 1.0000
2025-11-24 18:38:33,811 - ResNet18_MNIST_logger - INFO - Epoch 5 [381/1875 (20.3%)] Loss: 0.0067 Acc: 1.0000
2025-11-24 18:38:41,292 - ResNet18_MNIST_logger - INFO - Epoch 5 [391/1875 (20.9%)] Loss: 0.0077 Acc: 1.0000
2025-11-24 18:38:48,887 - ResNet18_MNIST_logger - INFO - Epoch 5 [401/1875 (21.4%)] Loss: 0.0148 Acc: 1.0000
2025-11-24 18:38:56,472 - ResNet18_MNIST_logger - INFO - Epoch 5 [411/1875 (21.9%)] Loss: 0.1689 Acc: 0.9688
2025-11-24 18:39:04,010 - ResNet18_MNIST_logger - INFO - Epoch 5 [421/1875 (22.5%)] Loss: 0.0049 Acc: 1.0000
2025-11-24 18:39:11,567 - ResNet18_MNIST_logger - INFO - Epoch 5 [431/1875 (23.0%)] Loss: 0.0038 Acc: 1.0000
2025-11-24 18:39:19,014 - ResNet18_MNIST_logger - INFO - Epoch 5 [441/1875 (23.5%)] Loss: 0.0012 Acc: 1.0000
2025-11-24 18:39:26,433 - ResNet18_MNIST_logger - INFO - Epoch 5 [451/1875 (24.1%)] Loss: 0.0043 Acc: 1.0000
2025-11-24 18:39:33,910 - ResNet18_MNIST_logger - INFO - Epoch 5 [461/1875 (24.6%)] Loss: 0.0085 Acc: 1.0000
2025-11-24 18:39:41,723 - ResNet18_MNIST_logger - INFO - Epoch 5 [471/1875 (25.1%)] Loss: 0.0460 Acc: 1.0000
2025-11-24 18:39:49,406 - ResNet18_MNIST_logger - INFO - Epoch 5 [481/1875 (25.7%)] Loss: 0.0251 Acc: 1.0000
2025-11-24 18:39:57,316 - ResNet18_MNIST_logger - INFO - Epoch 5 [491/1875 (26.2%)] Loss: 0.0234 Acc: 1.0000
2025-11-24 18:40:05,141 - ResNet18_MNIST_logger - INFO - Epoch 5 [501/1875 (26.7%)] Loss: 0.0005 Acc: 1.0000
2025-11-24 18:40:12,696 - ResNet18_MNIST_logger - INFO - Epoch 5 [511/1875 (27.3%)] Loss: 0.0013 Acc: 1.0000
2025-11-24 18:40:20,407 - ResNet18_MNIST_logger - INFO - Epoch 5 [521/1875 (27.8%)] Loss: 0.0012 Acc: 1.0000
2025-11-24 18:40:29,186 - ResNet18_MNIST_logger - INFO - Epoch 5 [531/1875 (28.3%)] Loss: 0.0033 Acc: 1.0000
2025-11-24 18:40:36,583 - ResNet18_MNIST_logger - INFO - Epoch 5 [541/1875 (28.9%)] Loss: 0.0028 Acc: 1.0000
2025-11-24 18:40:43,904 - ResNet18_MNIST_logger - INFO - Epoch 5 [551/1875 (29.4%)] Loss: 0.0008 Acc: 1.0000
2025-11-24 18:40:51,313 - ResNet18_MNIST_logger - INFO - Epoch 5 [561/1875 (29.9%)] Loss: 0.0048 Acc: 1.0000
2025-11-24 18:40:58,749 - ResNet18_MNIST_logger - INFO - Epoch 5 [571/1875 (30.5%)] Loss: 0.0010 Acc: 1.0000
2025-11-24 18:41:06,391 - ResNet18_MNIST_logger - INFO - Epoch 5 [581/1875 (31.0%)] Loss: 0.0031 Acc: 1.0000
2025-11-24 18:41:13,833 - ResNet18_MNIST_logger - INFO - Epoch 5 [591/1875 (31.5%)] Loss: 0.0707 Acc: 0.9688
2025-11-24 18:41:21,309 - ResNet18_MNIST_logger - INFO - Epoch 5 [601/1875 (32.1%)] Loss: 0.0385 Acc: 1.0000
2025-11-24 18:41:28,919 - ResNet18_MNIST_logger - INFO - Epoch 5 [611/1875 (32.6%)] Loss: 0.0005 Acc: 1.0000
2025-11-24 18:41:36,465 - ResNet18_MNIST_logger - INFO - Epoch 5 [621/1875 (33.1%)] Loss: 0.0598 Acc: 1.0000
2025-11-24 18:41:44,493 - ResNet18_MNIST_logger - INFO - Epoch 5 [631/1875 (33.7%)] Loss: 0.0003 Acc: 1.0000
2025-11-24 18:41:52,819 - ResNet18_MNIST_logger - INFO - Epoch 5 [641/1875 (34.2%)] Loss: 0.0096 Acc: 1.0000
2025-11-24 18:42:00,964 - ResNet18_MNIST_logger - INFO - Epoch 5 [651/1875 (34.7%)] Loss: 0.0003 Acc: 1.0000
2025-11-24 18:42:09,872 - ResNet18_MNIST_logger - INFO - Epoch 5 [661/1875 (35.3%)] Loss: 0.0009 Acc: 1.0000
2025-11-24 18:42:17,381 - ResNet18_MNIST_logger - INFO - Epoch 5 [671/1875 (35.8%)] Loss: 0.0000 Acc: 1.0000
2025-11-24 18:42:24,811 - ResNet18_MNIST_logger - INFO - Epoch 5 [681/1875 (36.3%)] Loss: 0.0002 Acc: 1.0000
2025-11-24 18:42:32,266 - ResNet18_MNIST_logger - INFO - Epoch 5 [691/1875 (36.9%)] Loss: 0.0173 Acc: 1.0000
2025-11-24 18:42:39,680 - ResNet18_MNIST_logger - INFO - Epoch 5 [701/1875 (37.4%)] Loss: 0.0596 Acc: 1.0000
2025-11-24 18:42:47,288 - ResNet18_MNIST_logger - INFO - Epoch 5 [711/1875 (37.9%)] Loss: 0.0009 Acc: 1.0000
2025-11-24 18:42:54,776 - ResNet18_MNIST_logger - INFO - Epoch 5 [721/1875 (38.5%)] Loss: 0.0120 Acc: 1.0000
2025-11-24 18:43:02,312 - ResNet18_MNIST_logger - INFO - Epoch 5 [731/1875 (39.0%)] Loss: 0.0358 Acc: 1.0000
2025-11-24 18:43:10,356 - ResNet18_MNIST_logger - INFO - Epoch 5 [741/1875 (39.5%)] Loss: 0.0008 Acc: 1.0000
2025-11-24 18:43:18,149 - ResNet18_MNIST_logger - INFO - Epoch 5 [751/1875 (40.1%)] Loss: 0.0035 Acc: 1.0000
2025-11-24 18:43:25,774 - ResNet18_MNIST_logger - INFO - Epoch 5 [761/1875 (40.6%)] Loss: 0.0128 Acc: 1.0000
2025-11-24 18:43:33,144 - ResNet18_MNIST_logger - INFO - Epoch 5 [771/1875 (41.1%)] Loss: 0.0021 Acc: 1.0000
2025-11-24 18:43:40,851 - ResNet18_MNIST_logger - INFO - Epoch 5 [781/1875 (41.7%)] Loss: 0.0038 Acc: 1.0000
2025-11-24 18:43:48,511 - ResNet18_MNIST_logger - INFO - Epoch 5 [791/1875 (42.2%)] Loss: 0.0060 Acc: 1.0000
2025-11-24 18:43:55,934 - ResNet18_MNIST_logger - INFO - Epoch 5 [801/1875 (42.7%)] Loss: 0.0011 Acc: 1.0000
2025-11-24 18:44:03,312 - ResNet18_MNIST_logger - INFO - Epoch 5 [811/1875 (43.3%)] Loss: 0.0003 Acc: 1.0000
2025-11-24 18:44:10,679 - ResNet18_MNIST_logger - INFO - Epoch 5 [821/1875 (43.8%)] Loss: 0.0786 Acc: 0.9688
2025-11-24 18:44:18,068 - ResNet18_MNIST_logger - INFO - Epoch 5 [831/1875 (44.3%)] Loss: 0.0006 Acc: 1.0000
2025-11-24 18:44:25,455 - ResNet18_MNIST_logger - INFO - Epoch 5 [841/1875 (44.9%)] Loss: 0.0009 Acc: 1.0000
2025-11-24 18:44:32,894 - ResNet18_MNIST_logger - INFO - Epoch 5 [851/1875 (45.4%)] Loss: 0.0017 Acc: 1.0000
2025-11-24 18:44:40,277 - ResNet18_MNIST_logger - INFO - Epoch 5 [861/1875 (45.9%)] Loss: 0.0006 Acc: 1.0000
2025-11-24 18:44:47,692 - ResNet18_MNIST_logger - INFO - Epoch 5 [871/1875 (46.5%)] Loss: 0.0212 Acc: 1.0000
2025-11-24 18:44:55,067 - ResNet18_MNIST_logger - INFO - Epoch 5 [881/1875 (47.0%)] Loss: 0.0592 Acc: 1.0000
2025-11-24 18:45:02,555 - ResNet18_MNIST_logger - INFO - Epoch 5 [891/1875 (47.5%)] Loss: 0.0004 Acc: 1.0000
2025-11-24 18:45:09,964 - ResNet18_MNIST_logger - INFO - Epoch 5 [901/1875 (48.1%)] Loss: 0.0005 Acc: 1.0000
2025-11-24 18:45:17,562 - ResNet18_MNIST_logger - INFO - Epoch 5 [911/1875 (48.6%)] Loss: 0.0051 Acc: 1.0000
2025-11-24 18:45:24,971 - ResNet18_MNIST_logger - INFO - Epoch 5 [921/1875 (49.1%)] Loss: 0.0021 Acc: 1.0000
2025-11-24 18:45:32,415 - ResNet18_MNIST_logger - INFO - Epoch 5 [931/1875 (49.7%)] Loss: 0.0004 Acc: 1.0000
2025-11-24 18:45:39,859 - ResNet18_MNIST_logger - INFO - Epoch 5 [941/1875 (50.2%)] Loss: 0.2521 Acc: 0.9688
2025-11-24 18:45:47,271 - ResNet18_MNIST_logger - INFO - Epoch 5 [951/1875 (50.7%)] Loss: 0.0706 Acc: 1.0000
2025-11-24 18:45:54,678 - ResNet18_MNIST_logger - INFO - Epoch 5 [961/1875 (51.3%)] Loss: 0.0190 Acc: 1.0000
2025-11-24 18:46:02,062 - ResNet18_MNIST_logger - INFO - Epoch 5 [971/1875 (51.8%)] Loss: 0.0235 Acc: 1.0000
2025-11-24 18:46:09,482 - ResNet18_MNIST_logger - INFO - Epoch 5 [981/1875 (52.3%)] Loss: 0.0001 Acc: 1.0000
2025-11-24 18:46:16,913 - ResNet18_MNIST_logger - INFO - Epoch 5 [991/1875 (52.9%)] Loss: 0.0045 Acc: 1.0000
2025-11-24 18:46:24,334 - ResNet18_MNIST_logger - INFO - Epoch 5 [1001/1875 (53.4%)] Loss: 0.0002 Acc: 1.0000
2025-11-24 18:46:31,759 - ResNet18_MNIST_logger - INFO - Epoch 5 [1011/1875 (53.9%)] Loss: 0.0039 Acc: 1.0000
2025-11-24 18:46:39,173 - ResNet18_MNIST_logger - INFO - Epoch 5 [1021/1875 (54.5%)] Loss: 0.0043 Acc: 1.0000
2025-11-24 18:46:46,625 - ResNet18_MNIST_logger - INFO - Epoch 5 [1031/1875 (55.0%)] Loss: 0.0021 Acc: 1.0000
2025-11-24 18:46:54,030 - ResNet18_MNIST_logger - INFO - Epoch 5 [1041/1875 (55.5%)] Loss: 0.0064 Acc: 1.0000
2025-11-24 18:47:01,418 - ResNet18_MNIST_logger - INFO - Epoch 5 [1051/1875 (56.1%)] Loss: 0.0054 Acc: 1.0000
2025-11-24 18:47:08,835 - ResNet18_MNIST_logger - INFO - Epoch 5 [1061/1875 (56.6%)] Loss: 0.0001 Acc: 1.0000
2025-11-24 18:47:16,272 - ResNet18_MNIST_logger - INFO - Epoch 5 [1071/1875 (57.1%)] Loss: 0.1728 Acc: 0.9375
2025-11-24 18:47:23,729 - ResNet18_MNIST_logger - INFO - Epoch 5 [1081/1875 (57.7%)] Loss: 0.0020 Acc: 1.0000
2025-11-24 18:47:31,190 - ResNet18_MNIST_logger - INFO - Epoch 5 [1091/1875 (58.2%)] Loss: 0.0274 Acc: 1.0000
2025-11-24 18:47:38,619 - ResNet18_MNIST_logger - INFO - Epoch 5 [1101/1875 (58.7%)] Loss: 0.0004 Acc: 1.0000
2025-11-24 18:47:46,036 - ResNet18_MNIST_logger - INFO - Epoch 5 [1111/1875 (59.3%)] Loss: 0.0002 Acc: 1.0000
2025-11-24 18:47:53,447 - ResNet18_MNIST_logger - INFO - Epoch 5 [1121/1875 (59.8%)] Loss: 0.0295 Acc: 1.0000
2025-11-24 18:48:00,857 - ResNet18_MNIST_logger - INFO - Epoch 5 [1131/1875 (60.3%)] Loss: 0.0252 Acc: 1.0000
2025-11-24 18:48:08,232 - ResNet18_MNIST_logger - INFO - Epoch 5 [1141/1875 (60.9%)] Loss: 0.0012 Acc: 1.0000
2025-11-24 18:48:15,597 - ResNet18_MNIST_logger - INFO - Epoch 5 [1151/1875 (61.4%)] Loss: 0.0001 Acc: 1.0000
2025-11-24 18:48:22,975 - ResNet18_MNIST_logger - INFO - Epoch 5 [1161/1875 (61.9%)] Loss: 0.0005 Acc: 1.0000
2025-11-24 18:48:30,399 - ResNet18_MNIST_logger - INFO - Epoch 5 [1171/1875 (62.5%)] Loss: 0.0003 Acc: 1.0000
2025-11-24 18:48:37,793 - ResNet18_MNIST_logger - INFO - Epoch 5 [1181/1875 (63.0%)] Loss: 0.0085 Acc: 1.0000
2025-11-24 18:48:45,173 - ResNet18_MNIST_logger - INFO - Epoch 5 [1191/1875 (63.5%)] Loss: 0.0006 Acc: 1.0000
2025-11-24 18:48:52,548 - ResNet18_MNIST_logger - INFO - Epoch 5 [1201/1875 (64.1%)] Loss: 0.0043 Acc: 1.0000
2025-11-24 18:48:59,908 - ResNet18_MNIST_logger - INFO - Epoch 5 [1211/1875 (64.6%)] Loss: 0.0037 Acc: 1.0000
2025-11-24 18:49:07,319 - ResNet18_MNIST_logger - INFO - Epoch 5 [1221/1875 (65.1%)] Loss: 0.0019 Acc: 1.0000
2025-11-24 18:49:14,685 - ResNet18_MNIST_logger - INFO - Epoch 5 [1231/1875 (65.7%)] Loss: 0.0012 Acc: 1.0000
2025-11-24 18:49:22,095 - ResNet18_MNIST_logger - INFO - Epoch 5 [1241/1875 (66.2%)] Loss: 0.0053 Acc: 1.0000
2025-11-24 18:49:29,473 - ResNet18_MNIST_logger - INFO - Epoch 5 [1251/1875 (66.7%)] Loss: 0.0000 Acc: 1.0000
2025-11-24 18:49:36,881 - ResNet18_MNIST_logger - INFO - Epoch 5 [1261/1875 (67.3%)] Loss: 0.1567 Acc: 0.9688
2025-11-24 18:49:44,455 - ResNet18_MNIST_logger - INFO - Epoch 5 [1271/1875 (67.8%)] Loss: 0.0018 Acc: 1.0000
2025-11-24 18:49:51,993 - ResNet18_MNIST_logger - INFO - Epoch 5 [1281/1875 (68.3%)] Loss: 0.0726 Acc: 1.0000
2025-11-24 18:49:59,588 - ResNet18_MNIST_logger - INFO - Epoch 5 [1291/1875 (68.9%)] Loss: 0.0699 Acc: 1.0000
2025-11-24 18:50:07,090 - ResNet18_MNIST_logger - INFO - Epoch 5 [1301/1875 (69.4%)] Loss: 0.0262 Acc: 0.9688
2025-11-24 18:50:14,544 - ResNet18_MNIST_logger - INFO - Epoch 5 [1311/1875 (69.9%)] Loss: 0.0004 Acc: 1.0000
2025-11-24 18:50:21,958 - ResNet18_MNIST_logger - INFO - Epoch 5 [1321/1875 (70.5%)] Loss: 0.0008 Acc: 1.0000
2025-11-24 18:50:29,359 - ResNet18_MNIST_logger - INFO - Epoch 5 [1331/1875 (71.0%)] Loss: 0.0670 Acc: 1.0000
2025-11-24 18:50:36,807 - ResNet18_MNIST_logger - INFO - Epoch 5 [1341/1875 (71.5%)] Loss: 0.1002 Acc: 0.9688
2025-11-24 18:50:44,210 - ResNet18_MNIST_logger - INFO - Epoch 5 [1351/1875 (72.1%)] Loss: 0.0204 Acc: 1.0000
2025-11-24 18:50:51,645 - ResNet18_MNIST_logger - INFO - Epoch 5 [1361/1875 (72.6%)] Loss: 0.0042 Acc: 1.0000
2025-11-24 18:50:59,136 - ResNet18_MNIST_logger - INFO - Epoch 5 [1371/1875 (73.1%)] Loss: 0.0002 Acc: 1.0000
2025-11-24 18:51:06,629 - ResNet18_MNIST_logger - INFO - Epoch 5 [1381/1875 (73.7%)] Loss: 0.0000 Acc: 1.0000
2025-11-24 18:51:14,188 - ResNet18_MNIST_logger - INFO - Epoch 5 [1391/1875 (74.2%)] Loss: 0.0068 Acc: 1.0000
2025-11-24 18:51:21,789 - ResNet18_MNIST_logger - INFO - Epoch 5 [1401/1875 (74.7%)] Loss: 0.0013 Acc: 1.0000
2025-11-24 18:51:29,229 - ResNet18_MNIST_logger - INFO - Epoch 5 [1411/1875 (75.3%)] Loss: 0.0004 Acc: 1.0000
2025-11-24 18:51:36,792 - ResNet18_MNIST_logger - INFO - Epoch 5 [1421/1875 (75.8%)] Loss: 0.0013 Acc: 1.0000
2025-11-24 18:51:44,343 - ResNet18_MNIST_logger - INFO - Epoch 5 [1431/1875 (76.3%)] Loss: 0.0040 Acc: 1.0000
2025-11-24 18:51:51,894 - ResNet18_MNIST_logger - INFO - Epoch 5 [1441/1875 (76.9%)] Loss: 0.0004 Acc: 1.0000
2025-11-24 18:51:59,339 - ResNet18_MNIST_logger - INFO - Epoch 5 [1451/1875 (77.4%)] Loss: 0.0006 Acc: 1.0000
2025-11-24 18:52:06,807 - ResNet18_MNIST_logger - INFO - Epoch 5 [1461/1875 (77.9%)] Loss: 0.0009 Acc: 1.0000
2025-11-24 18:52:14,242 - ResNet18_MNIST_logger - INFO - Epoch 5 [1471/1875 (78.5%)] Loss: 0.0027 Acc: 1.0000
2025-11-24 18:52:21,737 - ResNet18_MNIST_logger - INFO - Epoch 5 [1481/1875 (79.0%)] Loss: 0.0012 Acc: 1.0000
2025-11-24 18:52:29,185 - ResNet18_MNIST_logger - INFO - Epoch 5 [1491/1875 (79.5%)] Loss: 0.0021 Acc: 1.0000
2025-11-24 18:52:36,611 - ResNet18_MNIST_logger - INFO - Epoch 5 [1501/1875 (80.1%)] Loss: 0.0282 Acc: 1.0000
2025-11-24 18:52:44,075 - ResNet18_MNIST_logger - INFO - Epoch 5 [1511/1875 (80.6%)] Loss: 0.0078 Acc: 1.0000
2025-11-24 18:52:51,540 - ResNet18_MNIST_logger - INFO - Epoch 5 [1521/1875 (81.1%)] Loss: 0.1404 Acc: 0.9688
2025-11-24 18:52:59,086 - ResNet18_MNIST_logger - INFO - Epoch 5 [1531/1875 (81.7%)] Loss: 0.0110 Acc: 1.0000
2025-11-24 18:53:06,636 - ResNet18_MNIST_logger - INFO - Epoch 5 [1541/1875 (82.2%)] Loss: 0.0093 Acc: 1.0000
2025-11-24 18:53:14,240 - ResNet18_MNIST_logger - INFO - Epoch 5 [1551/1875 (82.7%)] Loss: 0.0131 Acc: 1.0000
2025-11-24 18:53:22,484 - ResNet18_MNIST_logger - INFO - Epoch 5 [1561/1875 (83.3%)] Loss: 0.0028 Acc: 1.0000
2025-11-24 18:53:29,955 - ResNet18_MNIST_logger - INFO - Epoch 5 [1571/1875 (83.8%)] Loss: 0.0065 Acc: 1.0000
2025-11-24 18:53:37,389 - ResNet18_MNIST_logger - INFO - Epoch 5 [1581/1875 (84.3%)] Loss: 0.0827 Acc: 1.0000
2025-11-24 18:53:44,826 - ResNet18_MNIST_logger - INFO - Epoch 5 [1591/1875 (84.9%)] Loss: 0.0007 Acc: 1.0000
2025-11-24 18:53:52,328 - ResNet18_MNIST_logger - INFO - Epoch 5 [1601/1875 (85.4%)] Loss: 0.0004 Acc: 1.0000
2025-11-24 18:53:59,719 - ResNet18_MNIST_logger - INFO - Epoch 5 [1611/1875 (85.9%)] Loss: 0.0299 Acc: 1.0000
2025-11-24 18:54:07,160 - ResNet18_MNIST_logger - INFO - Epoch 5 [1621/1875 (86.5%)] Loss: 0.0003 Acc: 1.0000
2025-11-24 18:54:14,897 - ResNet18_MNIST_logger - INFO - Epoch 5 [1631/1875 (87.0%)] Loss: 0.0076 Acc: 1.0000
2025-11-24 18:54:22,532 - ResNet18_MNIST_logger - INFO - Epoch 5 [1641/1875 (87.5%)] Loss: 0.0097 Acc: 1.0000
2025-11-24 18:54:30,234 - ResNet18_MNIST_logger - INFO - Epoch 5 [1651/1875 (88.1%)] Loss: 0.0000 Acc: 1.0000
2025-11-24 18:54:37,942 - ResNet18_MNIST_logger - INFO - Epoch 5 [1661/1875 (88.6%)] Loss: 0.0111 Acc: 1.0000
2025-11-24 18:54:45,454 - ResNet18_MNIST_logger - INFO - Epoch 5 [1671/1875 (89.1%)] Loss: 0.0277 Acc: 0.9688
2025-11-24 18:54:53,069 - ResNet18_MNIST_logger - INFO - Epoch 5 [1681/1875 (89.7%)] Loss: 0.0353 Acc: 1.0000
2025-11-24 18:55:03,330 - ResNet18_MNIST_logger - INFO - Epoch 5 [1691/1875 (90.2%)] Loss: 0.0035 Acc: 1.0000
2025-11-24 18:55:11,598 - ResNet18_MNIST_logger - INFO - Epoch 5 [1701/1875 (90.7%)] Loss: 0.0008 Acc: 1.0000
2025-11-24 18:55:19,470 - ResNet18_MNIST_logger - INFO - Epoch 5 [1711/1875 (91.3%)] Loss: 0.0018 Acc: 1.0000
2025-11-24 18:55:27,296 - ResNet18_MNIST_logger - INFO - Epoch 5 [1721/1875 (91.8%)] Loss: 0.0007 Acc: 1.0000
2025-11-24 18:55:35,952 - ResNet18_MNIST_logger - INFO - Epoch 5 [1731/1875 (92.3%)] Loss: 0.0488 Acc: 0.9688
2025-11-24 18:55:43,411 - ResNet18_MNIST_logger - INFO - Epoch 5 [1741/1875 (92.9%)] Loss: 0.0083 Acc: 1.0000
2025-11-24 18:55:50,924 - ResNet18_MNIST_logger - INFO - Epoch 5 [1751/1875 (93.4%)] Loss: 0.1412 Acc: 0.9688
2025-11-24 18:55:58,359 - ResNet18_MNIST_logger - INFO - Epoch 5 [1761/1875 (93.9%)] Loss: 0.0114 Acc: 1.0000
2025-11-24 18:56:05,944 - ResNet18_MNIST_logger - INFO - Epoch 5 [1771/1875 (94.5%)] Loss: 0.0018 Acc: 1.0000
2025-11-24 18:56:13,325 - ResNet18_MNIST_logger - INFO - Epoch 5 [1781/1875 (95.0%)] Loss: 0.0051 Acc: 1.0000
2025-11-24 18:56:21,139 - ResNet18_MNIST_logger - INFO - Epoch 5 [1791/1875 (95.5%)] Loss: 0.0038 Acc: 1.0000
2025-11-24 18:56:28,554 - ResNet18_MNIST_logger - INFO - Epoch 5 [1801/1875 (96.1%)] Loss: 0.0059 Acc: 1.0000
2025-11-24 18:56:35,920 - ResNet18_MNIST_logger - INFO - Epoch 5 [1811/1875 (96.6%)] Loss: 0.0328 Acc: 1.0000
2025-11-24 18:56:43,429 - ResNet18_MNIST_logger - INFO - Epoch 5 [1821/1875 (97.1%)] Loss: 0.0223 Acc: 1.0000
2025-11-24 18:56:50,827 - ResNet18_MNIST_logger - INFO - Epoch 5 [1831/1875 (97.7%)] Loss: 0.0041 Acc: 1.0000
2025-11-24 18:56:58,366 - ResNet18_MNIST_logger - INFO - Epoch 5 [1841/1875 (98.2%)] Loss: 0.0001 Acc: 1.0000
2025-11-24 18:57:06,618 - ResNet18_MNIST_logger - INFO - Epoch 5 [1851/1875 (98.7%)] Loss: 0.0250 Acc: 1.0000
2025-11-24 18:57:14,786 - ResNet18_MNIST_logger - INFO - Epoch 5 [1861/1875 (99.3%)] Loss: 0.0002 Acc: 1.0000
2025-11-24 18:57:23,569 - ResNet18_MNIST_logger - INFO - Epoch 5 [1871/1875 (99.8%)] Loss: 0.0002 Acc: 1.0000
2025-11-24 19:09:32,063 - ResNet18_MNIST_logger - INFO - Epoch   5 | Train Loss: 0.0239 | Train Acc: 0.9960 | Val Loss: 0.0212 | Val Acc: 0.0212
2025-11-24 19:11:12,975 - ResNet18_MNIST_logger - INFO - ============================================================
2025-11-24 19:11:12,976 - ResNet18_MNIST_logger - INFO - 训练完成！最终性能指标:
2025-11-24 19:11:12,977 - ResNet18_MNIST_logger - INFO -   test_accuracy: 0.9938
2025-11-24 19:11:12,977 - ResNet18_MNIST_logger - INFO -   test_loss: 0.0212
2025-11-24 19:11:12,977 - ResNet18_MNIST_logger - INFO -   training_time: 10681.5636
2025-11-24 19:11:12,977 - ResNet18_MNIST_logger - INFO - ============================================================
2025-11-24 19:11:12,978 - ResNet18_MNIST_logger - INFO - 训练结束时间: 2025-11-24 19:11:12
2025-11-24 19:11:12,978 - ResNet18_MNIST_logger - INFO - 总训练时间: 02:59:42
2025-11-24 19:11:12,978 - ResNet18_MNIST_logger - INFO - 日志文件: assets/logs/ResNet18_MNIST_20251124_161130.log
2025-11-24 19:11:12,978 - ResNet18_MNIST_logger - INFO - ============================================================
