2025-11-24 10:44:22,843 - ResNet18_MNIST_logger - INFO - ============================================================
2025-11-24 10:44:22,843 - ResNet18_MNIST_logger - INFO - 开始训练模型: ResNet18_MNIST
2025-11-24 10:44:22,843 - ResNet18_MNIST_logger - INFO - 训练开始时间: 2025-11-24 10:44:22
2025-11-24 10:44:22,843 - ResNet18_MNIST_logger - INFO - 训练配置:
2025-11-24 10:44:22,843 - ResNet18_MNIST_logger - INFO -   model_type: ResNet18_MNIST
2025-11-24 10:44:22,843 - ResNet18_MNIST_logger - INFO -   learning_rate: 0.001
2025-11-24 10:44:22,843 - ResNet18_MNIST_logger - INFO -   batch_size: 32
2025-11-24 10:44:22,843 - ResNet18_MNIST_logger - INFO -   epochs: 5
2025-11-24 10:44:22,843 - ResNet18_MNIST_logger - INFO -   activation: ReLU
2025-11-24 10:44:22,843 - ResNet18_MNIST_logger - INFO -   device: cpu
2025-11-24 10:44:22,843 - ResNet18_MNIST_logger - INFO - ============================================================
2025-11-24 10:44:23,986 - ResNet18_MNIST_logger - INFO - Epoch 1 [1/1875 (0.1%)] Loss: 2.2982 Acc: 0.1250
2025-11-24 10:44:31,527 - ResNet18_MNIST_logger - INFO - Epoch 1 [11/1875 (0.6%)] Loss: 0.9935 Acc: 0.1250
2025-11-24 10:44:39,840 - ResNet18_MNIST_logger - INFO - Epoch 1 [21/1875 (1.1%)] Loss: 0.5160 Acc: 0.0938
2025-11-24 10:44:47,830 - ResNet18_MNIST_logger - INFO - Epoch 1 [31/1875 (1.7%)] Loss: 0.4674 Acc: 0.0938
2025-11-24 10:44:55,935 - ResNet18_MNIST_logger - INFO - Epoch 1 [41/1875 (2.2%)] Loss: 0.5045 Acc: 0.0938
2025-11-24 10:45:03,620 - ResNet18_MNIST_logger - INFO - Epoch 1 [51/1875 (2.7%)] Loss: 0.1666 Acc: 0.1875
2025-11-24 10:45:11,248 - ResNet18_MNIST_logger - INFO - Epoch 1 [61/1875 (3.3%)] Loss: 0.1009 Acc: 0.6562
2025-11-24 10:45:19,407 - ResNet18_MNIST_logger - INFO - Epoch 1 [71/1875 (3.8%)] Loss: 0.2469 Acc: 0.8750
2025-11-24 10:45:27,224 - ResNet18_MNIST_logger - INFO - Epoch 1 [81/1875 (4.3%)] Loss: 0.1437 Acc: 0.9375
2025-11-24 10:45:35,237 - ResNet18_MNIST_logger - INFO - Epoch 1 [91/1875 (4.9%)] Loss: 0.3494 Acc: 0.8438
2025-11-24 10:45:43,350 - ResNet18_MNIST_logger - INFO - Epoch 1 [101/1875 (5.4%)] Loss: 0.1809 Acc: 0.8125
2025-11-24 10:45:51,386 - ResNet18_MNIST_logger - INFO - Epoch 1 [111/1875 (5.9%)] Loss: 0.3265 Acc: 0.7500
2025-11-24 10:45:59,346 - ResNet18_MNIST_logger - INFO - Epoch 1 [121/1875 (6.5%)] Loss: 0.2067 Acc: 0.9062
2025-11-24 10:46:07,176 - ResNet18_MNIST_logger - INFO - Epoch 1 [131/1875 (7.0%)] Loss: 0.1084 Acc: 0.8750
2025-11-24 10:46:15,080 - ResNet18_MNIST_logger - INFO - Epoch 1 [141/1875 (7.5%)] Loss: 0.0809 Acc: 0.9688
2025-11-24 10:46:22,733 - ResNet18_MNIST_logger - INFO - Epoch 1 [151/1875 (8.1%)] Loss: 0.1046 Acc: 0.9375
2025-11-24 10:46:30,469 - ResNet18_MNIST_logger - INFO - Epoch 1 [161/1875 (8.6%)] Loss: 0.2093 Acc: 0.9062
2025-11-24 10:46:38,290 - ResNet18_MNIST_logger - INFO - Epoch 1 [171/1875 (9.1%)] Loss: 0.0547 Acc: 0.9688
2025-11-24 10:46:45,860 - ResNet18_MNIST_logger - INFO - Epoch 1 [181/1875 (9.7%)] Loss: 0.2525 Acc: 0.9375
2025-11-24 10:46:53,453 - ResNet18_MNIST_logger - INFO - Epoch 1 [191/1875 (10.2%)] Loss: 0.4553 Acc: 0.9062
2025-11-24 10:47:01,079 - ResNet18_MNIST_logger - INFO - Epoch 1 [201/1875 (10.7%)] Loss: 0.1433 Acc: 0.9688
2025-11-24 10:47:08,664 - ResNet18_MNIST_logger - INFO - Epoch 1 [211/1875 (11.3%)] Loss: 0.0605 Acc: 0.9688
2025-11-24 10:47:16,247 - ResNet18_MNIST_logger - INFO - Epoch 1 [221/1875 (11.8%)] Loss: 0.1991 Acc: 0.9375
2025-11-24 10:47:24,067 - ResNet18_MNIST_logger - INFO - Epoch 1 [231/1875 (12.3%)] Loss: 0.2163 Acc: 0.9062
2025-11-24 10:47:31,779 - ResNet18_MNIST_logger - INFO - Epoch 1 [241/1875 (12.9%)] Loss: 0.2159 Acc: 0.9688
2025-11-24 10:47:39,566 - ResNet18_MNIST_logger - INFO - Epoch 1 [251/1875 (13.4%)] Loss: 0.0507 Acc: 1.0000
2025-11-24 10:47:47,213 - ResNet18_MNIST_logger - INFO - Epoch 1 [261/1875 (13.9%)] Loss: 0.2122 Acc: 0.9375
2025-11-24 10:47:54,979 - ResNet18_MNIST_logger - INFO - Epoch 1 [271/1875 (14.5%)] Loss: 0.3201 Acc: 0.9062
2025-11-24 10:48:02,819 - ResNet18_MNIST_logger - INFO - Epoch 1 [281/1875 (15.0%)] Loss: 0.0872 Acc: 0.9375
2025-11-24 10:48:10,601 - ResNet18_MNIST_logger - INFO - Epoch 1 [291/1875 (15.5%)] Loss: 0.3021 Acc: 0.9375
2025-11-24 10:48:18,309 - ResNet18_MNIST_logger - INFO - Epoch 1 [301/1875 (16.1%)] Loss: 0.1029 Acc: 0.9688
2025-11-24 10:48:25,948 - ResNet18_MNIST_logger - INFO - Epoch 1 [311/1875 (16.6%)] Loss: 0.0321 Acc: 1.0000
2025-11-24 10:48:33,586 - ResNet18_MNIST_logger - INFO - Epoch 1 [321/1875 (17.1%)] Loss: 0.2739 Acc: 0.9688
2025-11-24 10:48:41,181 - ResNet18_MNIST_logger - INFO - Epoch 1 [331/1875 (17.7%)] Loss: 0.2369 Acc: 1.0000
2025-11-24 10:48:48,948 - ResNet18_MNIST_logger - INFO - Epoch 1 [341/1875 (18.2%)] Loss: 0.0840 Acc: 0.9688
2025-11-24 10:48:56,612 - ResNet18_MNIST_logger - INFO - Epoch 1 [351/1875 (18.7%)] Loss: 0.1157 Acc: 0.9375
2025-11-24 10:49:04,296 - ResNet18_MNIST_logger - INFO - Epoch 1 [361/1875 (19.3%)] Loss: 0.0679 Acc: 1.0000
2025-11-24 10:49:11,937 - ResNet18_MNIST_logger - INFO - Epoch 1 [371/1875 (19.8%)] Loss: 0.1111 Acc: 0.8438
2025-11-24 10:49:19,467 - ResNet18_MNIST_logger - INFO - Epoch 1 [381/1875 (20.3%)] Loss: 0.1965 Acc: 0.9688
2025-11-24 10:49:27,074 - ResNet18_MNIST_logger - INFO - Epoch 1 [391/1875 (20.9%)] Loss: 0.2952 Acc: 0.9375
2025-11-24 10:49:34,650 - ResNet18_MNIST_logger - INFO - Epoch 1 [401/1875 (21.4%)] Loss: 0.0435 Acc: 0.9688
2025-11-24 10:49:42,303 - ResNet18_MNIST_logger - INFO - Epoch 1 [411/1875 (21.9%)] Loss: 0.0717 Acc: 1.0000
2025-11-24 10:49:49,823 - ResNet18_MNIST_logger - INFO - Epoch 1 [421/1875 (22.5%)] Loss: 0.0208 Acc: 1.0000
2025-11-24 10:49:57,416 - ResNet18_MNIST_logger - INFO - Epoch 1 [431/1875 (23.0%)] Loss: 0.0757 Acc: 1.0000
2025-11-24 10:50:05,205 - ResNet18_MNIST_logger - INFO - Epoch 1 [441/1875 (23.5%)] Loss: 0.0354 Acc: 1.0000
2025-11-24 10:50:12,885 - ResNet18_MNIST_logger - INFO - Epoch 1 [451/1875 (24.1%)] Loss: 0.0913 Acc: 0.9688
2025-11-24 10:50:21,254 - ResNet18_MNIST_logger - INFO - Epoch 1 [461/1875 (24.6%)] Loss: 0.2425 Acc: 0.9375
2025-11-24 10:50:29,456 - ResNet18_MNIST_logger - INFO - Epoch 1 [471/1875 (25.1%)] Loss: 0.0668 Acc: 1.0000
2025-11-24 10:50:37,197 - ResNet18_MNIST_logger - INFO - Epoch 1 [481/1875 (25.7%)] Loss: 0.0556 Acc: 1.0000
2025-11-24 10:50:44,880 - ResNet18_MNIST_logger - INFO - Epoch 1 [491/1875 (26.2%)] Loss: 0.1348 Acc: 0.9688
2025-11-24 10:50:52,557 - ResNet18_MNIST_logger - INFO - Epoch 1 [501/1875 (26.7%)] Loss: 0.0800 Acc: 0.9375
2025-11-24 10:51:00,186 - ResNet18_MNIST_logger - INFO - Epoch 1 [511/1875 (27.3%)] Loss: 0.0976 Acc: 0.9375
2025-11-24 10:51:08,537 - ResNet18_MNIST_logger - INFO - Epoch 1 [521/1875 (27.8%)] Loss: 0.3803 Acc: 0.9688
2025-11-24 10:51:16,215 - ResNet18_MNIST_logger - INFO - Epoch 1 [531/1875 (28.3%)] Loss: 0.0555 Acc: 0.9688
2025-11-24 10:51:23,886 - ResNet18_MNIST_logger - INFO - Epoch 1 [541/1875 (28.9%)] Loss: 0.0628 Acc: 0.9375
2025-11-24 10:51:31,581 - ResNet18_MNIST_logger - INFO - Epoch 1 [551/1875 (29.4%)] Loss: 0.1685 Acc: 0.9688
2025-11-24 10:51:39,438 - ResNet18_MNIST_logger - INFO - Epoch 1 [561/1875 (29.9%)] Loss: 0.1962 Acc: 0.9688
2025-11-24 10:51:47,413 - ResNet18_MNIST_logger - INFO - Epoch 1 [571/1875 (30.5%)] Loss: 0.2333 Acc: 1.0000
2025-11-24 10:51:55,286 - ResNet18_MNIST_logger - INFO - Epoch 1 [581/1875 (31.0%)] Loss: 0.0333 Acc: 1.0000
2025-11-24 10:52:03,097 - ResNet18_MNIST_logger - INFO - Epoch 1 [591/1875 (31.5%)] Loss: 0.0286 Acc: 1.0000
2025-11-24 10:52:10,968 - ResNet18_MNIST_logger - INFO - Epoch 1 [601/1875 (32.1%)] Loss: 0.0335 Acc: 1.0000
2025-11-24 10:52:18,704 - ResNet18_MNIST_logger - INFO - Epoch 1 [611/1875 (32.6%)] Loss: 0.0865 Acc: 0.9688
2025-11-24 10:52:26,249 - ResNet18_MNIST_logger - INFO - Epoch 1 [621/1875 (33.1%)] Loss: 0.1822 Acc: 1.0000
2025-11-24 10:52:33,816 - ResNet18_MNIST_logger - INFO - Epoch 1 [631/1875 (33.7%)] Loss: 0.1063 Acc: 1.0000
2025-11-24 10:52:41,437 - ResNet18_MNIST_logger - INFO - Epoch 1 [641/1875 (34.2%)] Loss: 0.2824 Acc: 0.9375
2025-11-24 10:52:49,279 - ResNet18_MNIST_logger - INFO - Epoch 1 [651/1875 (34.7%)] Loss: 0.0886 Acc: 1.0000
2025-11-24 10:52:56,990 - ResNet18_MNIST_logger - INFO - Epoch 1 [661/1875 (35.3%)] Loss: 0.0752 Acc: 0.9688
2025-11-24 10:53:04,835 - ResNet18_MNIST_logger - INFO - Epoch 1 [671/1875 (35.8%)] Loss: 0.1248 Acc: 0.9688
2025-11-24 10:53:12,904 - ResNet18_MNIST_logger - INFO - Epoch 1 [681/1875 (36.3%)] Loss: 0.2401 Acc: 0.9375
2025-11-24 10:53:20,887 - ResNet18_MNIST_logger - INFO - Epoch 1 [691/1875 (36.9%)] Loss: 0.4194 Acc: 0.9375
2025-11-24 10:53:28,626 - ResNet18_MNIST_logger - INFO - Epoch 1 [701/1875 (37.4%)] Loss: 0.0863 Acc: 0.9688
2025-11-24 10:53:36,955 - ResNet18_MNIST_logger - INFO - Epoch 1 [711/1875 (37.9%)] Loss: 0.0331 Acc: 0.9688
2025-11-24 10:53:45,480 - ResNet18_MNIST_logger - INFO - Epoch 1 [721/1875 (38.5%)] Loss: 0.0262 Acc: 0.9688
2025-11-24 10:53:54,111 - ResNet18_MNIST_logger - INFO - Epoch 1 [731/1875 (39.0%)] Loss: 0.0813 Acc: 0.9688
2025-11-24 10:54:01,929 - ResNet18_MNIST_logger - INFO - Epoch 1 [741/1875 (39.5%)] Loss: 0.0385 Acc: 1.0000
2025-11-24 10:54:09,575 - ResNet18_MNIST_logger - INFO - Epoch 1 [751/1875 (40.1%)] Loss: 0.0154 Acc: 1.0000
2025-11-24 10:54:17,325 - ResNet18_MNIST_logger - INFO - Epoch 1 [761/1875 (40.6%)] Loss: 0.0102 Acc: 0.9688
2025-11-24 10:54:24,944 - ResNet18_MNIST_logger - INFO - Epoch 1 [771/1875 (41.1%)] Loss: 0.0095 Acc: 0.9688
2025-11-24 10:54:32,891 - ResNet18_MNIST_logger - INFO - Epoch 1 [781/1875 (41.7%)] Loss: 0.1338 Acc: 1.0000
2025-11-24 10:54:40,747 - ResNet18_MNIST_logger - INFO - Epoch 1 [791/1875 (42.2%)] Loss: 0.0850 Acc: 1.0000
2025-11-24 10:54:48,373 - ResNet18_MNIST_logger - INFO - Epoch 1 [801/1875 (42.7%)] Loss: 0.1669 Acc: 1.0000
2025-11-24 10:54:55,990 - ResNet18_MNIST_logger - INFO - Epoch 1 [811/1875 (43.3%)] Loss: 0.1358 Acc: 0.9688
2025-11-24 10:55:03,544 - ResNet18_MNIST_logger - INFO - Epoch 1 [821/1875 (43.8%)] Loss: 0.4111 Acc: 0.9688
2025-11-24 10:55:11,120 - ResNet18_MNIST_logger - INFO - Epoch 1 [831/1875 (44.3%)] Loss: 0.0687 Acc: 0.9688
2025-11-24 10:55:18,686 - ResNet18_MNIST_logger - INFO - Epoch 1 [841/1875 (44.9%)] Loss: 0.0511 Acc: 1.0000
2025-11-24 10:55:26,245 - ResNet18_MNIST_logger - INFO - Epoch 1 [851/1875 (45.4%)] Loss: 0.3131 Acc: 0.9688
2025-11-24 10:55:34,225 - ResNet18_MNIST_logger - INFO - Epoch 1 [861/1875 (45.9%)] Loss: 0.0134 Acc: 1.0000
2025-11-24 10:55:42,832 - ResNet18_MNIST_logger - INFO - Epoch 1 [871/1875 (46.5%)] Loss: 0.2158 Acc: 1.0000
2025-11-24 10:55:51,360 - ResNet18_MNIST_logger - INFO - Epoch 1 [881/1875 (47.0%)] Loss: 0.0146 Acc: 1.0000
2025-11-24 10:55:59,518 - ResNet18_MNIST_logger - INFO - Epoch 1 [891/1875 (47.5%)] Loss: 0.0033 Acc: 1.0000
2025-11-24 10:56:07,196 - ResNet18_MNIST_logger - INFO - Epoch 1 [901/1875 (48.1%)] Loss: 0.0525 Acc: 1.0000
2025-11-24 10:56:15,225 - ResNet18_MNIST_logger - INFO - Epoch 1 [911/1875 (48.6%)] Loss: 0.0502 Acc: 0.9375
2025-11-24 10:56:22,903 - ResNet18_MNIST_logger - INFO - Epoch 1 [921/1875 (49.1%)] Loss: 0.0027 Acc: 1.0000
2025-11-24 10:56:30,530 - ResNet18_MNIST_logger - INFO - Epoch 1 [931/1875 (49.7%)] Loss: 0.0118 Acc: 1.0000
2025-11-24 10:56:38,129 - ResNet18_MNIST_logger - INFO - Epoch 1 [941/1875 (50.2%)] Loss: 0.1429 Acc: 0.9688
2025-11-24 10:56:45,982 - ResNet18_MNIST_logger - INFO - Epoch 1 [951/1875 (50.7%)] Loss: 0.0015 Acc: 1.0000
2025-11-24 10:56:54,339 - ResNet18_MNIST_logger - INFO - Epoch 1 [961/1875 (51.3%)] Loss: 0.1444 Acc: 1.0000
2025-11-24 10:57:02,286 - ResNet18_MNIST_logger - INFO - Epoch 1 [971/1875 (51.8%)] Loss: 0.2024 Acc: 0.9375
2025-11-24 10:57:10,187 - ResNet18_MNIST_logger - INFO - Epoch 1 [981/1875 (52.3%)] Loss: 0.0203 Acc: 1.0000
2025-11-24 10:57:18,140 - ResNet18_MNIST_logger - INFO - Epoch 1 [991/1875 (52.9%)] Loss: 0.0856 Acc: 0.9375
2025-11-24 10:57:26,063 - ResNet18_MNIST_logger - INFO - Epoch 1 [1001/1875 (53.4%)] Loss: 0.2536 Acc: 0.9688
2025-11-24 10:57:33,829 - ResNet18_MNIST_logger - INFO - Epoch 1 [1011/1875 (53.9%)] Loss: 0.0935 Acc: 0.9688
2025-11-24 10:57:41,399 - ResNet18_MNIST_logger - INFO - Epoch 1 [1021/1875 (54.5%)] Loss: 0.0012 Acc: 1.0000
2025-11-24 10:57:49,014 - ResNet18_MNIST_logger - INFO - Epoch 1 [1031/1875 (55.0%)] Loss: 0.0588 Acc: 0.9688
2025-11-24 10:57:56,806 - ResNet18_MNIST_logger - INFO - Epoch 1 [1041/1875 (55.5%)] Loss: 0.1803 Acc: 0.9688
2025-11-24 10:58:04,435 - ResNet18_MNIST_logger - INFO - Epoch 1 [1051/1875 (56.1%)] Loss: 0.1254 Acc: 0.9688
2025-11-24 10:58:12,462 - ResNet18_MNIST_logger - INFO - Epoch 1 [1061/1875 (56.6%)] Loss: 0.0278 Acc: 1.0000
2025-11-24 10:58:20,192 - ResNet18_MNIST_logger - INFO - Epoch 1 [1071/1875 (57.1%)] Loss: 0.0314 Acc: 1.0000
2025-11-24 10:58:28,120 - ResNet18_MNIST_logger - INFO - Epoch 1 [1081/1875 (57.7%)] Loss: 0.0543 Acc: 1.0000
2025-11-24 10:58:35,913 - ResNet18_MNIST_logger - INFO - Epoch 1 [1091/1875 (58.2%)] Loss: 0.1014 Acc: 1.0000
2025-11-24 10:58:44,439 - ResNet18_MNIST_logger - INFO - Epoch 1 [1101/1875 (58.7%)] Loss: 0.0193 Acc: 1.0000
2025-11-24 10:58:52,196 - ResNet18_MNIST_logger - INFO - Epoch 1 [1111/1875 (59.3%)] Loss: 0.0063 Acc: 1.0000
2025-11-24 10:59:00,102 - ResNet18_MNIST_logger - INFO - Epoch 1 [1121/1875 (59.8%)] Loss: 0.0194 Acc: 1.0000
2025-11-24 10:59:08,380 - ResNet18_MNIST_logger - INFO - Epoch 1 [1131/1875 (60.3%)] Loss: 0.0033 Acc: 1.0000
2025-11-24 10:59:15,963 - ResNet18_MNIST_logger - INFO - Epoch 1 [1141/1875 (60.9%)] Loss: 0.0934 Acc: 0.9688
2025-11-24 10:59:23,561 - ResNet18_MNIST_logger - INFO - Epoch 1 [1151/1875 (61.4%)] Loss: 0.0057 Acc: 1.0000
2025-11-24 10:59:31,706 - ResNet18_MNIST_logger - INFO - Epoch 1 [1161/1875 (61.9%)] Loss: 0.0125 Acc: 1.0000
2025-11-24 10:59:39,387 - ResNet18_MNIST_logger - INFO - Epoch 1 [1171/1875 (62.5%)] Loss: 0.0573 Acc: 1.0000
2025-11-24 10:59:46,930 - ResNet18_MNIST_logger - INFO - Epoch 1 [1181/1875 (63.0%)] Loss: 0.1169 Acc: 0.9688
2025-11-24 10:59:54,566 - ResNet18_MNIST_logger - INFO - Epoch 1 [1191/1875 (63.5%)] Loss: 0.0147 Acc: 1.0000
2025-11-24 11:00:02,356 - ResNet18_MNIST_logger - INFO - Epoch 1 [1201/1875 (64.1%)] Loss: 0.0819 Acc: 0.9688
2025-11-24 11:00:10,455 - ResNet18_MNIST_logger - INFO - Epoch 1 [1211/1875 (64.6%)] Loss: 0.0217 Acc: 1.0000
2025-11-24 11:00:18,347 - ResNet18_MNIST_logger - INFO - Epoch 1 [1221/1875 (65.1%)] Loss: 0.0396 Acc: 1.0000
2025-11-24 11:00:25,942 - ResNet18_MNIST_logger - INFO - Epoch 1 [1231/1875 (65.7%)] Loss: 0.0084 Acc: 1.0000
2025-11-24 11:00:33,933 - ResNet18_MNIST_logger - INFO - Epoch 1 [1241/1875 (66.2%)] Loss: 0.1107 Acc: 1.0000
2025-11-24 11:00:42,037 - ResNet18_MNIST_logger - INFO - Epoch 1 [1251/1875 (66.7%)] Loss: 0.0454 Acc: 1.0000
2025-11-24 11:00:49,853 - ResNet18_MNIST_logger - INFO - Epoch 1 [1261/1875 (67.3%)] Loss: 0.0034 Acc: 1.0000
2025-11-24 11:00:57,539 - ResNet18_MNIST_logger - INFO - Epoch 1 [1271/1875 (67.8%)] Loss: 0.2815 Acc: 0.9688
2025-11-24 11:01:05,214 - ResNet18_MNIST_logger - INFO - Epoch 1 [1281/1875 (68.3%)] Loss: 0.0129 Acc: 1.0000
2025-11-24 11:01:13,404 - ResNet18_MNIST_logger - INFO - Epoch 1 [1291/1875 (68.9%)] Loss: 0.0411 Acc: 1.0000
2025-11-24 11:01:23,015 - ResNet18_MNIST_logger - INFO - Epoch 1 [1301/1875 (69.4%)] Loss: 0.0792 Acc: 1.0000
2025-11-24 11:01:31,111 - ResNet18_MNIST_logger - INFO - Epoch 1 [1311/1875 (69.9%)] Loss: 0.0270 Acc: 1.0000
2025-11-24 11:01:39,277 - ResNet18_MNIST_logger - INFO - Epoch 1 [1321/1875 (70.5%)] Loss: 0.0403 Acc: 1.0000
2025-11-24 11:01:47,021 - ResNet18_MNIST_logger - INFO - Epoch 1 [1331/1875 (71.0%)] Loss: 0.0110 Acc: 1.0000
2025-11-24 11:01:54,775 - ResNet18_MNIST_logger - INFO - Epoch 1 [1341/1875 (71.5%)] Loss: 0.1731 Acc: 0.9688
2025-11-24 11:02:02,445 - ResNet18_MNIST_logger - INFO - Epoch 1 [1351/1875 (72.1%)] Loss: 0.0050 Acc: 0.9688
2025-11-24 11:02:10,241 - ResNet18_MNIST_logger - INFO - Epoch 1 [1361/1875 (72.6%)] Loss: 0.0118 Acc: 1.0000
2025-11-24 11:02:17,914 - ResNet18_MNIST_logger - INFO - Epoch 1 [1371/1875 (73.1%)] Loss: 0.0203 Acc: 0.9688
2025-11-24 11:02:25,513 - ResNet18_MNIST_logger - INFO - Epoch 1 [1381/1875 (73.7%)] Loss: 0.0494 Acc: 1.0000
2025-11-24 11:02:33,020 - ResNet18_MNIST_logger - INFO - Epoch 1 [1391/1875 (74.2%)] Loss: 0.0021 Acc: 1.0000
2025-11-24 11:02:40,636 - ResNet18_MNIST_logger - INFO - Epoch 1 [1401/1875 (74.7%)] Loss: 0.0979 Acc: 1.0000
2025-11-24 11:02:48,413 - ResNet18_MNIST_logger - INFO - Epoch 1 [1411/1875 (75.3%)] Loss: 0.1842 Acc: 0.9375
2025-11-24 11:02:56,403 - ResNet18_MNIST_logger - INFO - Epoch 1 [1421/1875 (75.8%)] Loss: 0.0101 Acc: 1.0000
2025-11-24 11:03:04,211 - ResNet18_MNIST_logger - INFO - Epoch 1 [1431/1875 (76.3%)] Loss: 0.0771 Acc: 1.0000
2025-11-24 11:03:12,051 - ResNet18_MNIST_logger - INFO - Epoch 1 [1441/1875 (76.9%)] Loss: 0.0441 Acc: 0.9688
2025-11-24 11:03:20,176 - ResNet18_MNIST_logger - INFO - Epoch 1 [1451/1875 (77.4%)] Loss: 0.0502 Acc: 1.0000
2025-11-24 11:03:28,179 - ResNet18_MNIST_logger - INFO - Epoch 1 [1461/1875 (77.9%)] Loss: 0.0033 Acc: 1.0000
2025-11-24 11:03:36,140 - ResNet18_MNIST_logger - INFO - Epoch 1 [1471/1875 (78.5%)] Loss: 0.1687 Acc: 0.9688
2025-11-24 11:03:44,416 - ResNet18_MNIST_logger - INFO - Epoch 1 [1481/1875 (79.0%)] Loss: 0.0953 Acc: 0.9688
2025-11-24 11:03:52,591 - ResNet18_MNIST_logger - INFO - Epoch 1 [1491/1875 (79.5%)] Loss: 0.1867 Acc: 0.9688
2025-11-24 11:04:00,462 - ResNet18_MNIST_logger - INFO - Epoch 1 [1501/1875 (80.1%)] Loss: 0.1419 Acc: 0.9688
2025-11-24 11:04:08,196 - ResNet18_MNIST_logger - INFO - Epoch 1 [1511/1875 (80.6%)] Loss: 0.0172 Acc: 0.9688
2025-11-24 11:04:15,857 - ResNet18_MNIST_logger - INFO - Epoch 1 [1521/1875 (81.1%)] Loss: 0.0618 Acc: 0.9688
2025-11-24 11:04:23,412 - ResNet18_MNIST_logger - INFO - Epoch 1 [1531/1875 (81.7%)] Loss: 0.0238 Acc: 1.0000
2025-11-24 11:04:31,278 - ResNet18_MNIST_logger - INFO - Epoch 1 [1541/1875 (82.2%)] Loss: 0.0647 Acc: 1.0000
2025-11-24 11:04:39,172 - ResNet18_MNIST_logger - INFO - Epoch 1 [1551/1875 (82.7%)] Loss: 0.0216 Acc: 1.0000
2025-11-24 11:04:46,926 - ResNet18_MNIST_logger - INFO - Epoch 1 [1561/1875 (83.3%)] Loss: 0.2189 Acc: 0.9688
2025-11-24 11:04:55,007 - ResNet18_MNIST_logger - INFO - Epoch 1 [1571/1875 (83.8%)] Loss: 0.2220 Acc: 0.9688
2025-11-24 11:05:02,660 - ResNet18_MNIST_logger - INFO - Epoch 1 [1581/1875 (84.3%)] Loss: 0.0202 Acc: 1.0000
2025-11-24 11:05:10,620 - ResNet18_MNIST_logger - INFO - Epoch 1 [1591/1875 (84.9%)] Loss: 0.0056 Acc: 1.0000
2025-11-24 11:05:18,431 - ResNet18_MNIST_logger - INFO - Epoch 1 [1601/1875 (85.4%)] Loss: 0.0063 Acc: 1.0000
2025-11-24 11:05:26,051 - ResNet18_MNIST_logger - INFO - Epoch 1 [1611/1875 (85.9%)] Loss: 0.0559 Acc: 1.0000
2025-11-24 11:05:33,650 - ResNet18_MNIST_logger - INFO - Epoch 1 [1621/1875 (86.5%)] Loss: 0.0461 Acc: 0.9375
2025-11-24 11:05:41,259 - ResNet18_MNIST_logger - INFO - Epoch 1 [1631/1875 (87.0%)] Loss: 0.0486 Acc: 1.0000
2025-11-24 11:05:48,839 - ResNet18_MNIST_logger - INFO - Epoch 1 [1641/1875 (87.5%)] Loss: 0.4550 Acc: 0.9688
2025-11-24 11:05:56,573 - ResNet18_MNIST_logger - INFO - Epoch 1 [1651/1875 (88.1%)] Loss: 0.1017 Acc: 0.9688
2025-11-24 11:06:04,727 - ResNet18_MNIST_logger - INFO - Epoch 1 [1661/1875 (88.6%)] Loss: 0.0205 Acc: 1.0000
2025-11-24 11:06:14,300 - ResNet18_MNIST_logger - INFO - Epoch 1 [1671/1875 (89.1%)] Loss: 0.0455 Acc: 1.0000
2025-11-24 11:06:22,566 - ResNet18_MNIST_logger - INFO - Epoch 1 [1681/1875 (89.7%)] Loss: 0.0877 Acc: 0.9688
2025-11-24 11:06:30,206 - ResNet18_MNIST_logger - INFO - Epoch 1 [1691/1875 (90.2%)] Loss: 0.2506 Acc: 0.9688
2025-11-24 11:06:37,783 - ResNet18_MNIST_logger - INFO - Epoch 1 [1701/1875 (90.7%)] Loss: 0.0201 Acc: 1.0000
2025-11-24 11:06:45,449 - ResNet18_MNIST_logger - INFO - Epoch 1 [1711/1875 (91.3%)] Loss: 0.1336 Acc: 1.0000
2025-11-24 11:06:53,770 - ResNet18_MNIST_logger - INFO - Epoch 1 [1721/1875 (91.8%)] Loss: 0.0018 Acc: 1.0000
2025-11-24 11:07:01,864 - ResNet18_MNIST_logger - INFO - Epoch 1 [1731/1875 (92.3%)] Loss: 0.1451 Acc: 0.9688
2025-11-24 11:07:09,706 - ResNet18_MNIST_logger - INFO - Epoch 1 [1741/1875 (92.9%)] Loss: 0.0034 Acc: 1.0000
2025-11-24 11:07:17,535 - ResNet18_MNIST_logger - INFO - Epoch 1 [1751/1875 (93.4%)] Loss: 0.0822 Acc: 1.0000
2025-11-24 11:07:25,198 - ResNet18_MNIST_logger - INFO - Epoch 1 [1761/1875 (93.9%)] Loss: 0.1453 Acc: 0.9688
2025-11-24 11:07:32,650 - ResNet18_MNIST_logger - INFO - Epoch 1 [1771/1875 (94.5%)] Loss: 0.1749 Acc: 0.9688
2025-11-24 11:07:40,119 - ResNet18_MNIST_logger - INFO - Epoch 1 [1781/1875 (95.0%)] Loss: 0.0264 Acc: 1.0000
2025-11-24 11:07:47,705 - ResNet18_MNIST_logger - INFO - Epoch 1 [1791/1875 (95.5%)] Loss: 0.0200 Acc: 1.0000
2025-11-24 11:07:55,252 - ResNet18_MNIST_logger - INFO - Epoch 1 [1801/1875 (96.1%)] Loss: 0.0127 Acc: 1.0000
2025-11-24 11:08:02,704 - ResNet18_MNIST_logger - INFO - Epoch 1 [1811/1875 (96.6%)] Loss: 0.0017 Acc: 1.0000
2025-11-24 11:08:10,152 - ResNet18_MNIST_logger - INFO - Epoch 1 [1821/1875 (97.1%)] Loss: 0.0243 Acc: 1.0000
2025-11-24 11:08:17,872 - ResNet18_MNIST_logger - INFO - Epoch 1 [1831/1875 (97.7%)] Loss: 0.0854 Acc: 0.9688
2025-11-24 11:08:25,362 - ResNet18_MNIST_logger - INFO - Epoch 1 [1841/1875 (98.2%)] Loss: 0.0283 Acc: 1.0000
2025-11-24 11:08:32,819 - ResNet18_MNIST_logger - INFO - Epoch 1 [1851/1875 (98.7%)] Loss: 0.0080 Acc: 1.0000
2025-11-24 11:08:40,320 - ResNet18_MNIST_logger - INFO - Epoch 1 [1861/1875 (99.3%)] Loss: 0.0883 Acc: 1.0000
2025-11-24 11:08:47,982 - ResNet18_MNIST_logger - INFO - Epoch 1 [1871/1875 (99.8%)] Loss: 0.0142 Acc: 0.9688
2025-11-24 11:21:29,932 - ResNet18_MNIST_logger - INFO - Epoch   1 | Train Loss: 0.1150 | Train Acc: 0.9906 | Val Loss: 0.0316 | Val Acc: 0.0316
2025-11-24 11:21:31,065 - ResNet18_MNIST_logger - INFO - Epoch 2 [1/1875 (0.1%)] Loss: 0.1050 Acc: 1.0000
2025-11-24 11:21:38,745 - ResNet18_MNIST_logger - INFO - Epoch 2 [11/1875 (0.6%)] Loss: 0.0135 Acc: 1.0000
2025-11-24 11:21:46,261 - ResNet18_MNIST_logger - INFO - Epoch 2 [21/1875 (1.1%)] Loss: 0.0277 Acc: 0.9688
2025-11-24 11:21:53,783 - ResNet18_MNIST_logger - INFO - Epoch 2 [31/1875 (1.7%)] Loss: 0.0097 Acc: 1.0000
2025-11-24 11:22:01,865 - ResNet18_MNIST_logger - INFO - Epoch 2 [41/1875 (2.2%)] Loss: 0.0075 Acc: 1.0000
2025-11-24 11:22:09,489 - ResNet18_MNIST_logger - INFO - Epoch 2 [51/1875 (2.7%)] Loss: 0.2074 Acc: 0.9688
2025-11-24 11:22:17,006 - ResNet18_MNIST_logger - INFO - Epoch 2 [61/1875 (3.3%)] Loss: 0.0036 Acc: 1.0000
2025-11-24 11:22:24,648 - ResNet18_MNIST_logger - INFO - Epoch 2 [71/1875 (3.8%)] Loss: 0.0055 Acc: 1.0000
2025-11-24 11:22:32,254 - ResNet18_MNIST_logger - INFO - Epoch 2 [81/1875 (4.3%)] Loss: 0.0390 Acc: 1.0000
2025-11-24 11:22:39,932 - ResNet18_MNIST_logger - INFO - Epoch 2 [91/1875 (4.9%)] Loss: 0.0016 Acc: 1.0000
2025-11-24 11:22:47,555 - ResNet18_MNIST_logger - INFO - Epoch 2 [101/1875 (5.4%)] Loss: 0.0277 Acc: 1.0000
2025-11-24 11:22:55,332 - ResNet18_MNIST_logger - INFO - Epoch 2 [111/1875 (5.9%)] Loss: 0.0231 Acc: 1.0000
2025-11-24 11:23:02,877 - ResNet18_MNIST_logger - INFO - Epoch 2 [121/1875 (6.5%)] Loss: 0.1655 Acc: 0.9688
2025-11-24 11:23:10,660 - ResNet18_MNIST_logger - INFO - Epoch 2 [131/1875 (7.0%)] Loss: 0.0510 Acc: 1.0000
2025-11-24 11:23:18,578 - ResNet18_MNIST_logger - INFO - Epoch 2 [141/1875 (7.5%)] Loss: 0.0045 Acc: 1.0000
2025-11-24 11:23:26,442 - ResNet18_MNIST_logger - INFO - Epoch 2 [151/1875 (8.1%)] Loss: 0.0043 Acc: 1.0000
2025-11-24 11:23:34,036 - ResNet18_MNIST_logger - INFO - Epoch 2 [161/1875 (8.6%)] Loss: 0.0206 Acc: 0.9688
2025-11-24 11:23:41,698 - ResNet18_MNIST_logger - INFO - Epoch 2 [171/1875 (9.1%)] Loss: 0.0016 Acc: 1.0000
2025-11-24 11:23:49,334 - ResNet18_MNIST_logger - INFO - Epoch 2 [181/1875 (9.7%)] Loss: 0.0062 Acc: 1.0000
2025-11-24 11:23:56,924 - ResNet18_MNIST_logger - INFO - Epoch 2 [191/1875 (10.2%)] Loss: 0.0795 Acc: 1.0000
2025-11-24 11:24:04,461 - ResNet18_MNIST_logger - INFO - Epoch 2 [201/1875 (10.7%)] Loss: 0.0069 Acc: 1.0000
2025-11-24 11:24:11,977 - ResNet18_MNIST_logger - INFO - Epoch 2 [211/1875 (11.3%)] Loss: 0.0758 Acc: 0.9688
2025-11-24 11:24:19,480 - ResNet18_MNIST_logger - INFO - Epoch 2 [221/1875 (11.8%)] Loss: 0.0083 Acc: 1.0000
2025-11-24 11:24:27,001 - ResNet18_MNIST_logger - INFO - Epoch 2 [231/1875 (12.3%)] Loss: 0.0216 Acc: 1.0000
2025-11-24 11:24:34,598 - ResNet18_MNIST_logger - INFO - Epoch 2 [241/1875 (12.9%)] Loss: 0.0012 Acc: 1.0000
2025-11-24 11:24:42,287 - ResNet18_MNIST_logger - INFO - Epoch 2 [251/1875 (13.4%)] Loss: 0.0048 Acc: 1.0000
2025-11-24 11:24:49,890 - ResNet18_MNIST_logger - INFO - Epoch 2 [261/1875 (13.9%)] Loss: 0.0340 Acc: 0.9688
2025-11-24 11:24:57,422 - ResNet18_MNIST_logger - INFO - Epoch 2 [271/1875 (14.5%)] Loss: 0.0257 Acc: 1.0000
2025-11-24 11:25:04,984 - ResNet18_MNIST_logger - INFO - Epoch 2 [281/1875 (15.0%)] Loss: 0.1038 Acc: 0.9688
2025-11-24 11:25:13,017 - ResNet18_MNIST_logger - INFO - Epoch 2 [291/1875 (15.5%)] Loss: 0.1065 Acc: 0.9688
2025-11-24 11:25:20,658 - ResNet18_MNIST_logger - INFO - Epoch 2 [301/1875 (16.1%)] Loss: 0.0113 Acc: 1.0000
2025-11-24 11:25:28,190 - ResNet18_MNIST_logger - INFO - Epoch 2 [311/1875 (16.6%)] Loss: 0.0421 Acc: 1.0000
2025-11-24 11:25:36,011 - ResNet18_MNIST_logger - INFO - Epoch 2 [321/1875 (17.1%)] Loss: 0.0160 Acc: 1.0000
2025-11-24 11:25:43,658 - ResNet18_MNIST_logger - INFO - Epoch 2 [331/1875 (17.7%)] Loss: 0.0958 Acc: 1.0000
2025-11-24 11:25:51,295 - ResNet18_MNIST_logger - INFO - Epoch 2 [341/1875 (18.2%)] Loss: 0.1940 Acc: 0.9688
2025-11-24 11:25:58,960 - ResNet18_MNIST_logger - INFO - Epoch 2 [351/1875 (18.7%)] Loss: 0.0041 Acc: 1.0000
2025-11-24 11:26:06,485 - ResNet18_MNIST_logger - INFO - Epoch 2 [361/1875 (19.3%)] Loss: 0.0059 Acc: 1.0000
2025-11-24 11:26:14,181 - ResNet18_MNIST_logger - INFO - Epoch 2 [371/1875 (19.8%)] Loss: 0.0010 Acc: 1.0000
2025-11-24 11:26:21,837 - ResNet18_MNIST_logger - INFO - Epoch 2 [381/1875 (20.3%)] Loss: 0.1355 Acc: 1.0000
2025-11-24 11:26:29,413 - ResNet18_MNIST_logger - INFO - Epoch 2 [391/1875 (20.9%)] Loss: 0.0816 Acc: 1.0000
2025-11-24 11:26:37,013 - ResNet18_MNIST_logger - INFO - Epoch 2 [401/1875 (21.4%)] Loss: 0.0185 Acc: 1.0000
2025-11-24 11:26:44,689 - ResNet18_MNIST_logger - INFO - Epoch 2 [411/1875 (21.9%)] Loss: 0.0460 Acc: 1.0000
2025-11-24 11:26:52,383 - ResNet18_MNIST_logger - INFO - Epoch 2 [421/1875 (22.5%)] Loss: 0.0086 Acc: 1.0000
2025-11-24 11:27:00,079 - ResNet18_MNIST_logger - INFO - Epoch 2 [431/1875 (23.0%)] Loss: 0.0111 Acc: 1.0000
2025-11-24 11:27:07,600 - ResNet18_MNIST_logger - INFO - Epoch 2 [441/1875 (23.5%)] Loss: 0.0113 Acc: 1.0000
2025-11-24 11:27:15,177 - ResNet18_MNIST_logger - INFO - Epoch 2 [451/1875 (24.1%)] Loss: 0.2312 Acc: 0.9688
2025-11-24 11:27:23,311 - ResNet18_MNIST_logger - INFO - Epoch 2 [461/1875 (24.6%)] Loss: 0.0098 Acc: 1.0000
2025-11-24 11:27:30,966 - ResNet18_MNIST_logger - INFO - Epoch 2 [471/1875 (25.1%)] Loss: 0.0095 Acc: 1.0000
2025-11-24 11:27:38,792 - ResNet18_MNIST_logger - INFO - Epoch 2 [481/1875 (25.7%)] Loss: 0.0337 Acc: 1.0000
2025-11-24 11:27:46,366 - ResNet18_MNIST_logger - INFO - Epoch 2 [491/1875 (26.2%)] Loss: 0.0259 Acc: 1.0000
2025-11-24 11:27:53,972 - ResNet18_MNIST_logger - INFO - Epoch 2 [501/1875 (26.7%)] Loss: 0.0015 Acc: 1.0000
2025-11-24 11:28:02,204 - ResNet18_MNIST_logger - INFO - Epoch 2 [511/1875 (27.3%)] Loss: 0.0403 Acc: 0.9688
2025-11-24 11:28:09,921 - ResNet18_MNIST_logger - INFO - Epoch 2 [521/1875 (27.8%)] Loss: 0.1798 Acc: 1.0000
2025-11-24 11:28:17,431 - ResNet18_MNIST_logger - INFO - Epoch 2 [531/1875 (28.3%)] Loss: 0.0209 Acc: 1.0000
2025-11-24 11:28:24,981 - ResNet18_MNIST_logger - INFO - Epoch 2 [541/1875 (28.9%)] Loss: 0.0704 Acc: 1.0000
2025-11-24 11:28:32,567 - ResNet18_MNIST_logger - INFO - Epoch 2 [551/1875 (29.4%)] Loss: 0.0214 Acc: 1.0000
2025-11-24 11:28:40,158 - ResNet18_MNIST_logger - INFO - Epoch 2 [561/1875 (29.9%)] Loss: 0.0105 Acc: 1.0000
2025-11-24 11:28:47,719 - ResNet18_MNIST_logger - INFO - Epoch 2 [571/1875 (30.5%)] Loss: 0.2778 Acc: 0.9688
2025-11-24 11:28:55,298 - ResNet18_MNIST_logger - INFO - Epoch 2 [581/1875 (31.0%)] Loss: 0.1530 Acc: 0.9688
2025-11-24 11:29:02,916 - ResNet18_MNIST_logger - INFO - Epoch 2 [591/1875 (31.5%)] Loss: 0.0791 Acc: 1.0000
2025-11-24 11:29:10,413 - ResNet18_MNIST_logger - INFO - Epoch 2 [601/1875 (32.1%)] Loss: 0.0007 Acc: 1.0000
2025-11-24 11:29:18,015 - ResNet18_MNIST_logger - INFO - Epoch 2 [611/1875 (32.6%)] Loss: 0.0045 Acc: 1.0000
2025-11-24 11:29:25,634 - ResNet18_MNIST_logger - INFO - Epoch 2 [621/1875 (33.1%)] Loss: 0.1012 Acc: 0.9688
2025-11-24 11:29:33,162 - ResNet18_MNIST_logger - INFO - Epoch 2 [631/1875 (33.7%)] Loss: 0.2107 Acc: 0.9688
2025-11-24 11:29:40,859 - ResNet18_MNIST_logger - INFO - Epoch 2 [641/1875 (34.2%)] Loss: 0.0254 Acc: 1.0000
2025-11-24 11:29:48,432 - ResNet18_MNIST_logger - INFO - Epoch 2 [651/1875 (34.7%)] Loss: 0.1980 Acc: 0.9688
2025-11-24 11:29:56,075 - ResNet18_MNIST_logger - INFO - Epoch 2 [661/1875 (35.3%)] Loss: 0.0039 Acc: 1.0000
2025-11-24 11:30:03,674 - ResNet18_MNIST_logger - INFO - Epoch 2 [671/1875 (35.8%)] Loss: 0.0037 Acc: 1.0000
2025-11-24 11:30:11,238 - ResNet18_MNIST_logger - INFO - Epoch 2 [681/1875 (36.3%)] Loss: 0.0049 Acc: 1.0000
2025-11-24 11:30:18,761 - ResNet18_MNIST_logger - INFO - Epoch 2 [691/1875 (36.9%)] Loss: 0.1348 Acc: 1.0000
2025-11-24 11:30:26,282 - ResNet18_MNIST_logger - INFO - Epoch 2 [701/1875 (37.4%)] Loss: 0.0841 Acc: 0.9688
2025-11-24 11:30:33,845 - ResNet18_MNIST_logger - INFO - Epoch 2 [711/1875 (37.9%)] Loss: 0.0077 Acc: 1.0000
2025-11-24 11:30:41,446 - ResNet18_MNIST_logger - INFO - Epoch 2 [721/1875 (38.5%)] Loss: 0.0046 Acc: 1.0000
2025-11-24 11:30:48,974 - ResNet18_MNIST_logger - INFO - Epoch 2 [731/1875 (39.0%)] Loss: 0.1321 Acc: 0.9688
2025-11-24 11:30:56,531 - ResNet18_MNIST_logger - INFO - Epoch 2 [741/1875 (39.5%)] Loss: 0.0977 Acc: 1.0000
2025-11-24 11:31:04,220 - ResNet18_MNIST_logger - INFO - Epoch 2 [751/1875 (40.1%)] Loss: 0.0354 Acc: 1.0000
2025-11-24 11:31:11,818 - ResNet18_MNIST_logger - INFO - Epoch 2 [761/1875 (40.6%)] Loss: 0.0165 Acc: 1.0000
2025-11-24 11:31:19,659 - ResNet18_MNIST_logger - INFO - Epoch 2 [771/1875 (41.1%)] Loss: 0.0122 Acc: 0.9688
2025-11-24 11:31:27,277 - ResNet18_MNIST_logger - INFO - Epoch 2 [781/1875 (41.7%)] Loss: 0.0173 Acc: 1.0000
2025-11-24 11:31:35,296 - ResNet18_MNIST_logger - INFO - Epoch 2 [791/1875 (42.2%)] Loss: 0.0035 Acc: 1.0000
2025-11-24 11:31:44,257 - ResNet18_MNIST_logger - INFO - Epoch 2 [801/1875 (42.7%)] Loss: 0.0171 Acc: 1.0000
2025-11-24 11:31:52,840 - ResNet18_MNIST_logger - INFO - Epoch 2 [811/1875 (43.3%)] Loss: 0.0018 Acc: 1.0000
2025-11-24 11:32:01,269 - ResNet18_MNIST_logger - INFO - Epoch 2 [821/1875 (43.8%)] Loss: 0.0062 Acc: 1.0000
2025-11-24 11:32:09,303 - ResNet18_MNIST_logger - INFO - Epoch 2 [831/1875 (44.3%)] Loss: 0.0060 Acc: 1.0000
2025-11-24 11:32:17,084 - ResNet18_MNIST_logger - INFO - Epoch 2 [841/1875 (44.9%)] Loss: 0.0068 Acc: 1.0000
2025-11-24 11:32:25,019 - ResNet18_MNIST_logger - INFO - Epoch 2 [851/1875 (45.4%)] Loss: 0.0055 Acc: 1.0000
2025-11-24 11:32:33,537 - ResNet18_MNIST_logger - INFO - Epoch 2 [861/1875 (45.9%)] Loss: 0.0047 Acc: 1.0000
2025-11-24 11:32:42,243 - ResNet18_MNIST_logger - INFO - Epoch 2 [871/1875 (46.5%)] Loss: 0.0161 Acc: 1.0000
2025-11-24 11:32:50,159 - ResNet18_MNIST_logger - INFO - Epoch 2 [881/1875 (47.0%)] Loss: 0.0191 Acc: 1.0000
2025-11-24 11:32:58,368 - ResNet18_MNIST_logger - INFO - Epoch 2 [891/1875 (47.5%)] Loss: 0.0045 Acc: 1.0000
2025-11-24 11:33:06,730 - ResNet18_MNIST_logger - INFO - Epoch 2 [901/1875 (48.1%)] Loss: 0.0415 Acc: 1.0000
2025-11-24 11:33:14,812 - ResNet18_MNIST_logger - INFO - Epoch 2 [911/1875 (48.6%)] Loss: 0.0317 Acc: 1.0000
2025-11-24 11:33:22,409 - ResNet18_MNIST_logger - INFO - Epoch 2 [921/1875 (49.1%)] Loss: 0.0259 Acc: 1.0000
2025-11-24 11:33:29,980 - ResNet18_MNIST_logger - INFO - Epoch 2 [931/1875 (49.7%)] Loss: 0.0045 Acc: 1.0000
2025-11-24 11:33:37,817 - ResNet18_MNIST_logger - INFO - Epoch 2 [941/1875 (50.2%)] Loss: 0.0134 Acc: 1.0000
2025-11-24 11:33:46,664 - ResNet18_MNIST_logger - INFO - Epoch 2 [951/1875 (50.7%)] Loss: 0.2691 Acc: 0.9375
2025-11-24 11:33:54,390 - ResNet18_MNIST_logger - INFO - Epoch 2 [961/1875 (51.3%)] Loss: 0.2680 Acc: 0.9375
2025-11-24 11:34:01,963 - ResNet18_MNIST_logger - INFO - Epoch 2 [971/1875 (51.8%)] Loss: 0.0127 Acc: 0.9688
2025-11-24 11:34:09,576 - ResNet18_MNIST_logger - INFO - Epoch 2 [981/1875 (52.3%)] Loss: 0.0165 Acc: 1.0000
2025-11-24 11:34:17,849 - ResNet18_MNIST_logger - INFO - Epoch 2 [991/1875 (52.9%)] Loss: 0.0577 Acc: 1.0000
2025-11-24 11:34:26,347 - ResNet18_MNIST_logger - INFO - Epoch 2 [1001/1875 (53.4%)] Loss: 0.2751 Acc: 0.9688
2025-11-24 11:34:34,603 - ResNet18_MNIST_logger - INFO - Epoch 2 [1011/1875 (53.9%)] Loss: 0.0119 Acc: 1.0000
2025-11-24 11:34:42,890 - ResNet18_MNIST_logger - INFO - Epoch 2 [1021/1875 (54.5%)] Loss: 0.0407 Acc: 1.0000
2025-11-24 11:34:51,132 - ResNet18_MNIST_logger - INFO - Epoch 2 [1031/1875 (55.0%)] Loss: 0.1315 Acc: 0.9688
2025-11-24 11:34:58,906 - ResNet18_MNIST_logger - INFO - Epoch 2 [1041/1875 (55.5%)] Loss: 0.1212 Acc: 0.9688
2025-11-24 11:35:07,139 - ResNet18_MNIST_logger - INFO - Epoch 2 [1051/1875 (56.1%)] Loss: 0.0194 Acc: 1.0000
2025-11-24 11:35:16,067 - ResNet18_MNIST_logger - INFO - Epoch 2 [1061/1875 (56.6%)] Loss: 0.0467 Acc: 0.9688
2025-11-24 11:35:24,296 - ResNet18_MNIST_logger - INFO - Epoch 2 [1071/1875 (57.1%)] Loss: 0.0311 Acc: 1.0000
2025-11-24 11:35:31,952 - ResNet18_MNIST_logger - INFO - Epoch 2 [1081/1875 (57.7%)] Loss: 0.0149 Acc: 1.0000
2025-11-24 11:35:39,622 - ResNet18_MNIST_logger - INFO - Epoch 2 [1091/1875 (58.2%)] Loss: 0.0492 Acc: 0.9688
2025-11-24 11:35:47,324 - ResNet18_MNIST_logger - INFO - Epoch 2 [1101/1875 (58.7%)] Loss: 0.0228 Acc: 1.0000
2025-11-24 11:35:55,002 - ResNet18_MNIST_logger - INFO - Epoch 2 [1111/1875 (59.3%)] Loss: 0.0006 Acc: 1.0000
2025-11-24 11:36:02,894 - ResNet18_MNIST_logger - INFO - Epoch 2 [1121/1875 (59.8%)] Loss: 0.0406 Acc: 1.0000
2025-11-24 11:36:11,112 - ResNet18_MNIST_logger - INFO - Epoch 2 [1131/1875 (60.3%)] Loss: 0.0021 Acc: 1.0000
2025-11-24 11:36:18,984 - ResNet18_MNIST_logger - INFO - Epoch 2 [1141/1875 (60.9%)] Loss: 0.0923 Acc: 1.0000
2025-11-24 11:36:26,905 - ResNet18_MNIST_logger - INFO - Epoch 2 [1151/1875 (61.4%)] Loss: 0.0091 Acc: 1.0000
2025-11-24 11:36:35,129 - ResNet18_MNIST_logger - INFO - Epoch 2 [1161/1875 (61.9%)] Loss: 0.0170 Acc: 1.0000
2025-11-24 11:36:42,831 - ResNet18_MNIST_logger - INFO - Epoch 2 [1171/1875 (62.5%)] Loss: 0.1155 Acc: 0.9688
2025-11-24 11:36:51,249 - ResNet18_MNIST_logger - INFO - Epoch 2 [1181/1875 (63.0%)] Loss: 0.0535 Acc: 1.0000
2025-11-24 11:36:59,571 - ResNet18_MNIST_logger - INFO - Epoch 2 [1191/1875 (63.5%)] Loss: 0.0043 Acc: 1.0000
2025-11-24 11:37:07,141 - ResNet18_MNIST_logger - INFO - Epoch 2 [1201/1875 (64.1%)] Loss: 0.0084 Acc: 1.0000
2025-11-24 11:37:14,714 - ResNet18_MNIST_logger - INFO - Epoch 2 [1211/1875 (64.6%)] Loss: 0.0575 Acc: 1.0000
2025-11-24 11:37:22,238 - ResNet18_MNIST_logger - INFO - Epoch 2 [1221/1875 (65.1%)] Loss: 0.0188 Acc: 1.0000
2025-11-24 11:37:29,890 - ResNet18_MNIST_logger - INFO - Epoch 2 [1231/1875 (65.7%)] Loss: 0.0029 Acc: 1.0000
2025-11-24 11:37:37,939 - ResNet18_MNIST_logger - INFO - Epoch 2 [1241/1875 (66.2%)] Loss: 0.0729 Acc: 0.9688
2025-11-24 11:37:45,548 - ResNet18_MNIST_logger - INFO - Epoch 2 [1251/1875 (66.7%)] Loss: 0.1789 Acc: 0.9688
2025-11-24 11:37:53,440 - ResNet18_MNIST_logger - INFO - Epoch 2 [1261/1875 (67.3%)] Loss: 0.0201 Acc: 1.0000
2025-11-24 11:38:01,168 - ResNet18_MNIST_logger - INFO - Epoch 2 [1271/1875 (67.8%)] Loss: 0.1143 Acc: 1.0000
2025-11-24 11:38:08,876 - ResNet18_MNIST_logger - INFO - Epoch 2 [1281/1875 (68.3%)] Loss: 0.0037 Acc: 1.0000
2025-11-24 11:38:17,032 - ResNet18_MNIST_logger - INFO - Epoch 2 [1291/1875 (68.9%)] Loss: 0.1080 Acc: 1.0000
2025-11-24 11:38:25,663 - ResNet18_MNIST_logger - INFO - Epoch 2 [1301/1875 (69.4%)] Loss: 0.1082 Acc: 0.9688
2025-11-24 11:38:34,802 - ResNet18_MNIST_logger - INFO - Epoch 2 [1311/1875 (69.9%)] Loss: 0.0052 Acc: 1.0000
2025-11-24 11:38:43,305 - ResNet18_MNIST_logger - INFO - Epoch 2 [1321/1875 (70.5%)] Loss: 0.0975 Acc: 0.9688
2025-11-24 11:38:54,114 - ResNet18_MNIST_logger - INFO - Epoch 2 [1331/1875 (71.0%)] Loss: 0.0253 Acc: 0.9688
2025-11-24 11:39:02,820 - ResNet18_MNIST_logger - INFO - Epoch 2 [1341/1875 (71.5%)] Loss: 0.1187 Acc: 1.0000
2025-11-24 11:39:10,765 - ResNet18_MNIST_logger - INFO - Epoch 2 [1351/1875 (72.1%)] Loss: 0.0231 Acc: 1.0000
2025-11-24 11:39:18,508 - ResNet18_MNIST_logger - INFO - Epoch 2 [1361/1875 (72.6%)] Loss: 0.0012 Acc: 1.0000
2025-11-24 11:39:26,353 - ResNet18_MNIST_logger - INFO - Epoch 2 [1371/1875 (73.1%)] Loss: 0.0200 Acc: 1.0000
2025-11-24 11:39:34,469 - ResNet18_MNIST_logger - INFO - Epoch 2 [1381/1875 (73.7%)] Loss: 0.0026 Acc: 1.0000
2025-11-24 11:39:43,070 - ResNet18_MNIST_logger - INFO - Epoch 2 [1391/1875 (74.2%)] Loss: 0.0093 Acc: 1.0000
2025-11-24 11:39:51,080 - ResNet18_MNIST_logger - INFO - Epoch 2 [1401/1875 (74.7%)] Loss: 0.0141 Acc: 1.0000
2025-11-24 11:39:59,132 - ResNet18_MNIST_logger - INFO - Epoch 2 [1411/1875 (75.3%)] Loss: 0.0072 Acc: 1.0000
2025-11-24 11:40:07,239 - ResNet18_MNIST_logger - INFO - Epoch 2 [1421/1875 (75.8%)] Loss: 0.2669 Acc: 0.9688
2025-11-24 11:40:15,283 - ResNet18_MNIST_logger - INFO - Epoch 2 [1431/1875 (76.3%)] Loss: 0.0050 Acc: 1.0000
2025-11-24 11:40:23,378 - ResNet18_MNIST_logger - INFO - Epoch 2 [1441/1875 (76.9%)] Loss: 0.0043 Acc: 1.0000
2025-11-24 11:40:31,209 - ResNet18_MNIST_logger - INFO - Epoch 2 [1451/1875 (77.4%)] Loss: 0.0103 Acc: 1.0000
2025-11-24 11:40:39,032 - ResNet18_MNIST_logger - INFO - Epoch 2 [1461/1875 (77.9%)] Loss: 0.0035 Acc: 1.0000
2025-11-24 11:40:46,922 - ResNet18_MNIST_logger - INFO - Epoch 2 [1471/1875 (78.5%)] Loss: 0.0069 Acc: 1.0000
2025-11-24 11:40:54,475 - ResNet18_MNIST_logger - INFO - Epoch 2 [1481/1875 (79.0%)] Loss: 0.0126 Acc: 1.0000
2025-11-24 11:41:02,125 - ResNet18_MNIST_logger - INFO - Epoch 2 [1491/1875 (79.5%)] Loss: 0.0011 Acc: 1.0000
2025-11-24 11:41:10,009 - ResNet18_MNIST_logger - INFO - Epoch 2 [1501/1875 (80.1%)] Loss: 0.0025 Acc: 1.0000
2025-11-24 11:41:18,487 - ResNet18_MNIST_logger - INFO - Epoch 2 [1511/1875 (80.6%)] Loss: 0.0023 Acc: 1.0000
2025-11-24 11:41:26,082 - ResNet18_MNIST_logger - INFO - Epoch 2 [1521/1875 (81.1%)] Loss: 0.0858 Acc: 0.9688
2025-11-24 11:41:33,659 - ResNet18_MNIST_logger - INFO - Epoch 2 [1531/1875 (81.7%)] Loss: 0.0034 Acc: 1.0000
2025-11-24 11:41:41,244 - ResNet18_MNIST_logger - INFO - Epoch 2 [1541/1875 (82.2%)] Loss: 0.0216 Acc: 1.0000
2025-11-24 11:41:48,776 - ResNet18_MNIST_logger - INFO - Epoch 2 [1551/1875 (82.7%)] Loss: 0.1568 Acc: 0.9688
2025-11-24 11:41:56,378 - ResNet18_MNIST_logger - INFO - Epoch 2 [1561/1875 (83.3%)] Loss: 0.0058 Acc: 1.0000
2025-11-24 11:42:04,060 - ResNet18_MNIST_logger - INFO - Epoch 2 [1571/1875 (83.8%)] Loss: 0.0255 Acc: 1.0000
2025-11-24 11:42:11,682 - ResNet18_MNIST_logger - INFO - Epoch 2 [1581/1875 (84.3%)] Loss: 0.1926 Acc: 0.9375
2025-11-24 11:42:19,274 - ResNet18_MNIST_logger - INFO - Epoch 2 [1591/1875 (84.9%)] Loss: 0.2170 Acc: 0.9375
2025-11-24 11:42:26,870 - ResNet18_MNIST_logger - INFO - Epoch 2 [1601/1875 (85.4%)] Loss: 0.1162 Acc: 0.9688
2025-11-24 11:42:34,500 - ResNet18_MNIST_logger - INFO - Epoch 2 [1611/1875 (85.9%)] Loss: 0.0645 Acc: 0.9688
2025-11-24 11:42:42,308 - ResNet18_MNIST_logger - INFO - Epoch 2 [1621/1875 (86.5%)] Loss: 0.0534 Acc: 1.0000
2025-11-24 11:42:50,997 - ResNet18_MNIST_logger - INFO - Epoch 2 [1631/1875 (87.0%)] Loss: 0.2380 Acc: 0.9688
2025-11-24 11:42:58,998 - ResNet18_MNIST_logger - INFO - Epoch 2 [1641/1875 (87.5%)] Loss: 0.0129 Acc: 1.0000
2025-11-24 11:43:07,173 - ResNet18_MNIST_logger - INFO - Epoch 2 [1651/1875 (88.1%)] Loss: 0.0779 Acc: 1.0000
2025-11-24 11:43:14,799 - ResNet18_MNIST_logger - INFO - Epoch 2 [1661/1875 (88.6%)] Loss: 0.0023 Acc: 1.0000
2025-11-24 11:43:22,305 - ResNet18_MNIST_logger - INFO - Epoch 2 [1671/1875 (89.1%)] Loss: 0.1124 Acc: 1.0000
2025-11-24 11:43:29,839 - ResNet18_MNIST_logger - INFO - Epoch 2 [1681/1875 (89.7%)] Loss: 0.0041 Acc: 1.0000
2025-11-24 11:43:37,545 - ResNet18_MNIST_logger - INFO - Epoch 2 [1691/1875 (90.2%)] Loss: 0.0374 Acc: 0.9688
2025-11-24 11:43:45,202 - ResNet18_MNIST_logger - INFO - Epoch 2 [1701/1875 (90.7%)] Loss: 0.1514 Acc: 0.9688
2025-11-24 11:43:52,936 - ResNet18_MNIST_logger - INFO - Epoch 2 [1711/1875 (91.3%)] Loss: 0.0505 Acc: 1.0000
2025-11-24 11:44:00,775 - ResNet18_MNIST_logger - INFO - Epoch 2 [1721/1875 (91.8%)] Loss: 0.0007 Acc: 1.0000
2025-11-24 11:44:08,384 - ResNet18_MNIST_logger - INFO - Epoch 2 [1731/1875 (92.3%)] Loss: 0.0741 Acc: 1.0000
2025-11-24 11:44:15,981 - ResNet18_MNIST_logger - INFO - Epoch 2 [1741/1875 (92.9%)] Loss: 0.1525 Acc: 0.9688
2025-11-24 11:44:23,585 - ResNet18_MNIST_logger - INFO - Epoch 2 [1751/1875 (93.4%)] Loss: 0.0970 Acc: 1.0000
2025-11-24 11:44:31,146 - ResNet18_MNIST_logger - INFO - Epoch 2 [1761/1875 (93.9%)] Loss: 0.0078 Acc: 1.0000
2025-11-24 11:44:38,734 - ResNet18_MNIST_logger - INFO - Epoch 2 [1771/1875 (94.5%)] Loss: 0.0862 Acc: 0.9688
2025-11-24 11:44:46,314 - ResNet18_MNIST_logger - INFO - Epoch 2 [1781/1875 (95.0%)] Loss: 0.0014 Acc: 1.0000
2025-11-24 11:44:53,845 - ResNet18_MNIST_logger - INFO - Epoch 2 [1791/1875 (95.5%)] Loss: 0.1827 Acc: 0.9688
2025-11-24 11:45:01,454 - ResNet18_MNIST_logger - INFO - Epoch 2 [1801/1875 (96.1%)] Loss: 0.0120 Acc: 1.0000
2025-11-24 11:45:09,163 - ResNet18_MNIST_logger - INFO - Epoch 2 [1811/1875 (96.6%)] Loss: 0.0073 Acc: 1.0000
2025-11-24 11:45:16,832 - ResNet18_MNIST_logger - INFO - Epoch 2 [1821/1875 (97.1%)] Loss: 0.1896 Acc: 0.9688
2025-11-24 11:45:24,385 - ResNet18_MNIST_logger - INFO - Epoch 2 [1831/1875 (97.7%)] Loss: 0.2476 Acc: 0.9688
2025-11-24 11:45:31,948 - ResNet18_MNIST_logger - INFO - Epoch 2 [1841/1875 (98.2%)] Loss: 0.0291 Acc: 1.0000
2025-11-24 11:45:39,463 - ResNet18_MNIST_logger - INFO - Epoch 2 [1851/1875 (98.7%)] Loss: 0.0502 Acc: 1.0000
2025-11-24 11:45:47,106 - ResNet18_MNIST_logger - INFO - Epoch 2 [1861/1875 (99.3%)] Loss: 0.0740 Acc: 0.9688
2025-11-24 11:45:54,860 - ResNet18_MNIST_logger - INFO - Epoch 2 [1871/1875 (99.8%)] Loss: 0.0038 Acc: 1.0000
2025-11-24 11:58:10,557 - ResNet18_MNIST_logger - INFO - Epoch   2 | Train Loss: 0.0483 | Train Acc: 0.9911 | Val Loss: 0.0324 | Val Acc: 0.0324
2025-11-24 11:58:11,672 - ResNet18_MNIST_logger - INFO - Epoch 3 [1/1875 (0.1%)] Loss: 0.0052 Acc: 1.0000
2025-11-24 11:58:19,099 - ResNet18_MNIST_logger - INFO - Epoch 3 [11/1875 (0.6%)] Loss: 0.0015 Acc: 1.0000
2025-11-24 11:58:26,564 - ResNet18_MNIST_logger - INFO - Epoch 3 [21/1875 (1.1%)] Loss: 0.0257 Acc: 1.0000
2025-11-24 11:58:34,029 - ResNet18_MNIST_logger - INFO - Epoch 3 [31/1875 (1.7%)] Loss: 0.0255 Acc: 1.0000
2025-11-24 11:58:41,459 - ResNet18_MNIST_logger - INFO - Epoch 3 [41/1875 (2.2%)] Loss: 0.0035 Acc: 1.0000
2025-11-24 11:58:48,896 - ResNet18_MNIST_logger - INFO - Epoch 3 [51/1875 (2.7%)] Loss: 0.0345 Acc: 1.0000
2025-11-24 11:58:56,335 - ResNet18_MNIST_logger - INFO - Epoch 3 [61/1875 (3.3%)] Loss: 0.0039 Acc: 1.0000
2025-11-24 11:59:03,823 - ResNet18_MNIST_logger - INFO - Epoch 3 [71/1875 (3.8%)] Loss: 0.0007 Acc: 1.0000
2025-11-24 11:59:11,267 - ResNet18_MNIST_logger - INFO - Epoch 3 [81/1875 (4.3%)] Loss: 0.0030 Acc: 1.0000
2025-11-24 11:59:18,703 - ResNet18_MNIST_logger - INFO - Epoch 3 [91/1875 (4.9%)] Loss: 0.0016 Acc: 0.9688
2025-11-24 11:59:26,151 - ResNet18_MNIST_logger - INFO - Epoch 3 [101/1875 (5.4%)] Loss: 0.0987 Acc: 0.9688
2025-11-24 11:59:33,669 - ResNet18_MNIST_logger - INFO - Epoch 3 [111/1875 (5.9%)] Loss: 0.0093 Acc: 1.0000
2025-11-24 11:59:41,132 - ResNet18_MNIST_logger - INFO - Epoch 3 [121/1875 (6.5%)] Loss: 0.0458 Acc: 0.9688
2025-11-24 11:59:48,565 - ResNet18_MNIST_logger - INFO - Epoch 3 [131/1875 (7.0%)] Loss: 0.0008 Acc: 1.0000
2025-11-24 11:59:56,003 - ResNet18_MNIST_logger - INFO - Epoch 3 [141/1875 (7.5%)] Loss: 0.2295 Acc: 0.9688
2025-11-24 12:00:03,439 - ResNet18_MNIST_logger - INFO - Epoch 3 [151/1875 (8.1%)] Loss: 0.0145 Acc: 1.0000
2025-11-24 12:00:10,884 - ResNet18_MNIST_logger - INFO - Epoch 3 [161/1875 (8.6%)] Loss: 0.0011 Acc: 1.0000
2025-11-24 12:00:18,381 - ResNet18_MNIST_logger - INFO - Epoch 3 [171/1875 (9.1%)] Loss: 0.0239 Acc: 1.0000
2025-11-24 12:00:25,782 - ResNet18_MNIST_logger - INFO - Epoch 3 [181/1875 (9.7%)] Loss: 0.0107 Acc: 1.0000
2025-11-24 12:00:33,236 - ResNet18_MNIST_logger - INFO - Epoch 3 [191/1875 (10.2%)] Loss: 0.0027 Acc: 1.0000
2025-11-24 12:00:40,770 - ResNet18_MNIST_logger - INFO - Epoch 3 [201/1875 (10.7%)] Loss: 0.0134 Acc: 1.0000
2025-11-24 12:00:48,221 - ResNet18_MNIST_logger - INFO - Epoch 3 [211/1875 (11.3%)] Loss: 0.0007 Acc: 1.0000
2025-11-24 12:00:55,625 - ResNet18_MNIST_logger - INFO - Epoch 3 [221/1875 (11.8%)] Loss: 0.2011 Acc: 0.9688
2025-11-24 12:01:03,125 - ResNet18_MNIST_logger - INFO - Epoch 3 [231/1875 (12.3%)] Loss: 0.2492 Acc: 0.9375
2025-11-24 12:01:10,579 - ResNet18_MNIST_logger - INFO - Epoch 3 [241/1875 (12.9%)] Loss: 0.0064 Acc: 1.0000
2025-11-24 12:01:17,995 - ResNet18_MNIST_logger - INFO - Epoch 3 [251/1875 (13.4%)] Loss: 0.0887 Acc: 1.0000
2025-11-24 12:01:25,411 - ResNet18_MNIST_logger - INFO - Epoch 3 [261/1875 (13.9%)] Loss: 0.0454 Acc: 1.0000
2025-11-24 12:01:32,904 - ResNet18_MNIST_logger - INFO - Epoch 3 [271/1875 (14.5%)] Loss: 0.0232 Acc: 1.0000
2025-11-24 12:01:40,341 - ResNet18_MNIST_logger - INFO - Epoch 3 [281/1875 (15.0%)] Loss: 0.0088 Acc: 1.0000
2025-11-24 12:01:47,788 - ResNet18_MNIST_logger - INFO - Epoch 3 [291/1875 (15.5%)] Loss: 0.0203 Acc: 1.0000
2025-11-24 12:01:55,275 - ResNet18_MNIST_logger - INFO - Epoch 3 [301/1875 (16.1%)] Loss: 0.0048 Acc: 1.0000
2025-11-24 12:02:02,696 - ResNet18_MNIST_logger - INFO - Epoch 3 [311/1875 (16.6%)] Loss: 0.0427 Acc: 1.0000
2025-11-24 12:02:10,150 - ResNet18_MNIST_logger - INFO - Epoch 3 [321/1875 (17.1%)] Loss: 0.0022 Acc: 1.0000
2025-11-24 12:02:17,615 - ResNet18_MNIST_logger - INFO - Epoch 3 [331/1875 (17.7%)] Loss: 0.0029 Acc: 1.0000
2025-11-24 12:02:25,026 - ResNet18_MNIST_logger - INFO - Epoch 3 [341/1875 (18.2%)] Loss: 0.0080 Acc: 1.0000
2025-11-24 12:02:32,471 - ResNet18_MNIST_logger - INFO - Epoch 3 [351/1875 (18.7%)] Loss: 0.0006 Acc: 1.0000
2025-11-24 12:02:39,977 - ResNet18_MNIST_logger - INFO - Epoch 3 [361/1875 (19.3%)] Loss: 0.0204 Acc: 1.0000
2025-11-24 12:02:47,403 - ResNet18_MNIST_logger - INFO - Epoch 3 [371/1875 (19.8%)] Loss: 0.1044 Acc: 0.9688
2025-11-24 12:02:54,772 - ResNet18_MNIST_logger - INFO - Epoch 3 [381/1875 (20.3%)] Loss: 0.0006 Acc: 1.0000
2025-11-24 12:03:02,192 - ResNet18_MNIST_logger - INFO - Epoch 3 [391/1875 (20.9%)] Loss: 0.0842 Acc: 1.0000
2025-11-24 12:03:09,694 - ResNet18_MNIST_logger - INFO - Epoch 3 [401/1875 (21.4%)] Loss: 0.0029 Acc: 1.0000
2025-11-24 12:03:17,169 - ResNet18_MNIST_logger - INFO - Epoch 3 [411/1875 (21.9%)] Loss: 0.0315 Acc: 1.0000
2025-11-24 12:03:24,601 - ResNet18_MNIST_logger - INFO - Epoch 3 [421/1875 (22.5%)] Loss: 0.2662 Acc: 0.9688
2025-11-24 12:03:32,061 - ResNet18_MNIST_logger - INFO - Epoch 3 [431/1875 (23.0%)] Loss: 0.0041 Acc: 1.0000
2025-11-24 12:03:39,548 - ResNet18_MNIST_logger - INFO - Epoch 3 [441/1875 (23.5%)] Loss: 0.0693 Acc: 0.9688
2025-11-24 12:03:46,971 - ResNet18_MNIST_logger - INFO - Epoch 3 [451/1875 (24.1%)] Loss: 0.0402 Acc: 1.0000
2025-11-24 12:03:54,398 - ResNet18_MNIST_logger - INFO - Epoch 3 [461/1875 (24.6%)] Loss: 0.0041 Acc: 1.0000
2025-11-24 12:04:01,860 - ResNet18_MNIST_logger - INFO - Epoch 3 [471/1875 (25.1%)] Loss: 0.0075 Acc: 1.0000
2025-11-24 12:04:09,263 - ResNet18_MNIST_logger - INFO - Epoch 3 [481/1875 (25.7%)] Loss: 0.0024 Acc: 1.0000
2025-11-24 12:04:16,720 - ResNet18_MNIST_logger - INFO - Epoch 3 [491/1875 (26.2%)] Loss: 0.0006 Acc: 1.0000
2025-11-24 12:04:24,203 - ResNet18_MNIST_logger - INFO - Epoch 3 [501/1875 (26.7%)] Loss: 0.0008 Acc: 1.0000
2025-11-24 12:04:31,646 - ResNet18_MNIST_logger - INFO - Epoch 3 [511/1875 (27.3%)] Loss: 0.0213 Acc: 1.0000
2025-11-24 12:04:39,120 - ResNet18_MNIST_logger - INFO - Epoch 3 [521/1875 (27.8%)] Loss: 0.0071 Acc: 0.9688
2025-11-24 12:04:46,509 - ResNet18_MNIST_logger - INFO - Epoch 3 [531/1875 (28.3%)] Loss: 0.0084 Acc: 1.0000
2025-11-24 12:04:53,915 - ResNet18_MNIST_logger - INFO - Epoch 3 [541/1875 (28.9%)] Loss: 0.0229 Acc: 1.0000
2025-11-24 12:05:01,351 - ResNet18_MNIST_logger - INFO - Epoch 3 [551/1875 (29.4%)] Loss: 0.0021 Acc: 1.0000
2025-11-24 12:05:08,801 - ResNet18_MNIST_logger - INFO - Epoch 3 [561/1875 (29.9%)] Loss: 0.0805 Acc: 0.9688
2025-11-24 12:05:16,257 - ResNet18_MNIST_logger - INFO - Epoch 3 [571/1875 (30.5%)] Loss: 0.0707 Acc: 1.0000
2025-11-24 12:05:23,786 - ResNet18_MNIST_logger - INFO - Epoch 3 [581/1875 (31.0%)] Loss: 0.0053 Acc: 1.0000
2025-11-24 12:05:31,199 - ResNet18_MNIST_logger - INFO - Epoch 3 [591/1875 (31.5%)] Loss: 0.0867 Acc: 1.0000
2025-11-24 12:05:38,672 - ResNet18_MNIST_logger - INFO - Epoch 3 [601/1875 (32.1%)] Loss: 0.2228 Acc: 0.9688
2025-11-24 12:05:46,131 - ResNet18_MNIST_logger - INFO - Epoch 3 [611/1875 (32.6%)] Loss: 0.0130 Acc: 1.0000
2025-11-24 12:05:53,547 - ResNet18_MNIST_logger - INFO - Epoch 3 [621/1875 (33.1%)] Loss: 0.0684 Acc: 0.9688
2025-11-24 12:06:00,976 - ResNet18_MNIST_logger - INFO - Epoch 3 [631/1875 (33.7%)] Loss: 0.3191 Acc: 0.9375
2025-11-24 12:06:08,450 - ResNet18_MNIST_logger - INFO - Epoch 3 [641/1875 (34.2%)] Loss: 0.0009 Acc: 1.0000
2025-11-24 12:06:15,864 - ResNet18_MNIST_logger - INFO - Epoch 3 [651/1875 (34.7%)] Loss: 0.0038 Acc: 1.0000
2025-11-24 12:06:23,272 - ResNet18_MNIST_logger - INFO - Epoch 3 [661/1875 (35.3%)] Loss: 0.0490 Acc: 0.9688
2025-11-24 12:06:30,761 - ResNet18_MNIST_logger - INFO - Epoch 3 [671/1875 (35.8%)] Loss: 0.0155 Acc: 1.0000
2025-11-24 12:06:38,199 - ResNet18_MNIST_logger - INFO - Epoch 3 [681/1875 (36.3%)] Loss: 0.0115 Acc: 1.0000
2025-11-24 12:06:45,681 - ResNet18_MNIST_logger - INFO - Epoch 3 [691/1875 (36.9%)] Loss: 0.0045 Acc: 1.0000
2025-11-24 12:06:53,170 - ResNet18_MNIST_logger - INFO - Epoch 3 [701/1875 (37.4%)] Loss: 0.0039 Acc: 1.0000
2025-11-24 12:07:00,593 - ResNet18_MNIST_logger - INFO - Epoch 3 [711/1875 (37.9%)] Loss: 0.0021 Acc: 1.0000
2025-11-24 12:07:08,039 - ResNet18_MNIST_logger - INFO - Epoch 3 [721/1875 (38.5%)] Loss: 0.0494 Acc: 1.0000
2025-11-24 12:07:15,484 - ResNet18_MNIST_logger - INFO - Epoch 3 [731/1875 (39.0%)] Loss: 0.0086 Acc: 1.0000
2025-11-24 12:07:22,934 - ResNet18_MNIST_logger - INFO - Epoch 3 [741/1875 (39.5%)] Loss: 0.0132 Acc: 1.0000
2025-11-24 12:07:30,364 - ResNet18_MNIST_logger - INFO - Epoch 3 [751/1875 (40.1%)] Loss: 0.3673 Acc: 0.9688
2025-11-24 12:07:37,804 - ResNet18_MNIST_logger - INFO - Epoch 3 [761/1875 (40.6%)] Loss: 0.0411 Acc: 1.0000
2025-11-24 12:07:45,245 - ResNet18_MNIST_logger - INFO - Epoch 3 [771/1875 (41.1%)] Loss: 0.0657 Acc: 1.0000
2025-11-24 12:07:52,701 - ResNet18_MNIST_logger - INFO - Epoch 3 [781/1875 (41.7%)] Loss: 0.0100 Acc: 1.0000
2025-11-24 12:08:00,157 - ResNet18_MNIST_logger - INFO - Epoch 3 [791/1875 (42.2%)] Loss: 0.0608 Acc: 1.0000
2025-11-24 12:08:07,570 - ResNet18_MNIST_logger - INFO - Epoch 3 [801/1875 (42.7%)] Loss: 0.0023 Acc: 1.0000
2025-11-24 12:08:15,048 - ResNet18_MNIST_logger - INFO - Epoch 3 [811/1875 (43.3%)] Loss: 0.3117 Acc: 0.9375
2025-11-24 12:08:22,517 - ResNet18_MNIST_logger - INFO - Epoch 3 [821/1875 (43.8%)] Loss: 0.0556 Acc: 1.0000
2025-11-24 12:08:29,938 - ResNet18_MNIST_logger - INFO - Epoch 3 [831/1875 (44.3%)] Loss: 0.2048 Acc: 0.9688
2025-11-24 12:08:37,489 - ResNet18_MNIST_logger - INFO - Epoch 3 [841/1875 (44.9%)] Loss: 0.0889 Acc: 1.0000
2025-11-24 12:08:44,919 - ResNet18_MNIST_logger - INFO - Epoch 3 [851/1875 (45.4%)] Loss: 0.0192 Acc: 1.0000
2025-11-24 12:08:52,386 - ResNet18_MNIST_logger - INFO - Epoch 3 [861/1875 (45.9%)] Loss: 0.0102 Acc: 1.0000
2025-11-24 12:08:59,767 - ResNet18_MNIST_logger - INFO - Epoch 3 [871/1875 (46.5%)] Loss: 0.0333 Acc: 0.9688
2025-11-24 12:09:07,218 - ResNet18_MNIST_logger - INFO - Epoch 3 [881/1875 (47.0%)] Loss: 0.0151 Acc: 1.0000
2025-11-24 12:09:14,704 - ResNet18_MNIST_logger - INFO - Epoch 3 [891/1875 (47.5%)] Loss: 0.0027 Acc: 1.0000
2025-11-24 12:09:22,135 - ResNet18_MNIST_logger - INFO - Epoch 3 [901/1875 (48.1%)] Loss: 0.0009 Acc: 1.0000
2025-11-24 12:09:29,539 - ResNet18_MNIST_logger - INFO - Epoch 3 [911/1875 (48.6%)] Loss: 0.0045 Acc: 1.0000
2025-11-24 12:09:36,937 - ResNet18_MNIST_logger - INFO - Epoch 3 [921/1875 (49.1%)] Loss: 0.0335 Acc: 0.9688
2025-11-24 12:09:44,362 - ResNet18_MNIST_logger - INFO - Epoch 3 [931/1875 (49.7%)] Loss: 0.0012 Acc: 1.0000
2025-11-24 12:09:51,788 - ResNet18_MNIST_logger - INFO - Epoch 3 [941/1875 (50.2%)] Loss: 0.0512 Acc: 1.0000
2025-11-24 12:09:59,234 - ResNet18_MNIST_logger - INFO - Epoch 3 [951/1875 (50.7%)] Loss: 0.0117 Acc: 1.0000
2025-11-24 12:10:06,664 - ResNet18_MNIST_logger - INFO - Epoch 3 [961/1875 (51.3%)] Loss: 0.0692 Acc: 1.0000
2025-11-24 12:10:14,156 - ResNet18_MNIST_logger - INFO - Epoch 3 [971/1875 (51.8%)] Loss: 0.0020 Acc: 1.0000
2025-11-24 12:10:21,579 - ResNet18_MNIST_logger - INFO - Epoch 3 [981/1875 (52.3%)] Loss: 0.0275 Acc: 1.0000
2025-11-24 12:10:28,972 - ResNet18_MNIST_logger - INFO - Epoch 3 [991/1875 (52.9%)] Loss: 0.0012 Acc: 1.0000
2025-11-24 12:10:36,403 - ResNet18_MNIST_logger - INFO - Epoch 3 [1001/1875 (53.4%)] Loss: 0.0035 Acc: 1.0000
2025-11-24 12:10:43,895 - ResNet18_MNIST_logger - INFO - Epoch 3 [1011/1875 (53.9%)] Loss: 0.0216 Acc: 1.0000
2025-11-24 12:10:51,407 - ResNet18_MNIST_logger - INFO - Epoch 3 [1021/1875 (54.5%)] Loss: 0.0053 Acc: 1.0000
2025-11-24 12:10:58,821 - ResNet18_MNIST_logger - INFO - Epoch 3 [1031/1875 (55.0%)] Loss: 0.0022 Acc: 1.0000
2025-11-24 12:11:06,206 - ResNet18_MNIST_logger - INFO - Epoch 3 [1041/1875 (55.5%)] Loss: 0.0021 Acc: 1.0000
2025-11-24 12:11:13,603 - ResNet18_MNIST_logger - INFO - Epoch 3 [1051/1875 (56.1%)] Loss: 0.0023 Acc: 1.0000
2025-11-24 12:11:21,000 - ResNet18_MNIST_logger - INFO - Epoch 3 [1061/1875 (56.6%)] Loss: 0.0005 Acc: 1.0000
2025-11-24 12:11:28,331 - ResNet18_MNIST_logger - INFO - Epoch 3 [1071/1875 (57.1%)] Loss: 0.0019 Acc: 1.0000
2025-11-24 12:11:35,762 - ResNet18_MNIST_logger - INFO - Epoch 3 [1081/1875 (57.7%)] Loss: 0.0022 Acc: 1.0000
2025-11-24 12:11:43,133 - ResNet18_MNIST_logger - INFO - Epoch 3 [1091/1875 (58.2%)] Loss: 0.0243 Acc: 1.0000
2025-11-24 12:11:50,499 - ResNet18_MNIST_logger - INFO - Epoch 3 [1101/1875 (58.7%)] Loss: 0.0029 Acc: 1.0000
2025-11-24 12:11:57,916 - ResNet18_MNIST_logger - INFO - Epoch 3 [1111/1875 (59.3%)] Loss: 0.0014 Acc: 1.0000
2025-11-24 12:12:05,283 - ResNet18_MNIST_logger - INFO - Epoch 3 [1121/1875 (59.8%)] Loss: 0.0092 Acc: 1.0000
2025-11-24 12:12:12,650 - ResNet18_MNIST_logger - INFO - Epoch 3 [1131/1875 (60.3%)] Loss: 0.0885 Acc: 1.0000
2025-11-24 12:12:20,030 - ResNet18_MNIST_logger - INFO - Epoch 3 [1141/1875 (60.9%)] Loss: 0.0959 Acc: 0.9688
2025-11-24 12:12:27,393 - ResNet18_MNIST_logger - INFO - Epoch 3 [1151/1875 (61.4%)] Loss: 0.0064 Acc: 1.0000
2025-11-24 12:12:34,810 - ResNet18_MNIST_logger - INFO - Epoch 3 [1161/1875 (61.9%)] Loss: 0.0018 Acc: 1.0000
2025-11-24 12:12:42,243 - ResNet18_MNIST_logger - INFO - Epoch 3 [1171/1875 (62.5%)] Loss: 0.1349 Acc: 1.0000
2025-11-24 12:12:49,643 - ResNet18_MNIST_logger - INFO - Epoch 3 [1181/1875 (63.0%)] Loss: 0.0008 Acc: 1.0000
2025-11-24 12:12:57,029 - ResNet18_MNIST_logger - INFO - Epoch 3 [1191/1875 (63.5%)] Loss: 0.1819 Acc: 1.0000
2025-11-24 12:13:04,453 - ResNet18_MNIST_logger - INFO - Epoch 3 [1201/1875 (64.1%)] Loss: 0.0239 Acc: 1.0000
2025-11-24 12:13:11,824 - ResNet18_MNIST_logger - INFO - Epoch 3 [1211/1875 (64.6%)] Loss: 0.0029 Acc: 1.0000
2025-11-24 12:13:19,221 - ResNet18_MNIST_logger - INFO - Epoch 3 [1221/1875 (65.1%)] Loss: 0.0560 Acc: 1.0000
2025-11-24 12:13:26,616 - ResNet18_MNIST_logger - INFO - Epoch 3 [1231/1875 (65.7%)] Loss: 0.0240 Acc: 1.0000
2025-11-24 12:13:34,065 - ResNet18_MNIST_logger - INFO - Epoch 3 [1241/1875 (66.2%)] Loss: 0.1992 Acc: 1.0000
2025-11-24 12:13:41,468 - ResNet18_MNIST_logger - INFO - Epoch 3 [1251/1875 (66.7%)] Loss: 0.0447 Acc: 1.0000
2025-11-24 12:13:48,867 - ResNet18_MNIST_logger - INFO - Epoch 3 [1261/1875 (67.3%)] Loss: 0.0042 Acc: 1.0000
2025-11-24 12:13:56,242 - ResNet18_MNIST_logger - INFO - Epoch 3 [1271/1875 (67.8%)] Loss: 0.3446 Acc: 0.9688
2025-11-24 12:14:03,679 - ResNet18_MNIST_logger - INFO - Epoch 3 [1281/1875 (68.3%)] Loss: 0.5244 Acc: 0.9688
2025-11-24 12:14:11,101 - ResNet18_MNIST_logger - INFO - Epoch 3 [1291/1875 (68.9%)] Loss: 0.0013 Acc: 1.0000
2025-11-24 12:14:18,521 - ResNet18_MNIST_logger - INFO - Epoch 3 [1301/1875 (69.4%)] Loss: 0.0070 Acc: 1.0000
2025-11-24 12:14:25,952 - ResNet18_MNIST_logger - INFO - Epoch 3 [1311/1875 (69.9%)] Loss: 0.2384 Acc: 1.0000
2025-11-24 12:14:33,345 - ResNet18_MNIST_logger - INFO - Epoch 3 [1321/1875 (70.5%)] Loss: 0.0116 Acc: 1.0000
2025-11-24 12:14:40,714 - ResNet18_MNIST_logger - INFO - Epoch 3 [1331/1875 (71.0%)] Loss: 0.0386 Acc: 1.0000
2025-11-24 12:14:48,083 - ResNet18_MNIST_logger - INFO - Epoch 3 [1341/1875 (71.5%)] Loss: 0.0088 Acc: 1.0000
2025-11-24 12:14:55,509 - ResNet18_MNIST_logger - INFO - Epoch 3 [1351/1875 (72.1%)] Loss: 0.0007 Acc: 1.0000
2025-11-24 12:15:02,893 - ResNet18_MNIST_logger - INFO - Epoch 3 [1361/1875 (72.6%)] Loss: 0.0195 Acc: 1.0000
2025-11-24 12:15:10,300 - ResNet18_MNIST_logger - INFO - Epoch 3 [1371/1875 (73.1%)] Loss: 0.0006 Acc: 1.0000
2025-11-24 12:15:17,677 - ResNet18_MNIST_logger - INFO - Epoch 3 [1381/1875 (73.7%)] Loss: 0.0401 Acc: 1.0000
2025-11-24 12:15:25,089 - ResNet18_MNIST_logger - INFO - Epoch 3 [1391/1875 (74.2%)] Loss: 0.1636 Acc: 0.9688
2025-11-24 12:15:32,499 - ResNet18_MNIST_logger - INFO - Epoch 3 [1401/1875 (74.7%)] Loss: 0.0265 Acc: 1.0000
2025-11-24 12:15:39,928 - ResNet18_MNIST_logger - INFO - Epoch 3 [1411/1875 (75.3%)] Loss: 0.1811 Acc: 0.9688
2025-11-24 12:15:47,319 - ResNet18_MNIST_logger - INFO - Epoch 3 [1421/1875 (75.8%)] Loss: 0.0761 Acc: 0.9688
2025-11-24 12:15:54,701 - ResNet18_MNIST_logger - INFO - Epoch 3 [1431/1875 (76.3%)] Loss: 0.0162 Acc: 1.0000
2025-11-24 12:16:02,101 - ResNet18_MNIST_logger - INFO - Epoch 3 [1441/1875 (76.9%)] Loss: 0.0178 Acc: 1.0000
2025-11-24 12:16:09,498 - ResNet18_MNIST_logger - INFO - Epoch 3 [1451/1875 (77.4%)] Loss: 0.0090 Acc: 1.0000
2025-11-24 12:16:16,847 - ResNet18_MNIST_logger - INFO - Epoch 3 [1461/1875 (77.9%)] Loss: 0.0779 Acc: 1.0000
2025-11-24 12:16:24,940 - ResNet18_MNIST_logger - INFO - Epoch 3 [1471/1875 (78.5%)] Loss: 0.0022 Acc: 1.0000
2025-11-24 12:16:33,185 - ResNet18_MNIST_logger - INFO - Epoch 3 [1481/1875 (79.0%)] Loss: 0.0602 Acc: 0.9688
2025-11-24 12:16:40,920 - ResNet18_MNIST_logger - INFO - Epoch 3 [1491/1875 (79.5%)] Loss: 0.0206 Acc: 1.0000
2025-11-24 12:16:49,791 - ResNet18_MNIST_logger - INFO - Epoch 3 [1501/1875 (80.1%)] Loss: 0.0023 Acc: 1.0000
2025-11-24 12:16:57,395 - ResNet18_MNIST_logger - INFO - Epoch 3 [1511/1875 (80.6%)] Loss: 0.0088 Acc: 1.0000
2025-11-24 12:17:05,072 - ResNet18_MNIST_logger - INFO - Epoch 3 [1521/1875 (81.1%)] Loss: 0.0825 Acc: 1.0000
2025-11-24 12:17:12,702 - ResNet18_MNIST_logger - INFO - Epoch 3 [1531/1875 (81.7%)] Loss: 0.0055 Acc: 1.0000
2025-11-24 12:17:20,319 - ResNet18_MNIST_logger - INFO - Epoch 3 [1541/1875 (82.2%)] Loss: 0.0003 Acc: 1.0000
2025-11-24 12:17:28,018 - ResNet18_MNIST_logger - INFO - Epoch 3 [1551/1875 (82.7%)] Loss: 0.0576 Acc: 0.9688
2025-11-24 12:17:35,928 - ResNet18_MNIST_logger - INFO - Epoch 3 [1561/1875 (83.3%)] Loss: 0.0934 Acc: 1.0000
2025-11-24 12:17:43,705 - ResNet18_MNIST_logger - INFO - Epoch 3 [1571/1875 (83.8%)] Loss: 0.0030 Acc: 1.0000
2025-11-24 12:17:51,357 - ResNet18_MNIST_logger - INFO - Epoch 3 [1581/1875 (84.3%)] Loss: 0.0010 Acc: 1.0000
2025-11-24 12:17:59,060 - ResNet18_MNIST_logger - INFO - Epoch 3 [1591/1875 (84.9%)] Loss: 0.0057 Acc: 1.0000
2025-11-24 12:18:06,892 - ResNet18_MNIST_logger - INFO - Epoch 3 [1601/1875 (85.4%)] Loss: 0.0349 Acc: 1.0000
2025-11-24 12:18:14,524 - ResNet18_MNIST_logger - INFO - Epoch 3 [1611/1875 (85.9%)] Loss: 0.0074 Acc: 1.0000
2025-11-24 12:18:22,377 - ResNet18_MNIST_logger - INFO - Epoch 3 [1621/1875 (86.5%)] Loss: 0.1357 Acc: 0.9688
2025-11-24 12:18:30,225 - ResNet18_MNIST_logger - INFO - Epoch 3 [1631/1875 (87.0%)] Loss: 0.0077 Acc: 1.0000
2025-11-24 12:18:37,982 - ResNet18_MNIST_logger - INFO - Epoch 3 [1641/1875 (87.5%)] Loss: 0.0093 Acc: 1.0000
2025-11-24 12:18:45,695 - ResNet18_MNIST_logger - INFO - Epoch 3 [1651/1875 (88.1%)] Loss: 0.0347 Acc: 1.0000
2025-11-24 12:18:53,718 - ResNet18_MNIST_logger - INFO - Epoch 3 [1661/1875 (88.6%)] Loss: 0.0005 Acc: 1.0000
2025-11-24 12:19:01,635 - ResNet18_MNIST_logger - INFO - Epoch 3 [1671/1875 (89.1%)] Loss: 0.0008 Acc: 1.0000
2025-11-24 12:19:09,430 - ResNet18_MNIST_logger - INFO - Epoch 3 [1681/1875 (89.7%)] Loss: 0.1644 Acc: 0.9688
2025-11-24 12:19:18,013 - ResNet18_MNIST_logger - INFO - Epoch 3 [1691/1875 (90.2%)] Loss: 0.0072 Acc: 1.0000
2025-11-24 12:19:25,789 - ResNet18_MNIST_logger - INFO - Epoch 3 [1701/1875 (90.7%)] Loss: 0.0010 Acc: 1.0000
2025-11-24 12:19:33,729 - ResNet18_MNIST_logger - INFO - Epoch 3 [1711/1875 (91.3%)] Loss: 0.0147 Acc: 1.0000
2025-11-24 12:19:41,812 - ResNet18_MNIST_logger - INFO - Epoch 3 [1721/1875 (91.8%)] Loss: 0.0128 Acc: 0.9688
2025-11-24 12:19:49,522 - ResNet18_MNIST_logger - INFO - Epoch 3 [1731/1875 (92.3%)] Loss: 0.0250 Acc: 1.0000
2025-11-24 12:19:57,066 - ResNet18_MNIST_logger - INFO - Epoch 3 [1741/1875 (92.9%)] Loss: 0.0125 Acc: 1.0000
2025-11-24 12:20:04,596 - ResNet18_MNIST_logger - INFO - Epoch 3 [1751/1875 (93.4%)] Loss: 0.0009 Acc: 1.0000
2025-11-24 12:20:13,034 - ResNet18_MNIST_logger - INFO - Epoch 3 [1761/1875 (93.9%)] Loss: 0.1300 Acc: 1.0000
2025-11-24 12:20:21,242 - ResNet18_MNIST_logger - INFO - Epoch 3 [1771/1875 (94.5%)] Loss: 0.0793 Acc: 0.9688
2025-11-24 12:20:28,887 - ResNet18_MNIST_logger - INFO - Epoch 3 [1781/1875 (95.0%)] Loss: 0.2483 Acc: 1.0000
2025-11-24 12:20:36,574 - ResNet18_MNIST_logger - INFO - Epoch 3 [1791/1875 (95.5%)] Loss: 0.0094 Acc: 1.0000
2025-11-24 12:20:44,630 - ResNet18_MNIST_logger - INFO - Epoch 3 [1801/1875 (96.1%)] Loss: 0.0017 Acc: 1.0000
2025-11-24 12:20:52,464 - ResNet18_MNIST_logger - INFO - Epoch 3 [1811/1875 (96.6%)] Loss: 0.2052 Acc: 0.9688
2025-11-24 12:21:00,269 - ResNet18_MNIST_logger - INFO - Epoch 3 [1821/1875 (97.1%)] Loss: 0.0701 Acc: 0.9688
2025-11-24 12:21:07,878 - ResNet18_MNIST_logger - INFO - Epoch 3 [1831/1875 (97.7%)] Loss: 0.0243 Acc: 1.0000
2025-11-24 12:21:15,493 - ResNet18_MNIST_logger - INFO - Epoch 3 [1841/1875 (98.2%)] Loss: 0.0190 Acc: 1.0000
2025-11-24 12:21:23,206 - ResNet18_MNIST_logger - INFO - Epoch 3 [1851/1875 (98.7%)] Loss: 0.0596 Acc: 1.0000
2025-11-24 12:21:31,201 - ResNet18_MNIST_logger - INFO - Epoch 3 [1861/1875 (99.3%)] Loss: 0.0004 Acc: 1.0000
2025-11-24 12:21:39,227 - ResNet18_MNIST_logger - INFO - Epoch 3 [1871/1875 (99.8%)] Loss: 0.0666 Acc: 1.0000
2025-11-24 12:34:28,367 - ResNet18_MNIST_logger - INFO - Epoch   3 | Train Loss: 0.0389 | Train Acc: 0.9938 | Val Loss: 0.0332 | Val Acc: 0.0332
2025-11-24 12:34:29,524 - ResNet18_MNIST_logger - INFO - Epoch 4 [1/1875 (0.1%)] Loss: 0.0056 Acc: 1.0000
2025-11-24 12:34:37,047 - ResNet18_MNIST_logger - INFO - Epoch 4 [11/1875 (0.6%)] Loss: 0.0015 Acc: 1.0000
2025-11-24 12:34:44,610 - ResNet18_MNIST_logger - INFO - Epoch 4 [21/1875 (1.1%)] Loss: 0.0026 Acc: 1.0000
2025-11-24 12:34:52,175 - ResNet18_MNIST_logger - INFO - Epoch 4 [31/1875 (1.7%)] Loss: 0.0079 Acc: 1.0000
2025-11-24 12:34:59,710 - ResNet18_MNIST_logger - INFO - Epoch 4 [41/1875 (2.2%)] Loss: 0.0022 Acc: 1.0000
2025-11-24 12:35:07,281 - ResNet18_MNIST_logger - INFO - Epoch 4 [51/1875 (2.7%)] Loss: 0.0007 Acc: 1.0000
2025-11-24 12:35:14,831 - ResNet18_MNIST_logger - INFO - Epoch 4 [61/1875 (3.3%)] Loss: 0.0103 Acc: 1.0000
2025-11-24 12:35:22,340 - ResNet18_MNIST_logger - INFO - Epoch 4 [71/1875 (3.8%)] Loss: 0.0021 Acc: 1.0000
2025-11-24 12:35:29,876 - ResNet18_MNIST_logger - INFO - Epoch 4 [81/1875 (4.3%)] Loss: 0.0246 Acc: 1.0000
2025-11-24 12:35:37,435 - ResNet18_MNIST_logger - INFO - Epoch 4 [91/1875 (4.9%)] Loss: 0.0278 Acc: 1.0000
2025-11-24 12:35:44,973 - ResNet18_MNIST_logger - INFO - Epoch 4 [101/1875 (5.4%)] Loss: 0.0069 Acc: 1.0000
2025-11-24 12:35:52,481 - ResNet18_MNIST_logger - INFO - Epoch 4 [111/1875 (5.9%)] Loss: 0.0031 Acc: 1.0000
2025-11-24 12:35:59,997 - ResNet18_MNIST_logger - INFO - Epoch 4 [121/1875 (6.5%)] Loss: 0.0092 Acc: 1.0000
2025-11-24 12:36:07,550 - ResNet18_MNIST_logger - INFO - Epoch 4 [131/1875 (7.0%)] Loss: 0.0090 Acc: 1.0000
2025-11-24 12:36:15,083 - ResNet18_MNIST_logger - INFO - Epoch 4 [141/1875 (7.5%)] Loss: 0.0141 Acc: 1.0000
2025-11-24 12:36:22,617 - ResNet18_MNIST_logger - INFO - Epoch 4 [151/1875 (8.1%)] Loss: 0.0011 Acc: 1.0000
2025-11-24 12:36:30,137 - ResNet18_MNIST_logger - INFO - Epoch 4 [161/1875 (8.6%)] Loss: 0.0004 Acc: 1.0000
2025-11-24 12:36:37,674 - ResNet18_MNIST_logger - INFO - Epoch 4 [171/1875 (9.1%)] Loss: 0.0090 Acc: 1.0000
2025-11-24 12:36:45,193 - ResNet18_MNIST_logger - INFO - Epoch 4 [181/1875 (9.7%)] Loss: 0.0114 Acc: 1.0000
2025-11-24 12:36:52,737 - ResNet18_MNIST_logger - INFO - Epoch 4 [191/1875 (10.2%)] Loss: 0.0006 Acc: 1.0000
2025-11-24 12:37:00,326 - ResNet18_MNIST_logger - INFO - Epoch 4 [201/1875 (10.7%)] Loss: 0.0018 Acc: 1.0000
2025-11-24 12:37:07,881 - ResNet18_MNIST_logger - INFO - Epoch 4 [211/1875 (11.3%)] Loss: 0.0107 Acc: 1.0000
2025-11-24 12:37:15,438 - ResNet18_MNIST_logger - INFO - Epoch 4 [221/1875 (11.8%)] Loss: 0.0031 Acc: 1.0000
2025-11-24 12:37:22,977 - ResNet18_MNIST_logger - INFO - Epoch 4 [231/1875 (12.3%)] Loss: 0.0012 Acc: 1.0000
2025-11-24 12:37:30,571 - ResNet18_MNIST_logger - INFO - Epoch 4 [241/1875 (12.9%)] Loss: 0.0009 Acc: 1.0000
2025-11-24 12:37:38,139 - ResNet18_MNIST_logger - INFO - Epoch 4 [251/1875 (13.4%)] Loss: 0.0004 Acc: 1.0000
2025-11-24 12:37:45,717 - ResNet18_MNIST_logger - INFO - Epoch 4 [261/1875 (13.9%)] Loss: 0.0007 Acc: 1.0000
2025-11-24 12:37:53,277 - ResNet18_MNIST_logger - INFO - Epoch 4 [271/1875 (14.5%)] Loss: 0.0019 Acc: 1.0000
2025-11-24 12:38:00,824 - ResNet18_MNIST_logger - INFO - Epoch 4 [281/1875 (15.0%)] Loss: 0.0020 Acc: 1.0000
2025-11-24 12:38:08,442 - ResNet18_MNIST_logger - INFO - Epoch 4 [291/1875 (15.5%)] Loss: 0.0349 Acc: 0.9688
2025-11-24 12:38:16,061 - ResNet18_MNIST_logger - INFO - Epoch 4 [301/1875 (16.1%)] Loss: 0.0054 Acc: 1.0000
2025-11-24 12:38:23,586 - ResNet18_MNIST_logger - INFO - Epoch 4 [311/1875 (16.6%)] Loss: 0.0012 Acc: 1.0000
2025-11-24 12:38:31,181 - ResNet18_MNIST_logger - INFO - Epoch 4 [321/1875 (17.1%)] Loss: 0.0194 Acc: 1.0000
2025-11-24 12:38:38,799 - ResNet18_MNIST_logger - INFO - Epoch 4 [331/1875 (17.7%)] Loss: 0.0011 Acc: 1.0000
2025-11-24 12:38:46,409 - ResNet18_MNIST_logger - INFO - Epoch 4 [341/1875 (18.2%)] Loss: 0.0111 Acc: 1.0000
2025-11-24 12:38:53,969 - ResNet18_MNIST_logger - INFO - Epoch 4 [351/1875 (18.7%)] Loss: 0.0721 Acc: 1.0000
2025-11-24 12:39:01,455 - ResNet18_MNIST_logger - INFO - Epoch 4 [361/1875 (19.3%)] Loss: 0.0018 Acc: 1.0000
2025-11-24 12:39:08,963 - ResNet18_MNIST_logger - INFO - Epoch 4 [371/1875 (19.8%)] Loss: 0.0738 Acc: 1.0000
2025-11-24 12:39:16,382 - ResNet18_MNIST_logger - INFO - Epoch 4 [381/1875 (20.3%)] Loss: 0.0296 Acc: 1.0000
2025-11-24 12:39:23,884 - ResNet18_MNIST_logger - INFO - Epoch 4 [391/1875 (20.9%)] Loss: 0.0769 Acc: 0.9688
2025-11-24 12:39:32,223 - ResNet18_MNIST_logger - INFO - Epoch 4 [401/1875 (21.4%)] Loss: 0.0423 Acc: 1.0000
2025-11-24 12:39:39,843 - ResNet18_MNIST_logger - INFO - Epoch 4 [411/1875 (21.9%)] Loss: 0.0014 Acc: 1.0000
2025-11-24 12:39:48,126 - ResNet18_MNIST_logger - INFO - Epoch 4 [421/1875 (22.5%)] Loss: 0.0009 Acc: 1.0000
2025-11-24 12:39:56,043 - ResNet18_MNIST_logger - INFO - Epoch 4 [431/1875 (23.0%)] Loss: 0.0713 Acc: 0.9688
2025-11-24 12:40:03,748 - ResNet18_MNIST_logger - INFO - Epoch 4 [441/1875 (23.5%)] Loss: 0.0059 Acc: 1.0000
2025-11-24 12:40:11,400 - ResNet18_MNIST_logger - INFO - Epoch 4 [451/1875 (24.1%)] Loss: 0.1051 Acc: 0.9688
2025-11-24 12:40:19,037 - ResNet18_MNIST_logger - INFO - Epoch 4 [461/1875 (24.6%)] Loss: 0.0014 Acc: 1.0000
2025-11-24 12:40:26,849 - ResNet18_MNIST_logger - INFO - Epoch 4 [471/1875 (25.1%)] Loss: 0.0005 Acc: 1.0000
2025-11-24 12:40:34,398 - ResNet18_MNIST_logger - INFO - Epoch 4 [481/1875 (25.7%)] Loss: 0.0174 Acc: 1.0000
2025-11-24 12:40:42,049 - ResNet18_MNIST_logger - INFO - Epoch 4 [491/1875 (26.2%)] Loss: 0.0048 Acc: 1.0000
2025-11-24 12:40:49,611 - ResNet18_MNIST_logger - INFO - Epoch 4 [501/1875 (26.7%)] Loss: 0.0003 Acc: 1.0000
2025-11-24 12:40:57,165 - ResNet18_MNIST_logger - INFO - Epoch 4 [511/1875 (27.3%)] Loss: 0.0043 Acc: 1.0000
2025-11-24 12:41:04,893 - ResNet18_MNIST_logger - INFO - Epoch 4 [521/1875 (27.8%)] Loss: 0.0502 Acc: 0.9688
2025-11-24 12:41:13,172 - ResNet18_MNIST_logger - INFO - Epoch 4 [531/1875 (28.3%)] Loss: 0.0021 Acc: 1.0000
2025-11-24 12:41:21,340 - ResNet18_MNIST_logger - INFO - Epoch 4 [541/1875 (28.9%)] Loss: 0.0034 Acc: 1.0000
2025-11-24 12:41:28,996 - ResNet18_MNIST_logger - INFO - Epoch 4 [551/1875 (29.4%)] Loss: 0.0025 Acc: 1.0000
2025-11-24 12:41:36,791 - ResNet18_MNIST_logger - INFO - Epoch 4 [561/1875 (29.9%)] Loss: 0.0036 Acc: 1.0000
2025-11-24 12:41:44,425 - ResNet18_MNIST_logger - INFO - Epoch 4 [571/1875 (30.5%)] Loss: 0.0147 Acc: 1.0000
2025-11-24 12:41:52,049 - ResNet18_MNIST_logger - INFO - Epoch 4 [581/1875 (31.0%)] Loss: 0.0057 Acc: 1.0000
2025-11-24 12:41:59,668 - ResNet18_MNIST_logger - INFO - Epoch 4 [591/1875 (31.5%)] Loss: 0.0343 Acc: 1.0000
2025-11-24 12:42:07,301 - ResNet18_MNIST_logger - INFO - Epoch 4 [601/1875 (32.1%)] Loss: 0.0010 Acc: 1.0000
2025-11-24 12:42:14,940 - ResNet18_MNIST_logger - INFO - Epoch 4 [611/1875 (32.6%)] Loss: 0.1077 Acc: 0.9688
2025-11-24 12:42:22,569 - ResNet18_MNIST_logger - INFO - Epoch 4 [621/1875 (33.1%)] Loss: 0.0059 Acc: 1.0000
2025-11-24 12:42:30,238 - ResNet18_MNIST_logger - INFO - Epoch 4 [631/1875 (33.7%)] Loss: 0.0018 Acc: 1.0000
2025-11-24 12:42:38,282 - ResNet18_MNIST_logger - INFO - Epoch 4 [641/1875 (34.2%)] Loss: 0.0015 Acc: 1.0000
2025-11-24 12:42:45,928 - ResNet18_MNIST_logger - INFO - Epoch 4 [651/1875 (34.7%)] Loss: 0.0004 Acc: 1.0000
2025-11-24 12:42:53,692 - ResNet18_MNIST_logger - INFO - Epoch 4 [661/1875 (35.3%)] Loss: 0.0106 Acc: 0.9688
2025-11-24 12:43:01,396 - ResNet18_MNIST_logger - INFO - Epoch 4 [671/1875 (35.8%)] Loss: 0.1166 Acc: 1.0000
2025-11-24 12:43:09,178 - ResNet18_MNIST_logger - INFO - Epoch 4 [681/1875 (36.3%)] Loss: 0.0004 Acc: 1.0000
2025-11-24 12:43:16,941 - ResNet18_MNIST_logger - INFO - Epoch 4 [691/1875 (36.9%)] Loss: 0.0620 Acc: 1.0000
2025-11-24 12:43:24,593 - ResNet18_MNIST_logger - INFO - Epoch 4 [701/1875 (37.4%)] Loss: 0.0127 Acc: 1.0000
2025-11-24 12:43:32,291 - ResNet18_MNIST_logger - INFO - Epoch 4 [711/1875 (37.9%)] Loss: 0.0102 Acc: 1.0000
2025-11-24 12:43:39,945 - ResNet18_MNIST_logger - INFO - Epoch 4 [721/1875 (38.5%)] Loss: 0.0021 Acc: 1.0000
2025-11-24 12:43:47,577 - ResNet18_MNIST_logger - INFO - Epoch 4 [731/1875 (39.0%)] Loss: 0.0170 Acc: 1.0000
2025-11-24 12:43:55,265 - ResNet18_MNIST_logger - INFO - Epoch 4 [741/1875 (39.5%)] Loss: 0.0002 Acc: 1.0000
2025-11-24 12:44:02,873 - ResNet18_MNIST_logger - INFO - Epoch 4 [751/1875 (40.1%)] Loss: 0.0290 Acc: 1.0000
2025-11-24 12:44:10,401 - ResNet18_MNIST_logger - INFO - Epoch 4 [761/1875 (40.6%)] Loss: 0.0165 Acc: 1.0000
2025-11-24 12:44:17,987 - ResNet18_MNIST_logger - INFO - Epoch 4 [771/1875 (41.1%)] Loss: 0.0008 Acc: 1.0000
2025-11-24 12:44:25,665 - ResNet18_MNIST_logger - INFO - Epoch 4 [781/1875 (41.7%)] Loss: 0.0536 Acc: 1.0000
2025-11-24 12:44:33,255 - ResNet18_MNIST_logger - INFO - Epoch 4 [791/1875 (42.2%)] Loss: 0.0932 Acc: 1.0000
2025-11-24 12:44:40,887 - ResNet18_MNIST_logger - INFO - Epoch 4 [801/1875 (42.7%)] Loss: 0.3872 Acc: 1.0000
2025-11-24 12:44:48,591 - ResNet18_MNIST_logger - INFO - Epoch 4 [811/1875 (43.3%)] Loss: 0.0056 Acc: 1.0000
2025-11-24 12:44:56,234 - ResNet18_MNIST_logger - INFO - Epoch 4 [821/1875 (43.8%)] Loss: 0.0234 Acc: 1.0000
2025-11-24 12:45:03,958 - ResNet18_MNIST_logger - INFO - Epoch 4 [831/1875 (44.3%)] Loss: 0.0007 Acc: 1.0000
2025-11-24 12:45:11,672 - ResNet18_MNIST_logger - INFO - Epoch 4 [841/1875 (44.9%)] Loss: 0.0468 Acc: 1.0000
2025-11-24 12:45:19,268 - ResNet18_MNIST_logger - INFO - Epoch 4 [851/1875 (45.4%)] Loss: 0.0064 Acc: 1.0000
2025-11-24 12:45:26,892 - ResNet18_MNIST_logger - INFO - Epoch 4 [861/1875 (45.9%)] Loss: 0.0236 Acc: 1.0000
2025-11-24 12:45:34,483 - ResNet18_MNIST_logger - INFO - Epoch 4 [871/1875 (46.5%)] Loss: 0.0236 Acc: 1.0000
2025-11-24 12:45:42,139 - ResNet18_MNIST_logger - INFO - Epoch 4 [881/1875 (47.0%)] Loss: 0.0003 Acc: 1.0000
2025-11-24 12:45:49,753 - ResNet18_MNIST_logger - INFO - Epoch 4 [891/1875 (47.5%)] Loss: 0.0005 Acc: 1.0000
2025-11-24 12:45:57,391 - ResNet18_MNIST_logger - INFO - Epoch 4 [901/1875 (48.1%)] Loss: 0.0226 Acc: 1.0000
2025-11-24 12:46:05,081 - ResNet18_MNIST_logger - INFO - Epoch 4 [911/1875 (48.6%)] Loss: 0.0480 Acc: 0.9688
2025-11-24 12:46:12,749 - ResNet18_MNIST_logger - INFO - Epoch 4 [921/1875 (49.1%)] Loss: 0.2485 Acc: 0.9688
2025-11-24 12:46:20,348 - ResNet18_MNIST_logger - INFO - Epoch 4 [931/1875 (49.7%)] Loss: 0.0920 Acc: 1.0000
2025-11-24 12:46:27,940 - ResNet18_MNIST_logger - INFO - Epoch 4 [941/1875 (50.2%)] Loss: 0.0719 Acc: 1.0000
2025-11-24 12:46:35,533 - ResNet18_MNIST_logger - INFO - Epoch 4 [951/1875 (50.7%)] Loss: 0.0021 Acc: 1.0000
2025-11-24 12:46:43,175 - ResNet18_MNIST_logger - INFO - Epoch 4 [961/1875 (51.3%)] Loss: 0.0060 Acc: 1.0000
2025-11-24 12:46:50,803 - ResNet18_MNIST_logger - INFO - Epoch 4 [971/1875 (51.8%)] Loss: 0.0042 Acc: 1.0000
2025-11-24 12:46:58,478 - ResNet18_MNIST_logger - INFO - Epoch 4 [981/1875 (52.3%)] Loss: 0.0096 Acc: 1.0000
2025-11-24 12:47:06,132 - ResNet18_MNIST_logger - INFO - Epoch 4 [991/1875 (52.9%)] Loss: 0.0205 Acc: 1.0000
2025-11-24 12:47:13,741 - ResNet18_MNIST_logger - INFO - Epoch 4 [1001/1875 (53.4%)] Loss: 0.0028 Acc: 1.0000
2025-11-24 12:47:21,327 - ResNet18_MNIST_logger - INFO - Epoch 4 [1011/1875 (53.9%)] Loss: 0.0053 Acc: 1.0000
2025-11-24 12:47:28,901 - ResNet18_MNIST_logger - INFO - Epoch 4 [1021/1875 (54.5%)] Loss: 0.0230 Acc: 1.0000
2025-11-24 12:47:36,556 - ResNet18_MNIST_logger - INFO - Epoch 4 [1031/1875 (55.0%)] Loss: 0.0011 Acc: 1.0000
2025-11-24 12:47:44,194 - ResNet18_MNIST_logger - INFO - Epoch 4 [1041/1875 (55.5%)] Loss: 0.0107 Acc: 1.0000
2025-11-24 12:47:51,849 - ResNet18_MNIST_logger - INFO - Epoch 4 [1051/1875 (56.1%)] Loss: 0.0259 Acc: 1.0000
2025-11-24 12:47:59,468 - ResNet18_MNIST_logger - INFO - Epoch 4 [1061/1875 (56.6%)] Loss: 0.0027 Acc: 1.0000
2025-11-24 12:48:07,157 - ResNet18_MNIST_logger - INFO - Epoch 4 [1071/1875 (57.1%)] Loss: 0.0177 Acc: 1.0000
2025-11-24 12:48:14,811 - ResNet18_MNIST_logger - INFO - Epoch 4 [1081/1875 (57.7%)] Loss: 0.0022 Acc: 1.0000
2025-11-24 12:48:22,404 - ResNet18_MNIST_logger - INFO - Epoch 4 [1091/1875 (58.2%)] Loss: 0.0027 Acc: 1.0000
2025-11-24 12:48:29,987 - ResNet18_MNIST_logger - INFO - Epoch 4 [1101/1875 (58.7%)] Loss: 0.0004 Acc: 1.0000
2025-11-24 12:48:37,630 - ResNet18_MNIST_logger - INFO - Epoch 4 [1111/1875 (59.3%)] Loss: 0.0001 Acc: 1.0000
2025-11-24 12:48:45,298 - ResNet18_MNIST_logger - INFO - Epoch 4 [1121/1875 (59.8%)] Loss: 0.0081 Acc: 1.0000
2025-11-24 12:48:52,988 - ResNet18_MNIST_logger - INFO - Epoch 4 [1131/1875 (60.3%)] Loss: 0.0005 Acc: 1.0000
2025-11-24 12:49:00,666 - ResNet18_MNIST_logger - INFO - Epoch 4 [1141/1875 (60.9%)] Loss: 0.0035 Acc: 1.0000
2025-11-24 12:49:08,338 - ResNet18_MNIST_logger - INFO - Epoch 4 [1151/1875 (61.4%)] Loss: 0.0009 Acc: 1.0000
2025-11-24 12:49:16,028 - ResNet18_MNIST_logger - INFO - Epoch 4 [1161/1875 (61.9%)] Loss: 0.0039 Acc: 1.0000
2025-11-24 12:49:23,665 - ResNet18_MNIST_logger - INFO - Epoch 4 [1171/1875 (62.5%)] Loss: 0.0106 Acc: 1.0000
2025-11-24 12:49:31,161 - ResNet18_MNIST_logger - INFO - Epoch 4 [1181/1875 (63.0%)] Loss: 0.0134 Acc: 1.0000
2025-11-24 12:49:38,771 - ResNet18_MNIST_logger - INFO - Epoch 4 [1191/1875 (63.5%)] Loss: 0.0076 Acc: 1.0000
2025-11-24 12:49:46,359 - ResNet18_MNIST_logger - INFO - Epoch 4 [1201/1875 (64.1%)] Loss: 0.0037 Acc: 1.0000
2025-11-24 12:49:53,972 - ResNet18_MNIST_logger - INFO - Epoch 4 [1211/1875 (64.6%)] Loss: 0.0010 Acc: 1.0000
2025-11-24 12:50:01,525 - ResNet18_MNIST_logger - INFO - Epoch 4 [1221/1875 (65.1%)] Loss: 0.0024 Acc: 1.0000
2025-11-24 12:50:09,181 - ResNet18_MNIST_logger - INFO - Epoch 4 [1231/1875 (65.7%)] Loss: 0.0015 Acc: 1.0000
2025-11-24 12:50:16,732 - ResNet18_MNIST_logger - INFO - Epoch 4 [1241/1875 (66.2%)] Loss: 0.3978 Acc: 0.9688
2025-11-24 12:50:24,230 - ResNet18_MNIST_logger - INFO - Epoch 4 [1251/1875 (66.7%)] Loss: 0.0391 Acc: 1.0000
2025-11-24 12:50:31,719 - ResNet18_MNIST_logger - INFO - Epoch 4 [1261/1875 (67.3%)] Loss: 0.0057 Acc: 1.0000
2025-11-24 12:50:39,277 - ResNet18_MNIST_logger - INFO - Epoch 4 [1271/1875 (67.8%)] Loss: 0.0047 Acc: 1.0000
2025-11-24 12:50:46,842 - ResNet18_MNIST_logger - INFO - Epoch 4 [1281/1875 (68.3%)] Loss: 0.0617 Acc: 1.0000
2025-11-24 12:50:54,454 - ResNet18_MNIST_logger - INFO - Epoch 4 [1291/1875 (68.9%)] Loss: 0.0381 Acc: 0.9688
2025-11-24 12:51:02,063 - ResNet18_MNIST_logger - INFO - Epoch 4 [1301/1875 (69.4%)] Loss: 0.0001 Acc: 1.0000
2025-11-24 12:51:09,601 - ResNet18_MNIST_logger - INFO - Epoch 4 [1311/1875 (69.9%)] Loss: 0.0107 Acc: 1.0000
2025-11-24 12:51:17,152 - ResNet18_MNIST_logger - INFO - Epoch 4 [1321/1875 (70.5%)] Loss: 0.0518 Acc: 1.0000
2025-11-24 12:51:24,655 - ResNet18_MNIST_logger - INFO - Epoch 4 [1331/1875 (71.0%)] Loss: 0.0063 Acc: 1.0000
2025-11-24 12:51:32,164 - ResNet18_MNIST_logger - INFO - Epoch 4 [1341/1875 (71.5%)] Loss: 0.0023 Acc: 1.0000
2025-11-24 12:51:39,673 - ResNet18_MNIST_logger - INFO - Epoch 4 [1351/1875 (72.1%)] Loss: 0.0308 Acc: 1.0000
2025-11-24 12:51:47,225 - ResNet18_MNIST_logger - INFO - Epoch 4 [1361/1875 (72.6%)] Loss: 0.0018 Acc: 1.0000
2025-11-24 12:51:54,817 - ResNet18_MNIST_logger - INFO - Epoch 4 [1371/1875 (73.1%)] Loss: 0.0335 Acc: 1.0000
2025-11-24 12:52:02,358 - ResNet18_MNIST_logger - INFO - Epoch 4 [1381/1875 (73.7%)] Loss: 0.0068 Acc: 1.0000
2025-11-24 12:52:09,956 - ResNet18_MNIST_logger - INFO - Epoch 4 [1391/1875 (74.2%)] Loss: 0.0049 Acc: 1.0000
2025-11-24 12:52:17,500 - ResNet18_MNIST_logger - INFO - Epoch 4 [1401/1875 (74.7%)] Loss: 0.0139 Acc: 1.0000
2025-11-24 12:52:25,016 - ResNet18_MNIST_logger - INFO - Epoch 4 [1411/1875 (75.3%)] Loss: 0.0848 Acc: 0.9688
2025-11-24 12:52:32,499 - ResNet18_MNIST_logger - INFO - Epoch 4 [1421/1875 (75.8%)] Loss: 0.0035 Acc: 1.0000
2025-11-24 12:52:40,015 - ResNet18_MNIST_logger - INFO - Epoch 4 [1431/1875 (76.3%)] Loss: 0.0010 Acc: 1.0000
2025-11-24 12:52:47,555 - ResNet18_MNIST_logger - INFO - Epoch 4 [1441/1875 (76.9%)] Loss: 0.0021 Acc: 1.0000
2025-11-24 12:52:55,138 - ResNet18_MNIST_logger - INFO - Epoch 4 [1451/1875 (77.4%)] Loss: 0.0030 Acc: 1.0000
2025-11-24 12:53:02,636 - ResNet18_MNIST_logger - INFO - Epoch 4 [1461/1875 (77.9%)] Loss: 0.0038 Acc: 1.0000
2025-11-24 12:53:10,283 - ResNet18_MNIST_logger - INFO - Epoch 4 [1471/1875 (78.5%)] Loss: 0.0002 Acc: 1.0000
2025-11-24 12:53:17,844 - ResNet18_MNIST_logger - INFO - Epoch 4 [1481/1875 (79.0%)] Loss: 0.0031 Acc: 1.0000
2025-11-24 12:53:25,396 - ResNet18_MNIST_logger - INFO - Epoch 4 [1491/1875 (79.5%)] Loss: 0.0028 Acc: 1.0000
2025-11-24 12:53:32,945 - ResNet18_MNIST_logger - INFO - Epoch 4 [1501/1875 (80.1%)] Loss: 0.0008 Acc: 1.0000
2025-11-24 12:53:40,599 - ResNet18_MNIST_logger - INFO - Epoch 4 [1511/1875 (80.6%)] Loss: 0.0025 Acc: 1.0000
2025-11-24 12:53:48,170 - ResNet18_MNIST_logger - INFO - Epoch 4 [1521/1875 (81.1%)] Loss: 0.0537 Acc: 1.0000
2025-11-24 12:53:55,778 - ResNet18_MNIST_logger - INFO - Epoch 4 [1531/1875 (81.7%)] Loss: 0.1994 Acc: 0.9688
2025-11-24 12:54:03,357 - ResNet18_MNIST_logger - INFO - Epoch 4 [1541/1875 (82.2%)] Loss: 0.0019 Acc: 1.0000
2025-11-24 12:54:10,943 - ResNet18_MNIST_logger - INFO - Epoch 4 [1551/1875 (82.7%)] Loss: 0.0101 Acc: 1.0000
2025-11-24 12:54:18,579 - ResNet18_MNIST_logger - INFO - Epoch 4 [1561/1875 (83.3%)] Loss: 0.0568 Acc: 1.0000
2025-11-24 12:54:26,158 - ResNet18_MNIST_logger - INFO - Epoch 4 [1571/1875 (83.8%)] Loss: 0.0433 Acc: 1.0000
2025-11-24 12:54:33,698 - ResNet18_MNIST_logger - INFO - Epoch 4 [1581/1875 (84.3%)] Loss: 0.0494 Acc: 1.0000
2025-11-24 12:54:41,344 - ResNet18_MNIST_logger - INFO - Epoch 4 [1591/1875 (84.9%)] Loss: 0.0267 Acc: 1.0000
2025-11-24 12:54:48,951 - ResNet18_MNIST_logger - INFO - Epoch 4 [1601/1875 (85.4%)] Loss: 0.0004 Acc: 1.0000
2025-11-24 12:54:56,508 - ResNet18_MNIST_logger - INFO - Epoch 4 [1611/1875 (85.9%)] Loss: 0.0015 Acc: 1.0000
2025-11-24 12:55:04,094 - ResNet18_MNIST_logger - INFO - Epoch 4 [1621/1875 (86.5%)] Loss: 0.0017 Acc: 1.0000
2025-11-24 12:55:11,670 - ResNet18_MNIST_logger - INFO - Epoch 4 [1631/1875 (87.0%)] Loss: 0.0229 Acc: 1.0000
2025-11-24 12:55:19,193 - ResNet18_MNIST_logger - INFO - Epoch 4 [1641/1875 (87.5%)] Loss: 0.1021 Acc: 1.0000
2025-11-24 12:55:26,716 - ResNet18_MNIST_logger - INFO - Epoch 4 [1651/1875 (88.1%)] Loss: 0.1587 Acc: 0.9688
2025-11-24 12:55:34,229 - ResNet18_MNIST_logger - INFO - Epoch 4 [1661/1875 (88.6%)] Loss: 0.0056 Acc: 1.0000
2025-11-24 12:55:41,739 - ResNet18_MNIST_logger - INFO - Epoch 4 [1671/1875 (89.1%)] Loss: 0.0014 Acc: 1.0000
2025-11-24 12:55:49,263 - ResNet18_MNIST_logger - INFO - Epoch 4 [1681/1875 (89.7%)] Loss: 0.0059 Acc: 1.0000
2025-11-24 12:55:56,774 - ResNet18_MNIST_logger - INFO - Epoch 4 [1691/1875 (90.2%)] Loss: 0.0268 Acc: 1.0000
2025-11-24 12:56:04,292 - ResNet18_MNIST_logger - INFO - Epoch 4 [1701/1875 (90.7%)] Loss: 0.0045 Acc: 1.0000
2025-11-24 12:56:11,848 - ResNet18_MNIST_logger - INFO - Epoch 4 [1711/1875 (91.3%)] Loss: 0.0156 Acc: 1.0000
2025-11-24 12:56:19,391 - ResNet18_MNIST_logger - INFO - Epoch 4 [1721/1875 (91.8%)] Loss: 0.0035 Acc: 1.0000
2025-11-24 12:56:26,915 - ResNet18_MNIST_logger - INFO - Epoch 4 [1731/1875 (92.3%)] Loss: 0.0316 Acc: 1.0000
2025-11-24 12:56:34,414 - ResNet18_MNIST_logger - INFO - Epoch 4 [1741/1875 (92.9%)] Loss: 0.1752 Acc: 0.9688
2025-11-24 12:56:41,923 - ResNet18_MNIST_logger - INFO - Epoch 4 [1751/1875 (93.4%)] Loss: 0.1772 Acc: 0.9688
2025-11-24 12:56:49,428 - ResNet18_MNIST_logger - INFO - Epoch 4 [1761/1875 (93.9%)] Loss: 0.1901 Acc: 0.9375
2025-11-24 12:56:56,945 - ResNet18_MNIST_logger - INFO - Epoch 4 [1771/1875 (94.5%)] Loss: 0.0151 Acc: 1.0000
2025-11-24 12:57:04,503 - ResNet18_MNIST_logger - INFO - Epoch 4 [1781/1875 (95.0%)] Loss: 0.0157 Acc: 1.0000
2025-11-24 12:57:12,066 - ResNet18_MNIST_logger - INFO - Epoch 4 [1791/1875 (95.5%)] Loss: 0.0294 Acc: 1.0000
2025-11-24 12:57:19,675 - ResNet18_MNIST_logger - INFO - Epoch 4 [1801/1875 (96.1%)] Loss: 0.0665 Acc: 0.9688
2025-11-24 12:57:27,203 - ResNet18_MNIST_logger - INFO - Epoch 4 [1811/1875 (96.6%)] Loss: 0.1139 Acc: 1.0000
2025-11-24 12:57:34,720 - ResNet18_MNIST_logger - INFO - Epoch 4 [1821/1875 (97.1%)] Loss: 0.0014 Acc: 1.0000
2025-11-24 12:57:42,272 - ResNet18_MNIST_logger - INFO - Epoch 4 [1831/1875 (97.7%)] Loss: 0.0005 Acc: 1.0000
2025-11-24 12:57:49,811 - ResNet18_MNIST_logger - INFO - Epoch 4 [1841/1875 (98.2%)] Loss: 0.0005 Acc: 1.0000
2025-11-24 12:57:57,377 - ResNet18_MNIST_logger - INFO - Epoch 4 [1851/1875 (98.7%)] Loss: 0.0006 Acc: 1.0000
2025-11-24 12:58:05,004 - ResNet18_MNIST_logger - INFO - Epoch 4 [1861/1875 (99.3%)] Loss: 0.0010 Acc: 1.0000
2025-11-24 12:58:12,641 - ResNet18_MNIST_logger - INFO - Epoch 4 [1871/1875 (99.8%)] Loss: 0.0027 Acc: 1.0000
2025-11-24 13:10:25,451 - ResNet18_MNIST_logger - INFO - Epoch   4 | Train Loss: 0.0312 | Train Acc: 0.9923 | Val Loss: 0.0364 | Val Acc: 0.0364
2025-11-24 13:10:26,520 - ResNet18_MNIST_logger - INFO - Epoch 5 [1/1875 (0.1%)] Loss: 0.0002 Acc: 1.0000
2025-11-24 13:10:34,056 - ResNet18_MNIST_logger - INFO - Epoch 5 [11/1875 (0.6%)] Loss: 0.0082 Acc: 1.0000
2025-11-24 13:10:41,613 - ResNet18_MNIST_logger - INFO - Epoch 5 [21/1875 (1.1%)] Loss: 0.0266 Acc: 1.0000
2025-11-24 13:10:49,131 - ResNet18_MNIST_logger - INFO - Epoch 5 [31/1875 (1.7%)] Loss: 0.0013 Acc: 1.0000
2025-11-24 13:10:56,588 - ResNet18_MNIST_logger - INFO - Epoch 5 [41/1875 (2.2%)] Loss: 0.0084 Acc: 1.0000
2025-11-24 13:11:04,094 - ResNet18_MNIST_logger - INFO - Epoch 5 [51/1875 (2.7%)] Loss: 0.2493 Acc: 0.9688
2025-11-24 13:11:11,626 - ResNet18_MNIST_logger - INFO - Epoch 5 [61/1875 (3.3%)] Loss: 0.0071 Acc: 1.0000
2025-11-24 13:11:19,201 - ResNet18_MNIST_logger - INFO - Epoch 5 [71/1875 (3.8%)] Loss: 0.0482 Acc: 1.0000
2025-11-24 13:11:26,762 - ResNet18_MNIST_logger - INFO - Epoch 5 [81/1875 (4.3%)] Loss: 0.1051 Acc: 0.9688
2025-11-24 13:11:34,375 - ResNet18_MNIST_logger - INFO - Epoch 5 [91/1875 (4.9%)] Loss: 0.0239 Acc: 0.9688
2025-11-24 13:11:42,034 - ResNet18_MNIST_logger - INFO - Epoch 5 [101/1875 (5.4%)] Loss: 0.0015 Acc: 1.0000
2025-11-24 13:11:49,593 - ResNet18_MNIST_logger - INFO - Epoch 5 [111/1875 (5.9%)] Loss: 0.0020 Acc: 1.0000
2025-11-24 13:11:57,126 - ResNet18_MNIST_logger - INFO - Epoch 5 [121/1875 (6.5%)] Loss: 0.0005 Acc: 1.0000
2025-11-24 13:12:04,619 - ResNet18_MNIST_logger - INFO - Epoch 5 [131/1875 (7.0%)] Loss: 0.0014 Acc: 1.0000
2025-11-24 13:12:12,095 - ResNet18_MNIST_logger - INFO - Epoch 5 [141/1875 (7.5%)] Loss: 0.0540 Acc: 1.0000
2025-11-24 13:12:19,567 - ResNet18_MNIST_logger - INFO - Epoch 5 [151/1875 (8.1%)] Loss: 0.0060 Acc: 1.0000
2025-11-24 13:12:27,127 - ResNet18_MNIST_logger - INFO - Epoch 5 [161/1875 (8.6%)] Loss: 0.0011 Acc: 1.0000
2025-11-24 13:12:34,624 - ResNet18_MNIST_logger - INFO - Epoch 5 [171/1875 (9.1%)] Loss: 0.0010 Acc: 1.0000
2025-11-24 13:12:42,154 - ResNet18_MNIST_logger - INFO - Epoch 5 [181/1875 (9.7%)] Loss: 0.0000 Acc: 1.0000
2025-11-24 13:12:49,623 - ResNet18_MNIST_logger - INFO - Epoch 5 [191/1875 (10.2%)] Loss: 0.0022 Acc: 1.0000
2025-11-24 13:12:57,126 - ResNet18_MNIST_logger - INFO - Epoch 5 [201/1875 (10.7%)] Loss: 0.1185 Acc: 1.0000
2025-11-24 13:13:04,665 - ResNet18_MNIST_logger - INFO - Epoch 5 [211/1875 (11.3%)] Loss: 0.0021 Acc: 1.0000
2025-11-24 13:13:12,181 - ResNet18_MNIST_logger - INFO - Epoch 5 [221/1875 (11.8%)] Loss: 0.0039 Acc: 1.0000
2025-11-24 13:13:19,725 - ResNet18_MNIST_logger - INFO - Epoch 5 [231/1875 (12.3%)] Loss: 0.0002 Acc: 1.0000
2025-11-24 13:13:27,263 - ResNet18_MNIST_logger - INFO - Epoch 5 [241/1875 (12.9%)] Loss: 0.0259 Acc: 1.0000
2025-11-24 13:13:34,800 - ResNet18_MNIST_logger - INFO - Epoch 5 [251/1875 (13.4%)] Loss: 0.0033 Acc: 1.0000
2025-11-24 13:13:42,283 - ResNet18_MNIST_logger - INFO - Epoch 5 [261/1875 (13.9%)] Loss: 0.0015 Acc: 1.0000
2025-11-24 13:13:49,954 - ResNet18_MNIST_logger - INFO - Epoch 5 [271/1875 (14.5%)] Loss: 0.0001 Acc: 1.0000
2025-11-24 13:13:57,571 - ResNet18_MNIST_logger - INFO - Epoch 5 [281/1875 (15.0%)] Loss: 0.0020 Acc: 1.0000
2025-11-24 13:14:05,125 - ResNet18_MNIST_logger - INFO - Epoch 5 [291/1875 (15.5%)] Loss: 0.0126 Acc: 1.0000
2025-11-24 13:14:12,595 - ResNet18_MNIST_logger - INFO - Epoch 5 [301/1875 (16.1%)] Loss: 0.0205 Acc: 1.0000
2025-11-24 13:14:20,154 - ResNet18_MNIST_logger - INFO - Epoch 5 [311/1875 (16.6%)] Loss: 0.0025 Acc: 1.0000
2025-11-24 13:14:27,634 - ResNet18_MNIST_logger - INFO - Epoch 5 [321/1875 (17.1%)] Loss: 0.0006 Acc: 1.0000
2025-11-24 13:14:35,121 - ResNet18_MNIST_logger - INFO - Epoch 5 [331/1875 (17.7%)] Loss: 0.0010 Acc: 1.0000
2025-11-24 13:14:42,648 - ResNet18_MNIST_logger - INFO - Epoch 5 [341/1875 (18.2%)] Loss: 0.0188 Acc: 1.0000
2025-11-24 13:14:50,247 - ResNet18_MNIST_logger - INFO - Epoch 5 [351/1875 (18.7%)] Loss: 0.0150 Acc: 0.9688
2025-11-24 13:14:57,823 - ResNet18_MNIST_logger - INFO - Epoch 5 [361/1875 (19.3%)] Loss: 0.0175 Acc: 1.0000
2025-11-24 13:15:05,345 - ResNet18_MNIST_logger - INFO - Epoch 5 [371/1875 (19.8%)] Loss: 0.0055 Acc: 0.9688
2025-11-24 13:15:12,895 - ResNet18_MNIST_logger - INFO - Epoch 5 [381/1875 (20.3%)] Loss: 0.0024 Acc: 1.0000
2025-11-24 13:15:20,386 - ResNet18_MNIST_logger - INFO - Epoch 5 [391/1875 (20.9%)] Loss: 0.0001 Acc: 1.0000
2025-11-24 13:15:27,902 - ResNet18_MNIST_logger - INFO - Epoch 5 [401/1875 (21.4%)] Loss: 0.0016 Acc: 1.0000
2025-11-24 13:15:35,414 - ResNet18_MNIST_logger - INFO - Epoch 5 [411/1875 (21.9%)] Loss: 0.0017 Acc: 1.0000
2025-11-24 13:15:42,938 - ResNet18_MNIST_logger - INFO - Epoch 5 [421/1875 (22.5%)] Loss: 0.0044 Acc: 1.0000
2025-11-24 13:15:50,550 - ResNet18_MNIST_logger - INFO - Epoch 5 [431/1875 (23.0%)] Loss: 0.0009 Acc: 1.0000
2025-11-24 13:15:58,154 - ResNet18_MNIST_logger - INFO - Epoch 5 [441/1875 (23.5%)] Loss: 0.0454 Acc: 1.0000
2025-11-24 13:16:05,718 - ResNet18_MNIST_logger - INFO - Epoch 5 [451/1875 (24.1%)] Loss: 0.0191 Acc: 1.0000
2025-11-24 13:16:13,240 - ResNet18_MNIST_logger - INFO - Epoch 5 [461/1875 (24.6%)] Loss: 0.0018 Acc: 1.0000
2025-11-24 13:16:20,747 - ResNet18_MNIST_logger - INFO - Epoch 5 [471/1875 (25.1%)] Loss: 0.1811 Acc: 1.0000
2025-11-24 13:16:28,280 - ResNet18_MNIST_logger - INFO - Epoch 5 [481/1875 (25.7%)] Loss: 0.0032 Acc: 1.0000
2025-11-24 13:16:35,789 - ResNet18_MNIST_logger - INFO - Epoch 5 [491/1875 (26.2%)] Loss: 0.0013 Acc: 1.0000
2025-11-24 13:16:43,296 - ResNet18_MNIST_logger - INFO - Epoch 5 [501/1875 (26.7%)] Loss: 0.0027 Acc: 1.0000
2025-11-24 13:16:50,848 - ResNet18_MNIST_logger - INFO - Epoch 5 [511/1875 (27.3%)] Loss: 0.1045 Acc: 0.9688
2025-11-24 13:16:58,471 - ResNet18_MNIST_logger - INFO - Epoch 5 [521/1875 (27.8%)] Loss: 0.0049 Acc: 1.0000
2025-11-24 13:17:05,975 - ResNet18_MNIST_logger - INFO - Epoch 5 [531/1875 (28.3%)] Loss: 0.0055 Acc: 1.0000
2025-11-24 13:17:13,540 - ResNet18_MNIST_logger - INFO - Epoch 5 [541/1875 (28.9%)] Loss: 0.0183 Acc: 1.0000
2025-11-24 13:17:21,097 - ResNet18_MNIST_logger - INFO - Epoch 5 [551/1875 (29.4%)] Loss: 0.0071 Acc: 1.0000
2025-11-24 13:17:28,599 - ResNet18_MNIST_logger - INFO - Epoch 5 [561/1875 (29.9%)] Loss: 0.0008 Acc: 1.0000
2025-11-24 13:17:36,154 - ResNet18_MNIST_logger - INFO - Epoch 5 [571/1875 (30.5%)] Loss: 0.0019 Acc: 1.0000
2025-11-24 13:17:44,182 - ResNet18_MNIST_logger - INFO - Epoch 5 [581/1875 (31.0%)] Loss: 0.0011 Acc: 1.0000
2025-11-24 13:17:51,907 - ResNet18_MNIST_logger - INFO - Epoch 5 [591/1875 (31.5%)] Loss: 0.0132 Acc: 1.0000
2025-11-24 13:17:59,891 - ResNet18_MNIST_logger - INFO - Epoch 5 [601/1875 (32.1%)] Loss: 0.0010 Acc: 1.0000
2025-11-24 13:18:07,689 - ResNet18_MNIST_logger - INFO - Epoch 5 [611/1875 (32.6%)] Loss: 0.0111 Acc: 1.0000
2025-11-24 13:18:15,392 - ResNet18_MNIST_logger - INFO - Epoch 5 [621/1875 (33.1%)] Loss: 0.0042 Acc: 1.0000
2025-11-24 13:18:23,081 - ResNet18_MNIST_logger - INFO - Epoch 5 [631/1875 (33.7%)] Loss: 0.0029 Acc: 1.0000
2025-11-24 13:18:30,878 - ResNet18_MNIST_logger - INFO - Epoch 5 [641/1875 (34.2%)] Loss: 0.0230 Acc: 1.0000
2025-11-24 13:18:38,672 - ResNet18_MNIST_logger - INFO - Epoch 5 [651/1875 (34.7%)] Loss: 0.0021 Acc: 1.0000
2025-11-24 13:18:46,541 - ResNet18_MNIST_logger - INFO - Epoch 5 [661/1875 (35.3%)] Loss: 0.0021 Acc: 1.0000
2025-11-24 13:18:54,291 - ResNet18_MNIST_logger - INFO - Epoch 5 [671/1875 (35.8%)] Loss: 0.0006 Acc: 1.0000
2025-11-24 13:19:02,213 - ResNet18_MNIST_logger - INFO - Epoch 5 [681/1875 (36.3%)] Loss: 0.0354 Acc: 1.0000
2025-11-24 13:19:09,956 - ResNet18_MNIST_logger - INFO - Epoch 5 [691/1875 (36.9%)] Loss: 0.0043 Acc: 1.0000
2025-11-24 13:19:17,714 - ResNet18_MNIST_logger - INFO - Epoch 5 [701/1875 (37.4%)] Loss: 0.0005 Acc: 1.0000
2025-11-24 13:19:25,761 - ResNet18_MNIST_logger - INFO - Epoch 5 [711/1875 (37.9%)] Loss: 0.0067 Acc: 1.0000
2025-11-24 13:19:33,883 - ResNet18_MNIST_logger - INFO - Epoch 5 [721/1875 (38.5%)] Loss: 0.0016 Acc: 1.0000
2025-11-24 13:19:41,987 - ResNet18_MNIST_logger - INFO - Epoch 5 [731/1875 (39.0%)] Loss: 0.0010 Acc: 1.0000
2025-11-24 13:19:49,959 - ResNet18_MNIST_logger - INFO - Epoch 5 [741/1875 (39.5%)] Loss: 0.0039 Acc: 1.0000
2025-11-24 13:19:57,738 - ResNet18_MNIST_logger - INFO - Epoch 5 [751/1875 (40.1%)] Loss: 0.0286 Acc: 1.0000
2025-11-24 13:20:05,476 - ResNet18_MNIST_logger - INFO - Epoch 5 [761/1875 (40.6%)] Loss: 0.0068 Acc: 1.0000
2025-11-24 13:20:13,154 - ResNet18_MNIST_logger - INFO - Epoch 5 [771/1875 (41.1%)] Loss: 0.0018 Acc: 1.0000
2025-11-24 13:20:21,051 - ResNet18_MNIST_logger - INFO - Epoch 5 [781/1875 (41.7%)] Loss: 0.0163 Acc: 1.0000
2025-11-24 13:20:28,822 - ResNet18_MNIST_logger - INFO - Epoch 5 [791/1875 (42.2%)] Loss: 0.0003 Acc: 1.0000
2025-11-24 13:20:36,643 - ResNet18_MNIST_logger - INFO - Epoch 5 [801/1875 (42.7%)] Loss: 0.0194 Acc: 1.0000
2025-11-24 13:20:44,370 - ResNet18_MNIST_logger - INFO - Epoch 5 [811/1875 (43.3%)] Loss: 0.0006 Acc: 1.0000
2025-11-24 13:20:52,061 - ResNet18_MNIST_logger - INFO - Epoch 5 [821/1875 (43.8%)] Loss: 0.0008 Acc: 1.0000
2025-11-24 13:20:59,837 - ResNet18_MNIST_logger - INFO - Epoch 5 [831/1875 (44.3%)] Loss: 0.0118 Acc: 1.0000
2025-11-24 13:21:07,498 - ResNet18_MNIST_logger - INFO - Epoch 5 [841/1875 (44.9%)] Loss: 0.1293 Acc: 0.9688
2025-11-24 13:21:15,088 - ResNet18_MNIST_logger - INFO - Epoch 5 [851/1875 (45.4%)] Loss: 0.0394 Acc: 1.0000
2025-11-24 13:21:22,753 - ResNet18_MNIST_logger - INFO - Epoch 5 [861/1875 (45.9%)] Loss: 0.0100 Acc: 1.0000
2025-11-24 13:21:30,511 - ResNet18_MNIST_logger - INFO - Epoch 5 [871/1875 (46.5%)] Loss: 0.0332 Acc: 1.0000
2025-11-24 13:21:38,220 - ResNet18_MNIST_logger - INFO - Epoch 5 [881/1875 (47.0%)] Loss: 0.0332 Acc: 1.0000
2025-11-24 13:21:45,873 - ResNet18_MNIST_logger - INFO - Epoch 5 [891/1875 (47.5%)] Loss: 0.0018 Acc: 1.0000
2025-11-24 13:21:53,588 - ResNet18_MNIST_logger - INFO - Epoch 5 [901/1875 (48.1%)] Loss: 0.0001 Acc: 1.0000
2025-11-24 13:22:01,205 - ResNet18_MNIST_logger - INFO - Epoch 5 [911/1875 (48.6%)] Loss: 0.0010 Acc: 1.0000
2025-11-24 13:22:08,821 - ResNet18_MNIST_logger - INFO - Epoch 5 [921/1875 (49.1%)] Loss: 0.0404 Acc: 1.0000
2025-11-24 13:22:16,471 - ResNet18_MNIST_logger - INFO - Epoch 5 [931/1875 (49.7%)] Loss: 0.0331 Acc: 1.0000
2025-11-24 13:22:24,086 - ResNet18_MNIST_logger - INFO - Epoch 5 [941/1875 (50.2%)] Loss: 0.0041 Acc: 1.0000
2025-11-24 13:22:31,743 - ResNet18_MNIST_logger - INFO - Epoch 5 [951/1875 (50.7%)] Loss: 0.0010 Acc: 1.0000
2025-11-24 13:22:39,416 - ResNet18_MNIST_logger - INFO - Epoch 5 [961/1875 (51.3%)] Loss: 0.0060 Acc: 1.0000
2025-11-24 13:22:47,153 - ResNet18_MNIST_logger - INFO - Epoch 5 [971/1875 (51.8%)] Loss: 0.0019 Acc: 1.0000
2025-11-24 13:22:55,172 - ResNet18_MNIST_logger - INFO - Epoch 5 [981/1875 (52.3%)] Loss: 0.0040 Acc: 1.0000
2025-11-24 13:23:03,405 - ResNet18_MNIST_logger - INFO - Epoch 5 [991/1875 (52.9%)] Loss: 0.1236 Acc: 1.0000
2025-11-24 13:23:11,418 - ResNet18_MNIST_logger - INFO - Epoch 5 [1001/1875 (53.4%)] Loss: 0.0020 Acc: 1.0000
2025-11-24 13:23:19,955 - ResNet18_MNIST_logger - INFO - Epoch 5 [1011/1875 (53.9%)] Loss: 0.0378 Acc: 1.0000
2025-11-24 13:23:27,777 - ResNet18_MNIST_logger - INFO - Epoch 5 [1021/1875 (54.5%)] Loss: 0.0003 Acc: 1.0000
2025-11-24 13:23:35,946 - ResNet18_MNIST_logger - INFO - Epoch 5 [1031/1875 (55.0%)] Loss: 0.0052 Acc: 1.0000
2025-11-24 13:23:44,120 - ResNet18_MNIST_logger - INFO - Epoch 5 [1041/1875 (55.5%)] Loss: 0.0005 Acc: 1.0000
2025-11-24 13:23:52,190 - ResNet18_MNIST_logger - INFO - Epoch 5 [1051/1875 (56.1%)] Loss: 0.1026 Acc: 0.9688
2025-11-24 13:23:59,916 - ResNet18_MNIST_logger - INFO - Epoch 5 [1061/1875 (56.6%)] Loss: 0.0082 Acc: 1.0000
2025-11-24 13:24:07,794 - ResNet18_MNIST_logger - INFO - Epoch 5 [1071/1875 (57.1%)] Loss: 0.0094 Acc: 1.0000
2025-11-24 13:24:15,580 - ResNet18_MNIST_logger - INFO - Epoch 5 [1081/1875 (57.7%)] Loss: 0.4869 Acc: 0.9688
2025-11-24 13:24:23,387 - ResNet18_MNIST_logger - INFO - Epoch 5 [1091/1875 (58.2%)] Loss: 0.0004 Acc: 1.0000
2025-11-24 13:24:31,259 - ResNet18_MNIST_logger - INFO - Epoch 5 [1101/1875 (58.7%)] Loss: 0.0020 Acc: 1.0000
2025-11-24 13:24:38,964 - ResNet18_MNIST_logger - INFO - Epoch 5 [1111/1875 (59.3%)] Loss: 0.0045 Acc: 1.0000
2025-11-24 13:24:47,048 - ResNet18_MNIST_logger - INFO - Epoch 5 [1121/1875 (59.8%)] Loss: 0.0015 Acc: 1.0000
2025-11-24 13:24:55,022 - ResNet18_MNIST_logger - INFO - Epoch 5 [1131/1875 (60.3%)] Loss: 0.0024 Acc: 1.0000
2025-11-24 13:25:02,861 - ResNet18_MNIST_logger - INFO - Epoch 5 [1141/1875 (60.9%)] Loss: 0.0042 Acc: 1.0000
2025-11-24 13:25:10,558 - ResNet18_MNIST_logger - INFO - Epoch 5 [1151/1875 (61.4%)] Loss: 0.0238 Acc: 1.0000
2025-11-24 13:26:41,370 - ResNet18_MNIST_logger - INFO - Epoch 5 [1161/1875 (61.9%)] Loss: 0.0001 Acc: 1.0000
2025-11-24 13:27:02,879 - ResNet18_MNIST_logger - INFO - Epoch 5 [1171/1875 (62.5%)] Loss: 0.0022 Acc: 1.0000
2025-11-24 13:27:23,477 - ResNet18_MNIST_logger - INFO - Epoch 5 [1181/1875 (63.0%)] Loss: 0.0092 Acc: 0.9688
2025-11-24 14:02:50,741 - ResNet18_MNIST_logger - INFO - Epoch 5 [1191/1875 (63.5%)] Loss: 0.0039 Acc: 1.0000
2025-11-24 14:19:31,134 - ResNet18_MNIST_logger - INFO - Epoch 5 [1201/1875 (64.1%)] Loss: 0.0004 Acc: 1.0000
2025-11-24 14:21:47,893 - ResNet18_MNIST_logger - INFO - Epoch 5 [1211/1875 (64.6%)] Loss: 0.0022 Acc: 1.0000
2025-11-24 14:22:07,472 - ResNet18_MNIST_logger - INFO - Epoch 5 [1221/1875 (65.1%)] Loss: 0.0007 Acc: 1.0000
2025-11-24 14:22:25,198 - ResNet18_MNIST_logger - INFO - Epoch 5 [1231/1875 (65.7%)] Loss: 0.0020 Acc: 1.0000
2025-11-24 14:54:57,845 - ResNet18_MNIST_logger - INFO - Epoch 5 [1241/1875 (66.2%)] Loss: 0.0629 Acc: 1.0000
2025-11-24 15:12:05,274 - ResNet18_MNIST_logger - INFO - Epoch 5 [1251/1875 (66.7%)] Loss: 0.0015 Acc: 1.0000
2025-11-24 15:21:53,206 - ResNet18_MNIST_logger - INFO - Epoch 5 [1261/1875 (67.3%)] Loss: 0.0007 Acc: 1.0000
2025-11-24 15:22:00,839 - ResNet18_MNIST_logger - INFO - Epoch 5 [1271/1875 (67.8%)] Loss: 0.1551 Acc: 1.0000
2025-11-24 15:22:08,431 - ResNet18_MNIST_logger - INFO - Epoch 5 [1281/1875 (68.3%)] Loss: 0.0112 Acc: 1.0000
2025-11-24 15:22:15,921 - ResNet18_MNIST_logger - INFO - Epoch 5 [1291/1875 (68.9%)] Loss: 0.0776 Acc: 0.9688
2025-11-24 15:22:23,491 - ResNet18_MNIST_logger - INFO - Epoch 5 [1301/1875 (69.4%)] Loss: 0.0835 Acc: 0.9688
2025-11-24 15:22:30,997 - ResNet18_MNIST_logger - INFO - Epoch 5 [1311/1875 (69.9%)] Loss: 0.0049 Acc: 1.0000
2025-11-24 15:22:38,588 - ResNet18_MNIST_logger - INFO - Epoch 5 [1321/1875 (70.5%)] Loss: 0.0150 Acc: 1.0000
2025-11-24 15:22:46,146 - ResNet18_MNIST_logger - INFO - Epoch 5 [1331/1875 (71.0%)] Loss: 0.0060 Acc: 1.0000
2025-11-24 15:22:53,598 - ResNet18_MNIST_logger - INFO - Epoch 5 [1341/1875 (71.5%)] Loss: 0.0062 Acc: 1.0000
2025-11-24 15:23:01,074 - ResNet18_MNIST_logger - INFO - Epoch 5 [1351/1875 (72.1%)] Loss: 0.0112 Acc: 1.0000
2025-11-24 15:23:08,555 - ResNet18_MNIST_logger - INFO - Epoch 5 [1361/1875 (72.6%)] Loss: 0.0001 Acc: 1.0000
2025-11-24 15:23:16,086 - ResNet18_MNIST_logger - INFO - Epoch 5 [1371/1875 (73.1%)] Loss: 0.0299 Acc: 1.0000
2025-11-24 15:23:23,648 - ResNet18_MNIST_logger - INFO - Epoch 5 [1381/1875 (73.7%)] Loss: 0.0067 Acc: 1.0000
2025-11-24 15:23:31,103 - ResNet18_MNIST_logger - INFO - Epoch 5 [1391/1875 (74.2%)] Loss: 0.0003 Acc: 1.0000
2025-11-24 15:23:38,555 - ResNet18_MNIST_logger - INFO - Epoch 5 [1401/1875 (74.7%)] Loss: 0.0994 Acc: 1.0000
2025-11-24 15:23:46,050 - ResNet18_MNIST_logger - INFO - Epoch 5 [1411/1875 (75.3%)] Loss: 0.0007 Acc: 1.0000
2025-11-24 15:23:53,475 - ResNet18_MNIST_logger - INFO - Epoch 5 [1421/1875 (75.8%)] Loss: 0.0011 Acc: 1.0000
2025-11-24 15:24:00,977 - ResNet18_MNIST_logger - INFO - Epoch 5 [1431/1875 (76.3%)] Loss: 0.0003 Acc: 1.0000
2025-11-24 15:24:08,417 - ResNet18_MNIST_logger - INFO - Epoch 5 [1441/1875 (76.9%)] Loss: 0.0588 Acc: 1.0000
2025-11-24 15:24:16,505 - ResNet18_MNIST_logger - INFO - Epoch 5 [1451/1875 (77.4%)] Loss: 0.0688 Acc: 0.9688
2025-11-24 15:24:23,890 - ResNet18_MNIST_logger - INFO - Epoch 5 [1461/1875 (77.9%)] Loss: 0.0037 Acc: 1.0000
2025-11-24 15:24:32,198 - ResNet18_MNIST_logger - INFO - Epoch 5 [1471/1875 (78.5%)] Loss: 0.0894 Acc: 1.0000
2025-11-24 15:24:39,915 - ResNet18_MNIST_logger - INFO - Epoch 5 [1481/1875 (79.0%)] Loss: 0.0736 Acc: 0.9688
2025-11-24 15:24:47,296 - ResNet18_MNIST_logger - INFO - Epoch 5 [1491/1875 (79.5%)] Loss: 0.0014 Acc: 1.0000
2025-11-24 15:24:54,673 - ResNet18_MNIST_logger - INFO - Epoch 5 [1501/1875 (80.1%)] Loss: 0.0103 Acc: 1.0000
2025-11-24 15:25:02,067 - ResNet18_MNIST_logger - INFO - Epoch 5 [1511/1875 (80.6%)] Loss: 0.0239 Acc: 1.0000
2025-11-24 15:25:09,441 - ResNet18_MNIST_logger - INFO - Epoch 5 [1521/1875 (81.1%)] Loss: 0.0048 Acc: 1.0000
2025-11-24 15:25:17,135 - ResNet18_MNIST_logger - INFO - Epoch 5 [1531/1875 (81.7%)] Loss: 0.0210 Acc: 1.0000
2025-11-24 15:25:25,219 - ResNet18_MNIST_logger - INFO - Epoch 5 [1541/1875 (82.2%)] Loss: 0.0286 Acc: 1.0000
2025-11-24 15:25:34,633 - ResNet18_MNIST_logger - INFO - Epoch 5 [1551/1875 (82.7%)] Loss: 0.0007 Acc: 1.0000
2025-11-24 15:25:43,376 - ResNet18_MNIST_logger - INFO - Epoch 5 [1561/1875 (83.3%)] Loss: 0.0026 Acc: 1.0000
2025-11-24 15:25:51,489 - ResNet18_MNIST_logger - INFO - Epoch 5 [1571/1875 (83.8%)] Loss: 0.0018 Acc: 1.0000
2025-11-24 15:26:00,307 - ResNet18_MNIST_logger - INFO - Epoch 5 [1581/1875 (84.3%)] Loss: 0.0001 Acc: 1.0000
2025-11-24 15:26:08,324 - ResNet18_MNIST_logger - INFO - Epoch 5 [1591/1875 (84.9%)] Loss: 0.0046 Acc: 1.0000
2025-11-24 15:26:16,063 - ResNet18_MNIST_logger - INFO - Epoch 5 [1601/1875 (85.4%)] Loss: 0.0064 Acc: 1.0000
2025-11-24 15:26:23,532 - ResNet18_MNIST_logger - INFO - Epoch 5 [1611/1875 (85.9%)] Loss: 0.0062 Acc: 1.0000
2025-11-24 15:26:31,110 - ResNet18_MNIST_logger - INFO - Epoch 5 [1621/1875 (86.5%)] Loss: 0.0039 Acc: 1.0000
2025-11-24 15:26:38,730 - ResNet18_MNIST_logger - INFO - Epoch 5 [1631/1875 (87.0%)] Loss: 0.0004 Acc: 1.0000
2025-11-24 15:26:46,295 - ResNet18_MNIST_logger - INFO - Epoch 5 [1641/1875 (87.5%)] Loss: 0.0261 Acc: 1.0000
2025-11-24 15:26:53,936 - ResNet18_MNIST_logger - INFO - Epoch 5 [1651/1875 (88.1%)] Loss: 0.0654 Acc: 1.0000
2025-11-24 15:27:02,254 - ResNet18_MNIST_logger - INFO - Epoch 5 [1661/1875 (88.6%)] Loss: 0.0011 Acc: 1.0000
2025-11-24 15:27:09,881 - ResNet18_MNIST_logger - INFO - Epoch 5 [1671/1875 (89.1%)] Loss: 0.0039 Acc: 1.0000
2025-11-24 15:27:17,499 - ResNet18_MNIST_logger - INFO - Epoch 5 [1681/1875 (89.7%)] Loss: 0.1354 Acc: 0.9688
2025-11-24 15:27:25,048 - ResNet18_MNIST_logger - INFO - Epoch 5 [1691/1875 (90.2%)] Loss: 0.0120 Acc: 1.0000
2025-11-24 15:27:32,597 - ResNet18_MNIST_logger - INFO - Epoch 5 [1701/1875 (90.7%)] Loss: 0.2112 Acc: 0.9688
2025-11-24 15:27:40,147 - ResNet18_MNIST_logger - INFO - Epoch 5 [1711/1875 (91.3%)] Loss: 0.1168 Acc: 0.9688
2025-11-24 15:27:47,742 - ResNet18_MNIST_logger - INFO - Epoch 5 [1721/1875 (91.8%)] Loss: 0.0020 Acc: 1.0000
2025-11-24 15:27:55,239 - ResNet18_MNIST_logger - INFO - Epoch 5 [1731/1875 (92.3%)] Loss: 0.0002 Acc: 1.0000
2025-11-24 15:28:02,777 - ResNet18_MNIST_logger - INFO - Epoch 5 [1741/1875 (92.9%)] Loss: 0.0064 Acc: 1.0000
2025-11-24 15:28:10,714 - ResNet18_MNIST_logger - INFO - Epoch 5 [1751/1875 (93.4%)] Loss: 0.1607 Acc: 1.0000
2025-11-24 15:28:18,596 - ResNet18_MNIST_logger - INFO - Epoch 5 [1761/1875 (93.9%)] Loss: 0.0028 Acc: 1.0000
2025-11-24 15:28:26,483 - ResNet18_MNIST_logger - INFO - Epoch 5 [1771/1875 (94.5%)] Loss: 0.0036 Acc: 1.0000
2025-11-24 15:28:34,221 - ResNet18_MNIST_logger - INFO - Epoch 5 [1781/1875 (95.0%)] Loss: 0.0969 Acc: 1.0000
2025-11-24 15:28:41,984 - ResNet18_MNIST_logger - INFO - Epoch 5 [1791/1875 (95.5%)] Loss: 0.0003 Acc: 1.0000
2025-11-24 15:28:49,918 - ResNet18_MNIST_logger - INFO - Epoch 5 [1801/1875 (96.1%)] Loss: 0.0009 Acc: 1.0000
2025-11-24 15:28:57,868 - ResNet18_MNIST_logger - INFO - Epoch 5 [1811/1875 (96.6%)] Loss: 0.0551 Acc: 1.0000
2025-11-24 15:29:05,894 - ResNet18_MNIST_logger - INFO - Epoch 5 [1821/1875 (97.1%)] Loss: 0.0022 Acc: 1.0000
2025-11-24 15:29:13,624 - ResNet18_MNIST_logger - INFO - Epoch 5 [1831/1875 (97.7%)] Loss: 0.0255 Acc: 1.0000
2025-11-24 15:29:21,263 - ResNet18_MNIST_logger - INFO - Epoch 5 [1841/1875 (98.2%)] Loss: 0.0301 Acc: 0.9688
2025-11-24 15:29:28,928 - ResNet18_MNIST_logger - INFO - Epoch 5 [1851/1875 (98.7%)] Loss: 0.0006 Acc: 1.0000
2025-11-24 15:29:36,689 - ResNet18_MNIST_logger - INFO - Epoch 5 [1861/1875 (99.3%)] Loss: 0.0009 Acc: 1.0000
2025-11-24 15:29:44,522 - ResNet18_MNIST_logger - INFO - Epoch 5 [1871/1875 (99.8%)] Loss: 0.0156 Acc: 1.0000
2025-11-24 15:42:48,193 - ResNet18_MNIST_logger - INFO - Epoch   5 | Train Loss: 0.0249 | Train Acc: 0.9951 | Val Loss: 0.0250 | Val Acc: 0.0250
2025-11-24 15:44:38,131 - ResNet18_MNIST_logger - INFO - ============================================================
2025-11-24 15:44:38,133 - ResNet18_MNIST_logger - INFO - 训练完成！最终性能指标:
2025-11-24 15:44:38,134 - ResNet18_MNIST_logger - INFO -   test_accuracy: 0.9917
2025-11-24 15:44:38,134 - ResNet18_MNIST_logger - INFO -   test_loss: 0.0250
2025-11-24 15:44:38,134 - ResNet18_MNIST_logger - INFO -   training_time: 17905.3515
2025-11-24 15:44:38,134 - ResNet18_MNIST_logger - INFO - ============================================================
2025-11-24 15:44:38,135 - ResNet18_MNIST_logger - INFO - 训练结束时间: 2025-11-24 15:44:38
2025-11-24 15:44:38,135 - ResNet18_MNIST_logger - INFO - 总训练时间: 05:00:15
2025-11-24 15:44:38,135 - ResNet18_MNIST_logger - INFO - 日志文件: assets/logs/ResNet18_MNIST_20251124_104422.log
2025-11-24 15:44:38,135 - ResNet18_MNIST_logger - INFO - ============================================================
