2025-11-23 22:43:56,502 - ResNet18_MNIST_logger - INFO - ============================================================
2025-11-23 22:43:56,502 - ResNet18_MNIST_logger - INFO - 开始训练模型: ResNet18_MNIST
2025-11-23 22:43:56,502 - ResNet18_MNIST_logger - INFO - 训练开始时间: 2025-11-23 22:43:56
2025-11-23 22:43:56,502 - ResNet18_MNIST_logger - INFO - 训练配置:
2025-11-23 22:43:56,502 - ResNet18_MNIST_logger - INFO -   model_type: ResNet18_MNIST
2025-11-23 22:43:56,502 - ResNet18_MNIST_logger - INFO -   learning_rate: 0.001
2025-11-23 22:43:56,502 - ResNet18_MNIST_logger - INFO -   batch_size: 32
2025-11-23 22:43:56,502 - ResNet18_MNIST_logger - INFO -   epochs: 5
2025-11-23 22:43:56,502 - ResNet18_MNIST_logger - INFO -   activation: ReLU
2025-11-23 22:43:56,502 - ResNet18_MNIST_logger - INFO -   device: cpu
2025-11-23 22:43:56,502 - ResNet18_MNIST_logger - INFO - ============================================================
2025-11-23 22:43:57,658 - ResNet18_MNIST_logger - INFO - Epoch 1 [1/1875 (0.1%)] Loss: 2.3420 Acc: 0.1250
2025-11-23 22:44:05,484 - ResNet18_MNIST_logger - INFO - Epoch 1 [11/1875 (0.6%)] Loss: 0.9385 Acc: 0.1562
2025-11-23 22:44:13,618 - ResNet18_MNIST_logger - INFO - Epoch 1 [21/1875 (1.1%)] Loss: 0.5957 Acc: 0.0938
2025-11-23 22:44:21,752 - ResNet18_MNIST_logger - INFO - Epoch 1 [31/1875 (1.7%)] Loss: 0.4455 Acc: 0.2188
2025-11-23 22:44:29,875 - ResNet18_MNIST_logger - INFO - Epoch 1 [41/1875 (2.2%)] Loss: 0.3924 Acc: 0.3750
2025-11-23 22:44:38,050 - ResNet18_MNIST_logger - INFO - Epoch 1 [51/1875 (2.7%)] Loss: 0.1937 Acc: 0.5938
2025-11-23 22:44:46,159 - ResNet18_MNIST_logger - INFO - Epoch 1 [61/1875 (3.3%)] Loss: 0.1965 Acc: 0.5625
2025-11-23 22:44:54,282 - ResNet18_MNIST_logger - INFO - Epoch 1 [71/1875 (3.8%)] Loss: 0.2849 Acc: 0.9062
2025-11-23 22:45:02,692 - ResNet18_MNIST_logger - INFO - Epoch 1 [81/1875 (4.3%)] Loss: 0.4410 Acc: 0.8438
2025-11-23 22:45:11,261 - ResNet18_MNIST_logger - INFO - Epoch 1 [91/1875 (4.9%)] Loss: 0.1721 Acc: 0.9688
2025-11-23 22:45:19,520 - ResNet18_MNIST_logger - INFO - Epoch 1 [101/1875 (5.4%)] Loss: 0.3046 Acc: 0.8750
2025-11-23 22:45:27,675 - ResNet18_MNIST_logger - INFO - Epoch 1 [111/1875 (5.9%)] Loss: 0.3320 Acc: 0.8125
2025-11-23 22:45:35,587 - ResNet18_MNIST_logger - INFO - Epoch 1 [121/1875 (6.5%)] Loss: 0.3441 Acc: 0.9375
2025-11-23 22:45:43,536 - ResNet18_MNIST_logger - INFO - Epoch 1 [131/1875 (7.0%)] Loss: 0.1552 Acc: 0.9062
2025-11-23 22:45:51,439 - ResNet18_MNIST_logger - INFO - Epoch 1 [141/1875 (7.5%)] Loss: 0.2961 Acc: 0.8438
2025-11-23 22:45:59,352 - ResNet18_MNIST_logger - INFO - Epoch 1 [151/1875 (8.1%)] Loss: 0.2552 Acc: 0.9688
2025-11-23 22:46:07,350 - ResNet18_MNIST_logger - INFO - Epoch 1 [161/1875 (8.6%)] Loss: 0.0227 Acc: 0.7500
2025-11-23 22:46:15,269 - ResNet18_MNIST_logger - INFO - Epoch 1 [171/1875 (9.1%)] Loss: 0.1475 Acc: 0.8750
2025-11-23 22:46:23,259 - ResNet18_MNIST_logger - INFO - Epoch 1 [181/1875 (9.7%)] Loss: 0.1088 Acc: 1.0000
2025-11-23 22:46:31,201 - ResNet18_MNIST_logger - INFO - Epoch 1 [191/1875 (10.2%)] Loss: 0.1202 Acc: 1.0000
2025-11-23 22:46:39,115 - ResNet18_MNIST_logger - INFO - Epoch 1 [201/1875 (10.7%)] Loss: 0.2645 Acc: 0.9062
2025-11-23 22:46:47,102 - ResNet18_MNIST_logger - INFO - Epoch 1 [211/1875 (11.3%)] Loss: 0.3349 Acc: 0.9375
2025-11-23 22:46:55,054 - ResNet18_MNIST_logger - INFO - Epoch 1 [221/1875 (11.8%)] Loss: 0.0342 Acc: 0.9688
2025-11-23 22:47:02,934 - ResNet18_MNIST_logger - INFO - Epoch 1 [231/1875 (12.3%)] Loss: 0.1653 Acc: 0.9688
2025-11-23 22:47:10,977 - ResNet18_MNIST_logger - INFO - Epoch 1 [241/1875 (12.9%)] Loss: 0.5321 Acc: 0.9062
2025-11-23 22:47:18,874 - ResNet18_MNIST_logger - INFO - Epoch 1 [251/1875 (13.4%)] Loss: 0.3173 Acc: 0.9688
2025-11-23 22:47:26,778 - ResNet18_MNIST_logger - INFO - Epoch 1 [261/1875 (13.9%)] Loss: 0.2567 Acc: 0.9688
2025-11-23 22:47:34,821 - ResNet18_MNIST_logger - INFO - Epoch 1 [271/1875 (14.5%)] Loss: 0.0799 Acc: 1.0000
2025-11-23 22:47:42,697 - ResNet18_MNIST_logger - INFO - Epoch 1 [281/1875 (15.0%)] Loss: 0.0884 Acc: 1.0000
2025-11-23 22:47:50,614 - ResNet18_MNIST_logger - INFO - Epoch 1 [291/1875 (15.5%)] Loss: 0.1590 Acc: 0.9688
2025-11-23 22:47:58,575 - ResNet18_MNIST_logger - INFO - Epoch 1 [301/1875 (16.1%)] Loss: 0.2150 Acc: 0.9062
2025-11-23 22:48:06,432 - ResNet18_MNIST_logger - INFO - Epoch 1 [311/1875 (16.6%)] Loss: 0.2759 Acc: 0.9688
2025-11-23 22:48:14,332 - ResNet18_MNIST_logger - INFO - Epoch 1 [321/1875 (17.1%)] Loss: 0.2064 Acc: 0.9062
2025-11-23 22:48:22,305 - ResNet18_MNIST_logger - INFO - Epoch 1 [331/1875 (17.7%)] Loss: 0.0607 Acc: 1.0000
2025-11-23 22:48:30,205 - ResNet18_MNIST_logger - INFO - Epoch 1 [341/1875 (18.2%)] Loss: 0.0593 Acc: 0.9062
2025-11-23 22:48:38,099 - ResNet18_MNIST_logger - INFO - Epoch 1 [351/1875 (18.7%)] Loss: 0.1014 Acc: 0.9688
2025-11-23 22:48:46,081 - ResNet18_MNIST_logger - INFO - Epoch 1 [361/1875 (19.3%)] Loss: 0.0322 Acc: 1.0000
2025-11-23 22:48:53,978 - ResNet18_MNIST_logger - INFO - Epoch 1 [371/1875 (19.8%)] Loss: 0.2136 Acc: 0.9375
2025-11-23 22:49:01,904 - ResNet18_MNIST_logger - INFO - Epoch 1 [381/1875 (20.3%)] Loss: 0.0406 Acc: 1.0000
2025-11-23 22:49:09,876 - ResNet18_MNIST_logger - INFO - Epoch 1 [391/1875 (20.9%)] Loss: 0.0355 Acc: 1.0000
2025-11-23 22:49:17,815 - ResNet18_MNIST_logger - INFO - Epoch 1 [401/1875 (21.4%)] Loss: 0.0736 Acc: 0.9688
2025-11-23 22:49:25,791 - ResNet18_MNIST_logger - INFO - Epoch 1 [411/1875 (21.9%)] Loss: 0.1973 Acc: 0.9688
2025-11-23 22:49:33,690 - ResNet18_MNIST_logger - INFO - Epoch 1 [421/1875 (22.5%)] Loss: 0.0150 Acc: 1.0000
2025-11-23 22:49:41,618 - ResNet18_MNIST_logger - INFO - Epoch 1 [431/1875 (23.0%)] Loss: 0.0122 Acc: 1.0000
2025-11-23 22:49:49,549 - ResNet18_MNIST_logger - INFO - Epoch 1 [441/1875 (23.5%)] Loss: 0.0598 Acc: 1.0000
2025-11-23 22:49:57,443 - ResNet18_MNIST_logger - INFO - Epoch 1 [451/1875 (24.1%)] Loss: 0.0145 Acc: 1.0000
2025-11-23 22:50:05,349 - ResNet18_MNIST_logger - INFO - Epoch 1 [461/1875 (24.6%)] Loss: 0.2819 Acc: 0.9688
2025-11-23 22:50:13,366 - ResNet18_MNIST_logger - INFO - Epoch 1 [471/1875 (25.1%)] Loss: 0.2308 Acc: 0.9688
2025-11-23 22:50:21,294 - ResNet18_MNIST_logger - INFO - Epoch 1 [481/1875 (25.7%)] Loss: 0.0226 Acc: 1.0000
2025-11-23 22:50:29,294 - ResNet18_MNIST_logger - INFO - Epoch 1 [491/1875 (26.2%)] Loss: 0.1181 Acc: 1.0000
2025-11-23 22:50:37,219 - ResNet18_MNIST_logger - INFO - Epoch 1 [501/1875 (26.7%)] Loss: 0.0634 Acc: 0.9688
2025-11-23 22:50:45,122 - ResNet18_MNIST_logger - INFO - Epoch 1 [511/1875 (27.3%)] Loss: 0.0843 Acc: 1.0000
2025-11-23 22:50:53,134 - ResNet18_MNIST_logger - INFO - Epoch 1 [521/1875 (27.8%)] Loss: 0.0173 Acc: 1.0000
2025-11-23 22:51:01,038 - ResNet18_MNIST_logger - INFO - Epoch 1 [531/1875 (28.3%)] Loss: 0.1205 Acc: 1.0000
2025-11-23 22:51:08,959 - ResNet18_MNIST_logger - INFO - Epoch 1 [541/1875 (28.9%)] Loss: 0.0820 Acc: 1.0000
2025-11-23 22:51:16,931 - ResNet18_MNIST_logger - INFO - Epoch 1 [551/1875 (29.4%)] Loss: 0.0056 Acc: 1.0000
2025-11-23 22:51:24,907 - ResNet18_MNIST_logger - INFO - Epoch 1 [561/1875 (29.9%)] Loss: 0.1219 Acc: 0.9688
2025-11-23 22:51:32,814 - ResNet18_MNIST_logger - INFO - Epoch 1 [571/1875 (30.5%)] Loss: 0.3017 Acc: 0.9062
2025-11-23 22:51:40,832 - ResNet18_MNIST_logger - INFO - Epoch 1 [581/1875 (31.0%)] Loss: 0.2218 Acc: 0.9375
2025-11-23 22:51:48,736 - ResNet18_MNIST_logger - INFO - Epoch 1 [591/1875 (31.5%)] Loss: 0.0149 Acc: 1.0000
2025-11-23 22:51:56,640 - ResNet18_MNIST_logger - INFO - Epoch 1 [601/1875 (32.1%)] Loss: 0.0831 Acc: 0.9688
2025-11-23 22:52:04,609 - ResNet18_MNIST_logger - INFO - Epoch 1 [611/1875 (32.6%)] Loss: 0.0092 Acc: 1.0000
2025-11-23 22:52:12,532 - ResNet18_MNIST_logger - INFO - Epoch 1 [621/1875 (33.1%)] Loss: 0.0982 Acc: 0.9688
2025-11-23 22:52:20,480 - ResNet18_MNIST_logger - INFO - Epoch 1 [631/1875 (33.7%)] Loss: 0.0957 Acc: 1.0000
2025-11-23 22:52:28,489 - ResNet18_MNIST_logger - INFO - Epoch 1 [641/1875 (34.2%)] Loss: 0.0498 Acc: 1.0000
2025-11-23 22:52:36,433 - ResNet18_MNIST_logger - INFO - Epoch 1 [651/1875 (34.7%)] Loss: 0.1025 Acc: 1.0000
2025-11-23 22:52:44,313 - ResNet18_MNIST_logger - INFO - Epoch 1 [661/1875 (35.3%)] Loss: 0.0696 Acc: 0.9688
2025-11-23 22:52:52,345 - ResNet18_MNIST_logger - INFO - Epoch 1 [671/1875 (35.8%)] Loss: 0.0440 Acc: 1.0000
2025-11-23 22:53:00,228 - ResNet18_MNIST_logger - INFO - Epoch 1 [681/1875 (36.3%)] Loss: 0.0159 Acc: 1.0000
2025-11-23 22:53:08,074 - ResNet18_MNIST_logger - INFO - Epoch 1 [691/1875 (36.9%)] Loss: 0.1085 Acc: 0.9688
2025-11-23 22:53:15,999 - ResNet18_MNIST_logger - INFO - Epoch 1 [701/1875 (37.4%)] Loss: 0.3525 Acc: 0.9688
2025-11-23 22:53:23,828 - ResNet18_MNIST_logger - INFO - Epoch 1 [711/1875 (37.9%)] Loss: 0.1458 Acc: 0.9375
2025-11-23 22:53:31,689 - ResNet18_MNIST_logger - INFO - Epoch 1 [721/1875 (38.5%)] Loss: 0.0468 Acc: 1.0000
2025-11-23 22:53:39,632 - ResNet18_MNIST_logger - INFO - Epoch 1 [731/1875 (39.0%)] Loss: 0.0198 Acc: 0.9688
2025-11-23 22:53:47,482 - ResNet18_MNIST_logger - INFO - Epoch 1 [741/1875 (39.5%)] Loss: 0.2071 Acc: 0.9688
2025-11-23 22:53:55,318 - ResNet18_MNIST_logger - INFO - Epoch 1 [751/1875 (40.1%)] Loss: 0.0348 Acc: 0.9688
2025-11-23 22:54:03,240 - ResNet18_MNIST_logger - INFO - Epoch 1 [761/1875 (40.6%)] Loss: 0.2107 Acc: 0.9375
2025-11-23 22:54:11,099 - ResNet18_MNIST_logger - INFO - Epoch 1 [771/1875 (41.1%)] Loss: 0.0048 Acc: 1.0000
2025-11-23 22:54:18,962 - ResNet18_MNIST_logger - INFO - Epoch 1 [781/1875 (41.7%)] Loss: 0.0446 Acc: 0.9375
2025-11-23 22:54:26,895 - ResNet18_MNIST_logger - INFO - Epoch 1 [791/1875 (42.2%)] Loss: 0.0449 Acc: 1.0000
2025-11-23 22:54:34,753 - ResNet18_MNIST_logger - INFO - Epoch 1 [801/1875 (42.7%)] Loss: 0.0112 Acc: 0.9688
2025-11-23 22:54:42,599 - ResNet18_MNIST_logger - INFO - Epoch 1 [811/1875 (43.3%)] Loss: 0.4197 Acc: 0.9375
2025-11-23 22:54:50,540 - ResNet18_MNIST_logger - INFO - Epoch 1 [821/1875 (43.8%)] Loss: 0.1294 Acc: 0.9688
2025-11-23 22:54:58,370 - ResNet18_MNIST_logger - INFO - Epoch 1 [831/1875 (44.3%)] Loss: 0.0388 Acc: 1.0000
2025-11-23 22:55:06,209 - ResNet18_MNIST_logger - INFO - Epoch 1 [841/1875 (44.9%)] Loss: 0.1557 Acc: 0.9688
2025-11-23 22:55:14,140 - ResNet18_MNIST_logger - INFO - Epoch 1 [851/1875 (45.4%)] Loss: 0.0015 Acc: 1.0000
2025-11-23 22:55:22,032 - ResNet18_MNIST_logger - INFO - Epoch 1 [861/1875 (45.9%)] Loss: 0.0286 Acc: 1.0000
2025-11-23 22:55:29,936 - ResNet18_MNIST_logger - INFO - Epoch 1 [871/1875 (46.5%)] Loss: 0.1575 Acc: 0.9688
2025-11-23 22:55:37,837 - ResNet18_MNIST_logger - INFO - Epoch 1 [881/1875 (47.0%)] Loss: 0.1241 Acc: 0.9062
2025-11-23 22:55:45,670 - ResNet18_MNIST_logger - INFO - Epoch 1 [891/1875 (47.5%)] Loss: 0.0578 Acc: 1.0000
2025-11-23 22:55:53,535 - ResNet18_MNIST_logger - INFO - Epoch 1 [901/1875 (48.1%)] Loss: 0.1081 Acc: 1.0000
2025-11-23 22:56:01,381 - ResNet18_MNIST_logger - INFO - Epoch 1 [911/1875 (48.6%)] Loss: 0.0455 Acc: 1.0000
2025-11-23 22:56:09,308 - ResNet18_MNIST_logger - INFO - Epoch 1 [921/1875 (49.1%)] Loss: 0.2077 Acc: 0.9688
2025-11-23 22:56:17,175 - ResNet18_MNIST_logger - INFO - Epoch 1 [931/1875 (49.7%)] Loss: 0.1588 Acc: 0.9688
2025-11-23 22:56:25,057 - ResNet18_MNIST_logger - INFO - Epoch 1 [941/1875 (50.2%)] Loss: 0.0360 Acc: 1.0000
2025-11-23 22:56:32,957 - ResNet18_MNIST_logger - INFO - Epoch 1 [951/1875 (50.7%)] Loss: 0.0034 Acc: 1.0000
2025-11-23 22:56:40,770 - ResNet18_MNIST_logger - INFO - Epoch 1 [961/1875 (51.3%)] Loss: 0.1292 Acc: 0.9688
2025-11-23 22:56:48,634 - ResNet18_MNIST_logger - INFO - Epoch 1 [971/1875 (51.8%)] Loss: 0.0088 Acc: 1.0000
2025-11-23 22:56:56,548 - ResNet18_MNIST_logger - INFO - Epoch 1 [981/1875 (52.3%)] Loss: 0.0074 Acc: 1.0000
2025-11-23 22:57:04,431 - ResNet18_MNIST_logger - INFO - Epoch 1 [991/1875 (52.9%)] Loss: 0.0363 Acc: 1.0000
2025-11-23 22:57:12,277 - ResNet18_MNIST_logger - INFO - Epoch 1 [1001/1875 (53.4%)] Loss: 0.0435 Acc: 1.0000
2025-11-23 22:57:20,176 - ResNet18_MNIST_logger - INFO - Epoch 1 [1011/1875 (53.9%)] Loss: 0.0033 Acc: 0.9688
2025-11-23 22:57:28,098 - ResNet18_MNIST_logger - INFO - Epoch 1 [1021/1875 (54.5%)] Loss: 0.0419 Acc: 1.0000
2025-11-23 22:57:35,975 - ResNet18_MNIST_logger - INFO - Epoch 1 [1031/1875 (55.0%)] Loss: 0.0455 Acc: 1.0000
2025-11-23 22:57:43,851 - ResNet18_MNIST_logger - INFO - Epoch 1 [1041/1875 (55.5%)] Loss: 0.1737 Acc: 0.9688
2025-11-23 22:57:51,734 - ResNet18_MNIST_logger - INFO - Epoch 1 [1051/1875 (56.1%)] Loss: 0.1086 Acc: 0.9688
2025-11-23 22:57:59,600 - ResNet18_MNIST_logger - INFO - Epoch 1 [1061/1875 (56.6%)] Loss: 0.0155 Acc: 1.0000
2025-11-23 22:58:07,472 - ResNet18_MNIST_logger - INFO - Epoch 1 [1071/1875 (57.1%)] Loss: 0.0411 Acc: 1.0000
2025-11-23 22:58:15,423 - ResNet18_MNIST_logger - INFO - Epoch 1 [1081/1875 (57.7%)] Loss: 0.0175 Acc: 1.0000
2025-11-23 22:58:23,224 - ResNet18_MNIST_logger - INFO - Epoch 1 [1091/1875 (58.2%)] Loss: 0.1370 Acc: 0.9375
2025-11-23 22:58:31,084 - ResNet18_MNIST_logger - INFO - Epoch 1 [1101/1875 (58.7%)] Loss: 0.1065 Acc: 1.0000
2025-11-23 22:58:39,035 - ResNet18_MNIST_logger - INFO - Epoch 1 [1111/1875 (59.3%)] Loss: 0.0067 Acc: 1.0000
2025-11-23 22:58:46,910 - ResNet18_MNIST_logger - INFO - Epoch 1 [1121/1875 (59.8%)] Loss: 0.0650 Acc: 1.0000
2025-11-23 22:58:54,779 - ResNet18_MNIST_logger - INFO - Epoch 1 [1131/1875 (60.3%)] Loss: 0.0344 Acc: 0.9688
2025-11-23 22:59:02,640 - ResNet18_MNIST_logger - INFO - Epoch 1 [1141/1875 (60.9%)] Loss: 0.0013 Acc: 1.0000
2025-11-23 22:59:10,571 - ResNet18_MNIST_logger - INFO - Epoch 1 [1151/1875 (61.4%)] Loss: 0.1341 Acc: 0.9688
2025-11-23 22:59:18,389 - ResNet18_MNIST_logger - INFO - Epoch 1 [1161/1875 (61.9%)] Loss: 0.0444 Acc: 1.0000
2025-11-23 22:59:26,225 - ResNet18_MNIST_logger - INFO - Epoch 1 [1171/1875 (62.5%)] Loss: 0.0072 Acc: 1.0000
2025-11-23 22:59:34,221 - ResNet18_MNIST_logger - INFO - Epoch 1 [1181/1875 (63.0%)] Loss: 0.0038 Acc: 1.0000
2025-11-23 22:59:42,103 - ResNet18_MNIST_logger - INFO - Epoch 1 [1191/1875 (63.5%)] Loss: 0.0838 Acc: 1.0000
2025-11-23 22:59:49,987 - ResNet18_MNIST_logger - INFO - Epoch 1 [1201/1875 (64.1%)] Loss: 0.0560 Acc: 1.0000
2025-11-23 22:59:57,968 - ResNet18_MNIST_logger - INFO - Epoch 1 [1211/1875 (64.6%)] Loss: 0.2122 Acc: 0.9688
2025-11-23 23:00:05,787 - ResNet18_MNIST_logger - INFO - Epoch 1 [1221/1875 (65.1%)] Loss: 0.0348 Acc: 1.0000
2025-11-23 23:00:13,650 - ResNet18_MNIST_logger - INFO - Epoch 1 [1231/1875 (65.7%)] Loss: 0.1001 Acc: 1.0000
2025-11-23 23:00:21,480 - ResNet18_MNIST_logger - INFO - Epoch 1 [1241/1875 (66.2%)] Loss: 0.0552 Acc: 1.0000
2025-11-23 23:00:29,451 - ResNet18_MNIST_logger - INFO - Epoch 1 [1251/1875 (66.7%)] Loss: 0.0095 Acc: 1.0000
2025-11-23 23:00:37,300 - ResNet18_MNIST_logger - INFO - Epoch 1 [1261/1875 (67.3%)] Loss: 0.0032 Acc: 1.0000
2025-11-23 23:00:45,148 - ResNet18_MNIST_logger - INFO - Epoch 1 [1271/1875 (67.8%)] Loss: 0.0364 Acc: 1.0000
2025-11-23 23:00:53,107 - ResNet18_MNIST_logger - INFO - Epoch 1 [1281/1875 (68.3%)] Loss: 0.0181 Acc: 1.0000
2025-11-23 23:01:00,948 - ResNet18_MNIST_logger - INFO - Epoch 1 [1291/1875 (68.9%)] Loss: 0.0311 Acc: 1.0000
2025-11-23 23:01:08,828 - ResNet18_MNIST_logger - INFO - Epoch 1 [1301/1875 (69.4%)] Loss: 0.0515 Acc: 1.0000
2025-11-23 23:01:16,677 - ResNet18_MNIST_logger - INFO - Epoch 1 [1311/1875 (69.9%)] Loss: 0.0874 Acc: 1.0000
2025-11-23 23:01:24,636 - ResNet18_MNIST_logger - INFO - Epoch 1 [1321/1875 (70.5%)] Loss: 0.0254 Acc: 0.9688
2025-11-23 23:01:32,490 - ResNet18_MNIST_logger - INFO - Epoch 1 [1331/1875 (71.0%)] Loss: 0.5831 Acc: 0.9375
2025-11-23 23:01:40,404 - ResNet18_MNIST_logger - INFO - Epoch 1 [1341/1875 (71.5%)] Loss: 0.0349 Acc: 1.0000
2025-11-23 23:01:48,339 - ResNet18_MNIST_logger - INFO - Epoch 1 [1351/1875 (72.1%)] Loss: 0.0052 Acc: 1.0000
2025-11-23 23:01:56,241 - ResNet18_MNIST_logger - INFO - Epoch 1 [1361/1875 (72.6%)] Loss: 0.1114 Acc: 0.9688
2025-11-23 23:02:04,103 - ResNet18_MNIST_logger - INFO - Epoch 1 [1371/1875 (73.1%)] Loss: 0.0040 Acc: 1.0000
2025-11-23 23:02:12,021 - ResNet18_MNIST_logger - INFO - Epoch 1 [1381/1875 (73.7%)] Loss: 0.0306 Acc: 1.0000
2025-11-23 23:02:19,869 - ResNet18_MNIST_logger - INFO - Epoch 1 [1391/1875 (74.2%)] Loss: 0.0194 Acc: 1.0000
2025-11-23 23:02:27,737 - ResNet18_MNIST_logger - INFO - Epoch 1 [1401/1875 (74.7%)] Loss: 0.1524 Acc: 0.9375
2025-11-23 23:02:35,701 - ResNet18_MNIST_logger - INFO - Epoch 1 [1411/1875 (75.3%)] Loss: 0.0240 Acc: 1.0000
2025-11-23 23:02:43,560 - ResNet18_MNIST_logger - INFO - Epoch 1 [1421/1875 (75.8%)] Loss: 0.1387 Acc: 1.0000
2025-11-23 23:02:51,371 - ResNet18_MNIST_logger - INFO - Epoch 1 [1431/1875 (76.3%)] Loss: 0.0061 Acc: 1.0000
2025-11-23 23:02:59,361 - ResNet18_MNIST_logger - INFO - Epoch 1 [1441/1875 (76.9%)] Loss: 0.1643 Acc: 0.9688
2025-11-23 23:03:07,172 - ResNet18_MNIST_logger - INFO - Epoch 1 [1451/1875 (77.4%)] Loss: 0.0951 Acc: 0.9688
2025-11-23 23:03:15,028 - ResNet18_MNIST_logger - INFO - Epoch 1 [1461/1875 (77.9%)] Loss: 0.0890 Acc: 1.0000
2025-11-23 23:03:22,964 - ResNet18_MNIST_logger - INFO - Epoch 1 [1471/1875 (78.5%)] Loss: 0.0241 Acc: 1.0000
2025-11-23 23:03:30,895 - ResNet18_MNIST_logger - INFO - Epoch 1 [1481/1875 (79.0%)] Loss: 0.3260 Acc: 0.9688
2025-11-23 23:03:38,754 - ResNet18_MNIST_logger - INFO - Epoch 1 [1491/1875 (79.5%)] Loss: 0.0122 Acc: 1.0000
2025-11-23 23:03:46,695 - ResNet18_MNIST_logger - INFO - Epoch 1 [1501/1875 (80.1%)] Loss: 0.0974 Acc: 0.9375
2025-11-23 23:03:54,543 - ResNet18_MNIST_logger - INFO - Epoch 1 [1511/1875 (80.6%)] Loss: 0.0067 Acc: 1.0000
2025-11-23 23:04:02,407 - ResNet18_MNIST_logger - INFO - Epoch 1 [1521/1875 (81.1%)] Loss: 0.2064 Acc: 0.9688
2025-11-23 23:04:10,326 - ResNet18_MNIST_logger - INFO - Epoch 1 [1531/1875 (81.7%)] Loss: 0.0389 Acc: 1.0000
2025-11-23 23:04:18,216 - ResNet18_MNIST_logger - INFO - Epoch 1 [1541/1875 (82.2%)] Loss: 0.0331 Acc: 1.0000
2025-11-23 23:04:26,077 - ResNet18_MNIST_logger - INFO - Epoch 1 [1551/1875 (82.7%)] Loss: 0.0822 Acc: 1.0000
2025-11-23 23:04:33,984 - ResNet18_MNIST_logger - INFO - Epoch 1 [1561/1875 (83.3%)] Loss: 0.0058 Acc: 1.0000
2025-11-23 23:04:41,856 - ResNet18_MNIST_logger - INFO - Epoch 1 [1571/1875 (83.8%)] Loss: 0.0389 Acc: 0.9688
2025-11-23 23:04:49,735 - ResNet18_MNIST_logger - INFO - Epoch 1 [1581/1875 (84.3%)] Loss: 0.0140 Acc: 1.0000
2025-11-23 23:04:57,680 - ResNet18_MNIST_logger - INFO - Epoch 1 [1591/1875 (84.9%)] Loss: 0.0086 Acc: 1.0000
2025-11-23 23:05:05,535 - ResNet18_MNIST_logger - INFO - Epoch 1 [1601/1875 (85.4%)] Loss: 0.0117 Acc: 1.0000
2025-11-23 23:05:13,374 - ResNet18_MNIST_logger - INFO - Epoch 1 [1611/1875 (85.9%)] Loss: 0.0368 Acc: 1.0000
2025-11-23 23:05:21,324 - ResNet18_MNIST_logger - INFO - Epoch 1 [1621/1875 (86.5%)] Loss: 0.0068 Acc: 0.9688
2025-11-23 23:05:29,273 - ResNet18_MNIST_logger - INFO - Epoch 1 [1631/1875 (87.0%)] Loss: 0.0080 Acc: 1.0000
2025-11-23 23:05:37,171 - ResNet18_MNIST_logger - INFO - Epoch 1 [1641/1875 (87.5%)] Loss: 0.0153 Acc: 1.0000
2025-11-23 23:05:45,118 - ResNet18_MNIST_logger - INFO - Epoch 1 [1651/1875 (88.1%)] Loss: 0.0158 Acc: 1.0000
2025-11-23 23:05:52,990 - ResNet18_MNIST_logger - INFO - Epoch 1 [1661/1875 (88.6%)] Loss: 0.4176 Acc: 0.9688
2025-11-23 23:06:00,877 - ResNet18_MNIST_logger - INFO - Epoch 1 [1671/1875 (89.1%)] Loss: 0.0178 Acc: 1.0000
2025-11-23 23:06:08,760 - ResNet18_MNIST_logger - INFO - Epoch 1 [1681/1875 (89.7%)] Loss: 0.0528 Acc: 1.0000
2025-11-23 23:06:16,701 - ResNet18_MNIST_logger - INFO - Epoch 1 [1691/1875 (90.2%)] Loss: 0.0408 Acc: 1.0000
2025-11-23 23:06:24,539 - ResNet18_MNIST_logger - INFO - Epoch 1 [1701/1875 (90.7%)] Loss: 0.1506 Acc: 0.9688
2025-11-23 23:06:32,407 - ResNet18_MNIST_logger - INFO - Epoch 1 [1711/1875 (91.3%)] Loss: 0.0093 Acc: 1.0000
2025-11-23 23:06:40,368 - ResNet18_MNIST_logger - INFO - Epoch 1 [1721/1875 (91.8%)] Loss: 0.0400 Acc: 1.0000
2025-11-23 23:06:48,240 - ResNet18_MNIST_logger - INFO - Epoch 1 [1731/1875 (92.3%)] Loss: 0.0026 Acc: 1.0000
2025-11-23 23:06:56,107 - ResNet18_MNIST_logger - INFO - Epoch 1 [1741/1875 (92.9%)] Loss: 0.0765 Acc: 0.9375
2025-11-23 23:07:04,051 - ResNet18_MNIST_logger - INFO - Epoch 1 [1751/1875 (93.4%)] Loss: 0.0156 Acc: 1.0000
2025-11-23 23:07:11,951 - ResNet18_MNIST_logger - INFO - Epoch 1 [1761/1875 (93.9%)] Loss: 0.0053 Acc: 1.0000
2025-11-23 23:07:19,824 - ResNet18_MNIST_logger - INFO - Epoch 1 [1771/1875 (94.5%)] Loss: 0.1094 Acc: 0.9688
2025-11-23 23:07:27,757 - ResNet18_MNIST_logger - INFO - Epoch 1 [1781/1875 (95.0%)] Loss: 0.0183 Acc: 1.0000
2025-11-23 23:07:35,575 - ResNet18_MNIST_logger - INFO - Epoch 1 [1791/1875 (95.5%)] Loss: 0.0096 Acc: 1.0000
2025-11-23 23:07:43,453 - ResNet18_MNIST_logger - INFO - Epoch 1 [1801/1875 (96.1%)] Loss: 0.0173 Acc: 1.0000
2025-11-23 23:07:51,308 - ResNet18_MNIST_logger - INFO - Epoch 1 [1811/1875 (96.6%)] Loss: 0.0036 Acc: 1.0000
2025-11-23 23:07:59,289 - ResNet18_MNIST_logger - INFO - Epoch 1 [1821/1875 (97.1%)] Loss: 0.0372 Acc: 1.0000
2025-11-23 23:08:07,176 - ResNet18_MNIST_logger - INFO - Epoch 1 [1831/1875 (97.7%)] Loss: 0.0048 Acc: 1.0000
2025-11-23 23:08:15,003 - ResNet18_MNIST_logger - INFO - Epoch 1 [1841/1875 (98.2%)] Loss: 0.0579 Acc: 0.9688
2025-11-23 23:08:22,982 - ResNet18_MNIST_logger - INFO - Epoch 1 [1851/1875 (98.7%)] Loss: 0.2780 Acc: 0.9688
2025-11-23 23:08:30,841 - ResNet18_MNIST_logger - INFO - Epoch 1 [1861/1875 (99.3%)] Loss: 0.0199 Acc: 0.9688
2025-11-23 23:08:38,702 - ResNet18_MNIST_logger - INFO - Epoch 1 [1871/1875 (99.8%)] Loss: 0.0081 Acc: 1.0000
2025-11-23 23:21:17,246 - ResNet18_MNIST_logger - INFO - Epoch   1 | Train Loss: 0.1161 | Train Acc: 0.9377 | Val Loss: 0.1922 | Val Acc: 0.1922
2025-11-23 23:21:18,427 - ResNet18_MNIST_logger - INFO - Epoch 2 [1/1875 (0.1%)] Loss: 0.0070 Acc: 1.0000
2025-11-23 23:21:26,260 - ResNet18_MNIST_logger - INFO - Epoch 2 [11/1875 (0.6%)] Loss: 0.0123 Acc: 1.0000
2025-11-23 23:21:34,117 - ResNet18_MNIST_logger - INFO - Epoch 2 [21/1875 (1.1%)] Loss: 0.0609 Acc: 0.9688
2025-11-23 23:21:42,026 - ResNet18_MNIST_logger - INFO - Epoch 2 [31/1875 (1.7%)] Loss: 0.0406 Acc: 1.0000
2025-11-23 23:21:49,902 - ResNet18_MNIST_logger - INFO - Epoch 2 [41/1875 (2.2%)] Loss: 0.0265 Acc: 1.0000
2025-11-23 23:21:57,773 - ResNet18_MNIST_logger - INFO - Epoch 2 [51/1875 (2.7%)] Loss: 0.0563 Acc: 1.0000
2025-11-23 23:22:05,904 - ResNet18_MNIST_logger - INFO - Epoch 2 [61/1875 (3.3%)] Loss: 0.2012 Acc: 1.0000
2025-11-23 23:22:13,786 - ResNet18_MNIST_logger - INFO - Epoch 2 [71/1875 (3.8%)] Loss: 0.1924 Acc: 0.9688
2025-11-23 23:22:21,566 - ResNet18_MNIST_logger - INFO - Epoch 2 [81/1875 (4.3%)] Loss: 0.1439 Acc: 0.9688
2025-11-23 23:22:29,127 - ResNet18_MNIST_logger - INFO - Epoch 2 [91/1875 (4.9%)] Loss: 0.0021 Acc: 1.0000
2025-11-23 23:22:36,758 - ResNet18_MNIST_logger - INFO - Epoch 2 [101/1875 (5.4%)] Loss: 0.0930 Acc: 0.9688
2025-11-23 23:22:44,378 - ResNet18_MNIST_logger - INFO - Epoch 2 [111/1875 (5.9%)] Loss: 0.0140 Acc: 1.0000
2025-11-23 23:22:52,006 - ResNet18_MNIST_logger - INFO - Epoch 2 [121/1875 (6.5%)] Loss: 0.0010 Acc: 1.0000
2025-11-23 23:22:59,588 - ResNet18_MNIST_logger - INFO - Epoch 2 [131/1875 (7.0%)] Loss: 0.0456 Acc: 1.0000
2025-11-23 23:23:07,352 - ResNet18_MNIST_logger - INFO - Epoch 2 [141/1875 (7.5%)] Loss: 0.2169 Acc: 0.9688
2025-11-23 23:23:15,505 - ResNet18_MNIST_logger - INFO - Epoch 2 [151/1875 (8.1%)] Loss: 0.0057 Acc: 1.0000
2025-11-23 23:23:23,550 - ResNet18_MNIST_logger - INFO - Epoch 2 [161/1875 (8.6%)] Loss: 0.0005 Acc: 1.0000
2025-11-23 23:23:31,812 - ResNet18_MNIST_logger - INFO - Epoch 2 [171/1875 (9.1%)] Loss: 0.0128 Acc: 1.0000
2025-11-23 23:23:39,808 - ResNet18_MNIST_logger - INFO - Epoch 2 [181/1875 (9.7%)] Loss: 0.1016 Acc: 0.9688
2025-11-23 23:23:47,681 - ResNet18_MNIST_logger - INFO - Epoch 2 [191/1875 (10.2%)] Loss: 0.0610 Acc: 1.0000
2025-11-23 23:23:55,596 - ResNet18_MNIST_logger - INFO - Epoch 2 [201/1875 (10.7%)] Loss: 0.0396 Acc: 1.0000
2025-11-23 23:24:03,504 - ResNet18_MNIST_logger - INFO - Epoch 2 [211/1875 (11.3%)] Loss: 0.0165 Acc: 1.0000
2025-11-23 23:24:11,526 - ResNet18_MNIST_logger - INFO - Epoch 2 [221/1875 (11.8%)] Loss: 0.0952 Acc: 1.0000
2025-11-23 23:24:19,436 - ResNet18_MNIST_logger - INFO - Epoch 2 [231/1875 (12.3%)] Loss: 0.1985 Acc: 0.9375
2025-11-23 23:24:27,357 - ResNet18_MNIST_logger - INFO - Epoch 2 [241/1875 (12.9%)] Loss: 0.0901 Acc: 0.9688
2025-11-23 23:24:35,343 - ResNet18_MNIST_logger - INFO - Epoch 2 [251/1875 (13.4%)] Loss: 0.0234 Acc: 1.0000
2025-11-23 23:24:43,275 - ResNet18_MNIST_logger - INFO - Epoch 2 [261/1875 (13.9%)] Loss: 0.0073 Acc: 1.0000
2025-11-23 23:24:51,329 - ResNet18_MNIST_logger - INFO - Epoch 2 [271/1875 (14.5%)] Loss: 0.0494 Acc: 1.0000
2025-11-23 23:24:59,266 - ResNet18_MNIST_logger - INFO - Epoch 2 [281/1875 (15.0%)] Loss: 0.0856 Acc: 0.9688
2025-11-23 23:25:07,249 - ResNet18_MNIST_logger - INFO - Epoch 2 [291/1875 (15.5%)] Loss: 0.3054 Acc: 0.9375
2025-11-23 23:25:15,183 - ResNet18_MNIST_logger - INFO - Epoch 2 [301/1875 (16.1%)] Loss: 0.0822 Acc: 0.9688
2025-11-23 23:25:23,102 - ResNet18_MNIST_logger - INFO - Epoch 2 [311/1875 (16.6%)] Loss: 0.0080 Acc: 1.0000
2025-11-23 23:25:31,135 - ResNet18_MNIST_logger - INFO - Epoch 2 [321/1875 (17.1%)] Loss: 0.2614 Acc: 0.9375
2025-11-23 23:25:39,084 - ResNet18_MNIST_logger - INFO - Epoch 2 [331/1875 (17.7%)] Loss: 0.0102 Acc: 1.0000
2025-11-23 23:25:46,996 - ResNet18_MNIST_logger - INFO - Epoch 2 [341/1875 (18.2%)] Loss: 0.0602 Acc: 1.0000
2025-11-23 23:25:54,907 - ResNet18_MNIST_logger - INFO - Epoch 2 [351/1875 (18.7%)] Loss: 0.0627 Acc: 1.0000
2025-11-23 23:26:02,809 - ResNet18_MNIST_logger - INFO - Epoch 2 [361/1875 (19.3%)] Loss: 0.0774 Acc: 1.0000
2025-11-23 23:26:10,712 - ResNet18_MNIST_logger - INFO - Epoch 2 [371/1875 (19.8%)] Loss: 0.2957 Acc: 0.9688
2025-11-23 23:26:18,650 - ResNet18_MNIST_logger - INFO - Epoch 2 [381/1875 (20.3%)] Loss: 0.0024 Acc: 1.0000
2025-11-23 23:26:26,551 - ResNet18_MNIST_logger - INFO - Epoch 2 [391/1875 (20.9%)] Loss: 0.0119 Acc: 1.0000
2025-11-23 23:26:34,586 - ResNet18_MNIST_logger - INFO - Epoch 2 [401/1875 (21.4%)] Loss: 0.0098 Acc: 1.0000
2025-11-23 23:26:42,496 - ResNet18_MNIST_logger - INFO - Epoch 2 [411/1875 (21.9%)] Loss: 0.0292 Acc: 1.0000
2025-11-23 23:26:50,402 - ResNet18_MNIST_logger - INFO - Epoch 2 [421/1875 (22.5%)] Loss: 0.0330 Acc: 1.0000
2025-11-23 23:26:58,345 - ResNet18_MNIST_logger - INFO - Epoch 2 [431/1875 (23.0%)] Loss: 0.0182 Acc: 1.0000
2025-11-23 23:27:06,251 - ResNet18_MNIST_logger - INFO - Epoch 2 [441/1875 (23.5%)] Loss: 0.0135 Acc: 1.0000
2025-11-23 23:27:14,193 - ResNet18_MNIST_logger - INFO - Epoch 2 [451/1875 (24.1%)] Loss: 0.0037 Acc: 1.0000
2025-11-23 23:27:22,132 - ResNet18_MNIST_logger - INFO - Epoch 2 [461/1875 (24.6%)] Loss: 0.0080 Acc: 1.0000
2025-11-23 23:27:30,143 - ResNet18_MNIST_logger - INFO - Epoch 2 [471/1875 (25.1%)] Loss: 0.0376 Acc: 1.0000
2025-11-23 23:27:38,055 - ResNet18_MNIST_logger - INFO - Epoch 2 [481/1875 (25.7%)] Loss: 0.0267 Acc: 0.9688
2025-11-23 23:27:46,018 - ResNet18_MNIST_logger - INFO - Epoch 2 [491/1875 (26.2%)] Loss: 0.0758 Acc: 1.0000
2025-11-23 23:27:53,945 - ResNet18_MNIST_logger - INFO - Epoch 2 [501/1875 (26.7%)] Loss: 0.1025 Acc: 1.0000
2025-11-23 23:28:01,925 - ResNet18_MNIST_logger - INFO - Epoch 2 [511/1875 (27.3%)] Loss: 0.0100 Acc: 1.0000
2025-11-23 23:28:09,821 - ResNet18_MNIST_logger - INFO - Epoch 2 [521/1875 (27.8%)] Loss: 0.0268 Acc: 1.0000
2025-11-23 23:28:17,738 - ResNet18_MNIST_logger - INFO - Epoch 2 [531/1875 (28.3%)] Loss: 0.0562 Acc: 0.9688
2025-11-23 23:28:25,704 - ResNet18_MNIST_logger - INFO - Epoch 2 [541/1875 (28.9%)] Loss: 0.1732 Acc: 0.9688
2025-11-23 23:28:33,645 - ResNet18_MNIST_logger - INFO - Epoch 2 [551/1875 (29.4%)] Loss: 0.0839 Acc: 0.9688
2025-11-23 23:28:41,513 - ResNet18_MNIST_logger - INFO - Epoch 2 [561/1875 (29.9%)] Loss: 0.0074 Acc: 1.0000
2025-11-23 23:28:49,458 - ResNet18_MNIST_logger - INFO - Epoch 2 [571/1875 (30.5%)] Loss: 0.1300 Acc: 1.0000
2025-11-23 23:28:57,309 - ResNet18_MNIST_logger - INFO - Epoch 2 [581/1875 (31.0%)] Loss: 0.1392 Acc: 0.9688
2025-11-23 23:29:05,081 - ResNet18_MNIST_logger - INFO - Epoch 2 [591/1875 (31.5%)] Loss: 0.0287 Acc: 1.0000
2025-11-23 23:29:12,987 - ResNet18_MNIST_logger - INFO - Epoch 2 [601/1875 (32.1%)] Loss: 0.0170 Acc: 1.0000
2025-11-23 23:29:20,874 - ResNet18_MNIST_logger - INFO - Epoch 2 [611/1875 (32.6%)] Loss: 0.0368 Acc: 1.0000
2025-11-23 23:29:28,781 - ResNet18_MNIST_logger - INFO - Epoch 2 [621/1875 (33.1%)] Loss: 0.0564 Acc: 1.0000
2025-11-23 23:29:36,730 - ResNet18_MNIST_logger - INFO - Epoch 2 [631/1875 (33.7%)] Loss: 0.1217 Acc: 0.9688
2025-11-23 23:29:44,580 - ResNet18_MNIST_logger - INFO - Epoch 2 [641/1875 (34.2%)] Loss: 0.0154 Acc: 1.0000
2025-11-23 23:29:52,438 - ResNet18_MNIST_logger - INFO - Epoch 2 [651/1875 (34.7%)] Loss: 0.0138 Acc: 1.0000
2025-11-23 23:30:00,338 - ResNet18_MNIST_logger - INFO - Epoch 2 [661/1875 (35.3%)] Loss: 0.1418 Acc: 0.9688
2025-11-23 23:30:08,259 - ResNet18_MNIST_logger - INFO - Epoch 2 [671/1875 (35.8%)] Loss: 0.0343 Acc: 0.9688
2025-11-23 23:30:16,124 - ResNet18_MNIST_logger - INFO - Epoch 2 [681/1875 (36.3%)] Loss: 0.0005 Acc: 1.0000
2025-11-23 23:30:24,015 - ResNet18_MNIST_logger - INFO - Epoch 2 [691/1875 (36.9%)] Loss: 0.0233 Acc: 1.0000
2025-11-23 23:30:31,998 - ResNet18_MNIST_logger - INFO - Epoch 2 [701/1875 (37.4%)] Loss: 0.0049 Acc: 1.0000
2025-11-23 23:30:39,825 - ResNet18_MNIST_logger - INFO - Epoch 2 [711/1875 (37.9%)] Loss: 0.0970 Acc: 1.0000
2025-11-23 23:30:47,692 - ResNet18_MNIST_logger - INFO - Epoch 2 [721/1875 (38.5%)] Loss: 0.0056 Acc: 1.0000
2025-11-23 23:30:55,656 - ResNet18_MNIST_logger - INFO - Epoch 2 [731/1875 (39.0%)] Loss: 0.3205 Acc: 0.9375
2025-11-23 23:31:03,502 - ResNet18_MNIST_logger - INFO - Epoch 2 [741/1875 (39.5%)] Loss: 0.0104 Acc: 1.0000
2025-11-23 23:31:11,364 - ResNet18_MNIST_logger - INFO - Epoch 2 [751/1875 (40.1%)] Loss: 0.0007 Acc: 1.0000
2025-11-23 23:31:19,256 - ResNet18_MNIST_logger - INFO - Epoch 2 [761/1875 (40.6%)] Loss: 0.0898 Acc: 0.9688
2025-11-23 23:31:27,237 - ResNet18_MNIST_logger - INFO - Epoch 2 [771/1875 (41.1%)] Loss: 0.0664 Acc: 0.9688
2025-11-23 23:31:35,099 - ResNet18_MNIST_logger - INFO - Epoch 2 [781/1875 (41.7%)] Loss: 0.0029 Acc: 1.0000
2025-11-23 23:31:42,984 - ResNet18_MNIST_logger - INFO - Epoch 2 [791/1875 (42.2%)] Loss: 0.0312 Acc: 1.0000
2025-11-23 23:31:50,881 - ResNet18_MNIST_logger - INFO - Epoch 2 [801/1875 (42.7%)] Loss: 0.0124 Acc: 1.0000
2025-11-23 23:31:58,756 - ResNet18_MNIST_logger - INFO - Epoch 2 [811/1875 (43.3%)] Loss: 0.0844 Acc: 1.0000
2025-11-23 23:32:06,596 - ResNet18_MNIST_logger - INFO - Epoch 2 [821/1875 (43.8%)] Loss: 0.0095 Acc: 1.0000
2025-11-23 23:32:14,547 - ResNet18_MNIST_logger - INFO - Epoch 2 [831/1875 (44.3%)] Loss: 0.0196 Acc: 1.0000
2025-11-23 23:32:22,427 - ResNet18_MNIST_logger - INFO - Epoch 2 [841/1875 (44.9%)] Loss: 0.0095 Acc: 1.0000
2025-11-23 23:32:30,359 - ResNet18_MNIST_logger - INFO - Epoch 2 [851/1875 (45.4%)] Loss: 0.0576 Acc: 1.0000
2025-11-23 23:32:38,226 - ResNet18_MNIST_logger - INFO - Epoch 2 [861/1875 (45.9%)] Loss: 0.0372 Acc: 0.9688
2025-11-23 23:32:46,123 - ResNet18_MNIST_logger - INFO - Epoch 2 [871/1875 (46.5%)] Loss: 0.0056 Acc: 1.0000
2025-11-23 23:32:54,018 - ResNet18_MNIST_logger - INFO - Epoch 2 [881/1875 (47.0%)] Loss: 0.0082 Acc: 1.0000
2025-11-23 23:33:01,876 - ResNet18_MNIST_logger - INFO - Epoch 2 [891/1875 (47.5%)] Loss: 0.0236 Acc: 1.0000
2025-11-23 23:33:09,809 - ResNet18_MNIST_logger - INFO - Epoch 2 [901/1875 (48.1%)] Loss: 0.1749 Acc: 1.0000
2025-11-23 23:33:17,640 - ResNet18_MNIST_logger - INFO - Epoch 2 [911/1875 (48.6%)] Loss: 0.0673 Acc: 0.9688
2025-11-23 23:33:25,464 - ResNet18_MNIST_logger - INFO - Epoch 2 [921/1875 (49.1%)] Loss: 0.0046 Acc: 1.0000
2025-11-23 23:33:33,356 - ResNet18_MNIST_logger - INFO - Epoch 2 [931/1875 (49.7%)] Loss: 0.0022 Acc: 1.0000
2025-11-23 23:33:41,304 - ResNet18_MNIST_logger - INFO - Epoch 2 [941/1875 (50.2%)] Loss: 0.0009 Acc: 1.0000
2025-11-23 23:33:49,163 - ResNet18_MNIST_logger - INFO - Epoch 2 [951/1875 (50.7%)] Loss: 0.0024 Acc: 1.0000
2025-11-23 23:33:56,994 - ResNet18_MNIST_logger - INFO - Epoch 2 [961/1875 (51.3%)] Loss: 0.1126 Acc: 1.0000
2025-11-23 23:34:04,933 - ResNet18_MNIST_logger - INFO - Epoch 2 [971/1875 (51.8%)] Loss: 0.0013 Acc: 1.0000
2025-11-23 23:34:12,800 - ResNet18_MNIST_logger - INFO - Epoch 2 [981/1875 (52.3%)] Loss: 0.0191 Acc: 1.0000
2025-11-23 23:34:20,683 - ResNet18_MNIST_logger - INFO - Epoch 2 [991/1875 (52.9%)] Loss: 0.0250 Acc: 1.0000
2025-11-23 23:34:28,682 - ResNet18_MNIST_logger - INFO - Epoch 2 [1001/1875 (53.4%)] Loss: 0.4690 Acc: 0.9688
2025-11-23 23:34:36,544 - ResNet18_MNIST_logger - INFO - Epoch 2 [1011/1875 (53.9%)] Loss: 0.0143 Acc: 1.0000
2025-11-23 23:34:44,362 - ResNet18_MNIST_logger - INFO - Epoch 2 [1021/1875 (54.5%)] Loss: 0.0039 Acc: 1.0000
2025-11-23 23:34:52,314 - ResNet18_MNIST_logger - INFO - Epoch 2 [1031/1875 (55.0%)] Loss: 0.0008 Acc: 1.0000
2025-11-23 23:35:00,182 - ResNet18_MNIST_logger - INFO - Epoch 2 [1041/1875 (55.5%)] Loss: 0.0126 Acc: 0.9688
2025-11-23 23:35:08,066 - ResNet18_MNIST_logger - INFO - Epoch 2 [1051/1875 (56.1%)] Loss: 0.0460 Acc: 1.0000
2025-11-23 23:35:16,025 - ResNet18_MNIST_logger - INFO - Epoch 2 [1061/1875 (56.6%)] Loss: 0.2618 Acc: 0.9375
2025-11-23 23:35:23,891 - ResNet18_MNIST_logger - INFO - Epoch 2 [1071/1875 (57.1%)] Loss: 0.0168 Acc: 1.0000
2025-11-23 23:35:31,841 - ResNet18_MNIST_logger - INFO - Epoch 2 [1081/1875 (57.7%)] Loss: 0.1259 Acc: 1.0000
2025-11-23 23:35:39,819 - ResNet18_MNIST_logger - INFO - Epoch 2 [1091/1875 (58.2%)] Loss: 0.0060 Acc: 1.0000
2025-11-23 23:35:47,711 - ResNet18_MNIST_logger - INFO - Epoch 2 [1101/1875 (58.7%)] Loss: 0.0042 Acc: 1.0000
2025-11-23 23:35:55,541 - ResNet18_MNIST_logger - INFO - Epoch 2 [1111/1875 (59.3%)] Loss: 0.0017 Acc: 1.0000
2025-11-23 23:36:03,463 - ResNet18_MNIST_logger - INFO - Epoch 2 [1121/1875 (59.8%)] Loss: 0.0052 Acc: 1.0000
2025-11-23 23:36:11,338 - ResNet18_MNIST_logger - INFO - Epoch 2 [1131/1875 (60.3%)] Loss: 0.0057 Acc: 1.0000
2025-11-23 23:36:19,219 - ResNet18_MNIST_logger - INFO - Epoch 2 [1141/1875 (60.9%)] Loss: 0.0397 Acc: 1.0000
2025-11-23 23:36:27,181 - ResNet18_MNIST_logger - INFO - Epoch 2 [1151/1875 (61.4%)] Loss: 0.0239 Acc: 1.0000
2025-11-23 23:36:35,072 - ResNet18_MNIST_logger - INFO - Epoch 2 [1161/1875 (61.9%)] Loss: 0.0210 Acc: 1.0000
2025-11-23 23:36:42,923 - ResNet18_MNIST_logger - INFO - Epoch 2 [1171/1875 (62.5%)] Loss: 0.0163 Acc: 1.0000
2025-11-23 23:36:50,812 - ResNet18_MNIST_logger - INFO - Epoch 2 [1181/1875 (63.0%)] Loss: 0.1252 Acc: 0.9688
2025-11-23 23:36:58,672 - ResNet18_MNIST_logger - INFO - Epoch 2 [1191/1875 (63.5%)] Loss: 0.0264 Acc: 1.0000
2025-11-23 23:37:06,567 - ResNet18_MNIST_logger - INFO - Epoch 2 [1201/1875 (64.1%)] Loss: 0.0075 Acc: 1.0000
2025-11-23 23:37:14,518 - ResNet18_MNIST_logger - INFO - Epoch 2 [1211/1875 (64.6%)] Loss: 0.0402 Acc: 0.9688
2025-11-23 23:37:22,382 - ResNet18_MNIST_logger - INFO - Epoch 2 [1221/1875 (65.1%)] Loss: 0.4574 Acc: 1.0000
2025-11-23 23:37:30,280 - ResNet18_MNIST_logger - INFO - Epoch 2 [1231/1875 (65.7%)] Loss: 0.0908 Acc: 0.9375
2025-11-23 23:37:38,187 - ResNet18_MNIST_logger - INFO - Epoch 2 [1241/1875 (66.2%)] Loss: 0.1139 Acc: 0.9688
2025-11-23 23:37:46,064 - ResNet18_MNIST_logger - INFO - Epoch 2 [1251/1875 (66.7%)] Loss: 0.0584 Acc: 1.0000
2025-11-23 23:37:53,898 - ResNet18_MNIST_logger - INFO - Epoch 2 [1261/1875 (67.3%)] Loss: 0.0258 Acc: 1.0000
2025-11-23 23:38:01,824 - ResNet18_MNIST_logger - INFO - Epoch 2 [1271/1875 (67.8%)] Loss: 0.0719 Acc: 0.9688
2025-11-23 23:38:09,717 - ResNet18_MNIST_logger - INFO - Epoch 2 [1281/1875 (68.3%)] Loss: 0.0626 Acc: 0.9375
2025-11-23 23:38:17,610 - ResNet18_MNIST_logger - INFO - Epoch 2 [1291/1875 (68.9%)] Loss: 0.0035 Acc: 1.0000
2025-11-23 23:38:25,580 - ResNet18_MNIST_logger - INFO - Epoch 2 [1301/1875 (69.4%)] Loss: 0.0233 Acc: 1.0000
2025-11-23 23:38:33,467 - ResNet18_MNIST_logger - INFO - Epoch 2 [1311/1875 (69.9%)] Loss: 0.0035 Acc: 1.0000
2025-11-23 23:38:41,309 - ResNet18_MNIST_logger - INFO - Epoch 2 [1321/1875 (70.5%)] Loss: 0.0151 Acc: 1.0000
2025-11-23 23:38:49,296 - ResNet18_MNIST_logger - INFO - Epoch 2 [1331/1875 (71.0%)] Loss: 0.0900 Acc: 0.9688
2025-11-23 23:38:57,153 - ResNet18_MNIST_logger - INFO - Epoch 2 [1341/1875 (71.5%)] Loss: 0.0443 Acc: 1.0000
2025-11-23 23:39:05,027 - ResNet18_MNIST_logger - INFO - Epoch 2 [1351/1875 (72.1%)] Loss: 0.0029 Acc: 1.0000
2025-11-23 23:39:12,921 - ResNet18_MNIST_logger - INFO - Epoch 2 [1361/1875 (72.6%)] Loss: 0.0835 Acc: 0.9688
2025-11-23 23:39:20,767 - ResNet18_MNIST_logger - INFO - Epoch 2 [1371/1875 (73.1%)] Loss: 0.0029 Acc: 1.0000
2025-11-23 23:39:28,693 - ResNet18_MNIST_logger - INFO - Epoch 2 [1381/1875 (73.7%)] Loss: 0.0027 Acc: 1.0000
2025-11-23 23:39:36,666 - ResNet18_MNIST_logger - INFO - Epoch 2 [1391/1875 (74.2%)] Loss: 0.0011 Acc: 1.0000
2025-11-23 23:39:44,566 - ResNet18_MNIST_logger - INFO - Epoch 2 [1401/1875 (74.7%)] Loss: 0.0035 Acc: 1.0000
2025-11-23 23:39:52,464 - ResNet18_MNIST_logger - INFO - Epoch 2 [1411/1875 (75.3%)] Loss: 0.0051 Acc: 1.0000
2025-11-23 23:40:00,435 - ResNet18_MNIST_logger - INFO - Epoch 2 [1421/1875 (75.8%)] Loss: 0.0824 Acc: 1.0000
2025-11-23 23:40:08,322 - ResNet18_MNIST_logger - INFO - Epoch 2 [1431/1875 (76.3%)] Loss: 0.0022 Acc: 1.0000
2025-11-23 23:40:16,171 - ResNet18_MNIST_logger - INFO - Epoch 2 [1441/1875 (76.9%)] Loss: 0.1865 Acc: 0.9688
2025-11-23 23:40:24,158 - ResNet18_MNIST_logger - INFO - Epoch 2 [1451/1875 (77.4%)] Loss: 0.0199 Acc: 1.0000
2025-11-23 23:40:32,118 - ResNet18_MNIST_logger - INFO - Epoch 2 [1461/1875 (77.9%)] Loss: 0.1542 Acc: 1.0000
2025-11-23 23:40:39,971 - ResNet18_MNIST_logger - INFO - Epoch 2 [1471/1875 (78.5%)] Loss: 0.0073 Acc: 1.0000
2025-11-23 23:40:47,946 - ResNet18_MNIST_logger - INFO - Epoch 2 [1481/1875 (79.0%)] Loss: 0.0066 Acc: 1.0000
2025-11-23 23:40:55,812 - ResNet18_MNIST_logger - INFO - Epoch 2 [1491/1875 (79.5%)] Loss: 0.0033 Acc: 1.0000
2025-11-23 23:41:03,650 - ResNet18_MNIST_logger - INFO - Epoch 2 [1501/1875 (80.1%)] Loss: 0.0031 Acc: 1.0000
2025-11-23 23:41:11,616 - ResNet18_MNIST_logger - INFO - Epoch 2 [1511/1875 (80.6%)] Loss: 0.0240 Acc: 1.0000
2025-11-23 23:41:19,468 - ResNet18_MNIST_logger - INFO - Epoch 2 [1521/1875 (81.1%)] Loss: 0.0025 Acc: 1.0000
2025-11-23 23:41:27,394 - ResNet18_MNIST_logger - INFO - Epoch 2 [1531/1875 (81.7%)] Loss: 0.0026 Acc: 1.0000
2025-11-23 23:41:35,333 - ResNet18_MNIST_logger - INFO - Epoch 2 [1541/1875 (82.2%)] Loss: 0.0037 Acc: 1.0000
2025-11-23 23:41:43,192 - ResNet18_MNIST_logger - INFO - Epoch 2 [1551/1875 (82.7%)] Loss: 0.0061 Acc: 1.0000
2025-11-23 23:41:51,078 - ResNet18_MNIST_logger - INFO - Epoch 2 [1561/1875 (83.3%)] Loss: 0.1047 Acc: 0.9688
2025-11-23 23:41:58,953 - ResNet18_MNIST_logger - INFO - Epoch 2 [1571/1875 (83.8%)] Loss: 0.1949 Acc: 0.9688
2025-11-23 23:42:06,808 - ResNet18_MNIST_logger - INFO - Epoch 2 [1581/1875 (84.3%)] Loss: 0.0141 Acc: 1.0000
2025-11-23 23:42:14,673 - ResNet18_MNIST_logger - INFO - Epoch 2 [1591/1875 (84.9%)] Loss: 0.0017 Acc: 1.0000
2025-11-23 23:42:22,623 - ResNet18_MNIST_logger - INFO - Epoch 2 [1601/1875 (85.4%)] Loss: 0.0132 Acc: 1.0000
2025-11-23 23:42:30,540 - ResNet18_MNIST_logger - INFO - Epoch 2 [1611/1875 (85.9%)] Loss: 0.0161 Acc: 1.0000
2025-11-23 23:42:38,463 - ResNet18_MNIST_logger - INFO - Epoch 2 [1621/1875 (86.5%)] Loss: 0.0739 Acc: 0.9688
2025-11-23 23:42:46,421 - ResNet18_MNIST_logger - INFO - Epoch 2 [1631/1875 (87.0%)] Loss: 0.0468 Acc: 1.0000
2025-11-23 23:42:54,276 - ResNet18_MNIST_logger - INFO - Epoch 2 [1641/1875 (87.5%)] Loss: 0.1341 Acc: 1.0000
2025-11-23 23:43:02,173 - ResNet18_MNIST_logger - INFO - Epoch 2 [1651/1875 (88.1%)] Loss: 0.0074 Acc: 1.0000
2025-11-23 23:43:10,088 - ResNet18_MNIST_logger - INFO - Epoch 2 [1661/1875 (88.6%)] Loss: 0.0465 Acc: 1.0000
2025-11-23 23:43:18,000 - ResNet18_MNIST_logger - INFO - Epoch 2 [1671/1875 (89.1%)] Loss: 0.2907 Acc: 1.0000
2025-11-23 23:43:25,828 - ResNet18_MNIST_logger - INFO - Epoch 2 [1681/1875 (89.7%)] Loss: 0.0156 Acc: 1.0000
2025-11-23 23:43:33,763 - ResNet18_MNIST_logger - INFO - Epoch 2 [1691/1875 (90.2%)] Loss: 0.0203 Acc: 1.0000
2025-11-23 23:43:41,628 - ResNet18_MNIST_logger - INFO - Epoch 2 [1701/1875 (90.7%)] Loss: 0.0020 Acc: 1.0000
2025-11-23 23:43:49,494 - ResNet18_MNIST_logger - INFO - Epoch 2 [1711/1875 (91.3%)] Loss: 0.0012 Acc: 1.0000
2025-11-23 23:43:57,453 - ResNet18_MNIST_logger - INFO - Epoch 2 [1721/1875 (91.8%)] Loss: 0.0846 Acc: 0.9688
2025-11-23 23:44:05,314 - ResNet18_MNIST_logger - INFO - Epoch 2 [1731/1875 (92.3%)] Loss: 0.0137 Acc: 1.0000
2025-11-23 23:44:13,154 - ResNet18_MNIST_logger - INFO - Epoch 2 [1741/1875 (92.9%)] Loss: 0.0009 Acc: 1.0000
2025-11-23 23:44:21,121 - ResNet18_MNIST_logger - INFO - Epoch 2 [1751/1875 (93.4%)] Loss: 0.1119 Acc: 0.9688
2025-11-23 23:44:29,075 - ResNet18_MNIST_logger - INFO - Epoch 2 [1761/1875 (93.9%)] Loss: 0.0029 Acc: 1.0000
2025-11-23 23:44:36,961 - ResNet18_MNIST_logger - INFO - Epoch 2 [1771/1875 (94.5%)] Loss: 0.1200 Acc: 0.9688
2025-11-23 23:44:44,888 - ResNet18_MNIST_logger - INFO - Epoch 2 [1781/1875 (95.0%)] Loss: 0.0019 Acc: 1.0000
2025-11-23 23:44:52,757 - ResNet18_MNIST_logger - INFO - Epoch 2 [1791/1875 (95.5%)] Loss: 0.0023 Acc: 1.0000
2025-11-23 23:45:00,622 - ResNet18_MNIST_logger - INFO - Epoch 2 [1801/1875 (96.1%)] Loss: 0.0607 Acc: 0.9688
2025-11-23 23:45:08,512 - ResNet18_MNIST_logger - INFO - Epoch 2 [1811/1875 (96.6%)] Loss: 0.0021 Acc: 1.0000
2025-11-23 23:45:16,359 - ResNet18_MNIST_logger - INFO - Epoch 2 [1821/1875 (97.1%)] Loss: 0.0076 Acc: 1.0000
2025-11-23 23:45:24,263 - ResNet18_MNIST_logger - INFO - Epoch 2 [1831/1875 (97.7%)] Loss: 0.0135 Acc: 1.0000
2025-11-23 23:45:32,299 - ResNet18_MNIST_logger - INFO - Epoch 2 [1841/1875 (98.2%)] Loss: 0.0259 Acc: 0.9688
2025-11-23 23:45:40,169 - ResNet18_MNIST_logger - INFO - Epoch 2 [1851/1875 (98.7%)] Loss: 0.0001 Acc: 1.0000
2025-11-23 23:45:48,039 - ResNet18_MNIST_logger - INFO - Epoch 2 [1861/1875 (99.3%)] Loss: 0.0489 Acc: 0.9688
2025-11-23 23:45:56,017 - ResNet18_MNIST_logger - INFO - Epoch 2 [1871/1875 (99.8%)] Loss: 0.0010 Acc: 1.0000
2025-11-23 23:58:37,335 - ResNet18_MNIST_logger - INFO - Epoch   2 | Train Loss: 0.0501 | Train Acc: 0.9888 | Val Loss: 0.0364 | Val Acc: 0.0364
2025-11-23 23:58:38,524 - ResNet18_MNIST_logger - INFO - Epoch 3 [1/1875 (0.1%)] Loss: 0.0008 Acc: 1.0000
2025-11-23 23:58:46,387 - ResNet18_MNIST_logger - INFO - Epoch 3 [11/1875 (0.6%)] Loss: 0.0043 Acc: 1.0000
2025-11-23 23:58:54,235 - ResNet18_MNIST_logger - INFO - Epoch 3 [21/1875 (1.1%)] Loss: 0.0115 Acc: 1.0000
2025-11-23 23:59:02,205 - ResNet18_MNIST_logger - INFO - Epoch 3 [31/1875 (1.7%)] Loss: 0.0762 Acc: 0.9688
2025-11-23 23:59:10,064 - ResNet18_MNIST_logger - INFO - Epoch 3 [41/1875 (2.2%)] Loss: 0.0042 Acc: 1.0000
2025-11-23 23:59:17,931 - ResNet18_MNIST_logger - INFO - Epoch 3 [51/1875 (2.7%)] Loss: 0.0080 Acc: 1.0000
2025-11-23 23:59:25,865 - ResNet18_MNIST_logger - INFO - Epoch 3 [61/1875 (3.3%)] Loss: 0.0055 Acc: 1.0000
2025-11-23 23:59:33,702 - ResNet18_MNIST_logger - INFO - Epoch 3 [71/1875 (3.8%)] Loss: 0.0003 Acc: 1.0000
2025-11-23 23:59:41,593 - ResNet18_MNIST_logger - INFO - Epoch 3 [81/1875 (4.3%)] Loss: 0.0074 Acc: 1.0000
2025-11-23 23:59:49,498 - ResNet18_MNIST_logger - INFO - Epoch 3 [91/1875 (4.9%)] Loss: 0.0454 Acc: 0.9688
2025-11-23 23:59:57,293 - ResNet18_MNIST_logger - INFO - Epoch 3 [101/1875 (5.4%)] Loss: 0.0201 Acc: 1.0000
2025-11-24 00:00:05,142 - ResNet18_MNIST_logger - INFO - Epoch 3 [111/1875 (5.9%)] Loss: 0.0585 Acc: 0.9688
2025-11-24 00:00:13,118 - ResNet18_MNIST_logger - INFO - Epoch 3 [121/1875 (6.5%)] Loss: 0.0657 Acc: 1.0000
2025-11-24 00:00:20,963 - ResNet18_MNIST_logger - INFO - Epoch 3 [131/1875 (7.0%)] Loss: 0.0031 Acc: 1.0000
2025-11-24 00:00:28,881 - ResNet18_MNIST_logger - INFO - Epoch 3 [141/1875 (7.5%)] Loss: 0.0233 Acc: 1.0000
2025-11-24 00:00:36,713 - ResNet18_MNIST_logger - INFO - Epoch 3 [151/1875 (8.1%)] Loss: 0.0525 Acc: 0.9688
2025-11-24 00:00:44,652 - ResNet18_MNIST_logger - INFO - Epoch 3 [161/1875 (8.6%)] Loss: 0.0045 Acc: 1.0000
2025-11-24 00:00:52,481 - ResNet18_MNIST_logger - INFO - Epoch 3 [171/1875 (9.1%)] Loss: 0.0028 Acc: 1.0000
2025-11-24 00:01:00,319 - ResNet18_MNIST_logger - INFO - Epoch 3 [181/1875 (9.7%)] Loss: 0.1654 Acc: 1.0000
2025-11-24 00:01:08,241 - ResNet18_MNIST_logger - INFO - Epoch 3 [191/1875 (10.2%)] Loss: 0.0132 Acc: 1.0000
2025-11-24 00:01:16,155 - ResNet18_MNIST_logger - INFO - Epoch 3 [201/1875 (10.7%)] Loss: 0.0299 Acc: 1.0000
2025-11-24 00:01:24,063 - ResNet18_MNIST_logger - INFO - Epoch 3 [211/1875 (11.3%)] Loss: 0.0079 Acc: 1.0000
2025-11-24 00:01:32,043 - ResNet18_MNIST_logger - INFO - Epoch 3 [221/1875 (11.8%)] Loss: 0.0041 Acc: 1.0000
2025-11-24 00:01:39,900 - ResNet18_MNIST_logger - INFO - Epoch 3 [231/1875 (12.3%)] Loss: 0.0113 Acc: 1.0000
2025-11-24 00:01:47,749 - ResNet18_MNIST_logger - INFO - Epoch 3 [241/1875 (12.9%)] Loss: 0.0136 Acc: 1.0000
2025-11-24 00:01:55,624 - ResNet18_MNIST_logger - INFO - Epoch 3 [251/1875 (13.4%)] Loss: 0.0101 Acc: 1.0000
2025-11-24 00:02:03,457 - ResNet18_MNIST_logger - INFO - Epoch 3 [261/1875 (13.9%)] Loss: 0.0011 Acc: 1.0000
2025-11-24 00:02:11,321 - ResNet18_MNIST_logger - INFO - Epoch 3 [271/1875 (14.5%)] Loss: 0.1317 Acc: 1.0000
2025-11-24 00:02:19,295 - ResNet18_MNIST_logger - INFO - Epoch 3 [281/1875 (15.0%)] Loss: 0.0800 Acc: 1.0000
2025-11-24 00:02:27,157 - ResNet18_MNIST_logger - INFO - Epoch 3 [291/1875 (15.5%)] Loss: 0.0078 Acc: 1.0000
2025-11-24 00:02:35,003 - ResNet18_MNIST_logger - INFO - Epoch 3 [301/1875 (16.1%)] Loss: 0.0020 Acc: 1.0000
2025-11-24 00:02:42,960 - ResNet18_MNIST_logger - INFO - Epoch 3 [311/1875 (16.6%)] Loss: 0.0002 Acc: 1.0000
2025-11-24 00:02:50,818 - ResNet18_MNIST_logger - INFO - Epoch 3 [321/1875 (17.1%)] Loss: 0.0031 Acc: 1.0000
2025-11-24 00:02:58,671 - ResNet18_MNIST_logger - INFO - Epoch 3 [331/1875 (17.7%)] Loss: 0.0003 Acc: 1.0000
2025-11-24 00:03:06,590 - ResNet18_MNIST_logger - INFO - Epoch 3 [341/1875 (18.2%)] Loss: 0.0154 Acc: 1.0000
2025-11-24 00:03:14,458 - ResNet18_MNIST_logger - INFO - Epoch 3 [351/1875 (18.7%)] Loss: 0.0561 Acc: 1.0000
2025-11-24 00:03:22,319 - ResNet18_MNIST_logger - INFO - Epoch 3 [361/1875 (19.3%)] Loss: 0.0004 Acc: 1.0000
2025-11-24 00:03:30,308 - ResNet18_MNIST_logger - INFO - Epoch 3 [371/1875 (19.8%)] Loss: 0.0325 Acc: 0.9688
2025-11-24 00:03:38,149 - ResNet18_MNIST_logger - INFO - Epoch 3 [381/1875 (20.3%)] Loss: 0.0062 Acc: 1.0000
2025-11-24 00:03:45,978 - ResNet18_MNIST_logger - INFO - Epoch 3 [391/1875 (20.9%)] Loss: 0.0204 Acc: 1.0000
2025-11-24 00:03:53,892 - ResNet18_MNIST_logger - INFO - Epoch 3 [401/1875 (21.4%)] Loss: 0.0011 Acc: 1.0000
2025-11-24 00:04:01,760 - ResNet18_MNIST_logger - INFO - Epoch 3 [411/1875 (21.9%)] Loss: 0.0067 Acc: 1.0000
2025-11-24 00:04:09,660 - ResNet18_MNIST_logger - INFO - Epoch 3 [421/1875 (22.5%)] Loss: 0.1168 Acc: 0.9688
2025-11-24 00:04:17,572 - ResNet18_MNIST_logger - INFO - Epoch 3 [431/1875 (23.0%)] Loss: 0.0076 Acc: 1.0000
2025-11-24 00:04:25,407 - ResNet18_MNIST_logger - INFO - Epoch 3 [441/1875 (23.5%)] Loss: 0.0130 Acc: 1.0000
2025-11-24 00:04:33,277 - ResNet18_MNIST_logger - INFO - Epoch 3 [451/1875 (24.1%)] Loss: 0.0768 Acc: 0.9375
2025-11-24 00:04:41,191 - ResNet18_MNIST_logger - INFO - Epoch 3 [461/1875 (24.6%)] Loss: 0.0023 Acc: 1.0000
2025-11-24 00:04:49,071 - ResNet18_MNIST_logger - INFO - Epoch 3 [471/1875 (25.1%)] Loss: 0.0008 Acc: 1.0000
2025-11-24 00:04:56,910 - ResNet18_MNIST_logger - INFO - Epoch 3 [481/1875 (25.7%)] Loss: 0.0798 Acc: 1.0000
2025-11-24 00:05:04,845 - ResNet18_MNIST_logger - INFO - Epoch 3 [491/1875 (26.2%)] Loss: 0.0471 Acc: 1.0000
2025-11-24 00:05:12,656 - ResNet18_MNIST_logger - INFO - Epoch 3 [501/1875 (26.7%)] Loss: 0.0017 Acc: 1.0000
2025-11-24 00:05:20,538 - ResNet18_MNIST_logger - INFO - Epoch 3 [511/1875 (27.3%)] Loss: 0.0022 Acc: 1.0000
2025-11-24 00:05:28,538 - ResNet18_MNIST_logger - INFO - Epoch 3 [521/1875 (27.8%)] Loss: 0.0060 Acc: 1.0000
2025-11-24 00:05:36,406 - ResNet18_MNIST_logger - INFO - Epoch 3 [531/1875 (28.3%)] Loss: 0.0021 Acc: 1.0000
2025-11-24 00:05:44,271 - ResNet18_MNIST_logger - INFO - Epoch 3 [541/1875 (28.9%)] Loss: 0.0029 Acc: 1.0000
2025-11-24 00:05:52,261 - ResNet18_MNIST_logger - INFO - Epoch 3 [551/1875 (29.4%)] Loss: 0.0405 Acc: 0.9688
2025-11-24 00:06:00,144 - ResNet18_MNIST_logger - INFO - Epoch 3 [561/1875 (29.9%)] Loss: 0.0674 Acc: 1.0000
2025-11-24 00:06:07,993 - ResNet18_MNIST_logger - INFO - Epoch 3 [571/1875 (30.5%)] Loss: 0.1073 Acc: 0.9688
2025-11-24 00:06:15,907 - ResNet18_MNIST_logger - INFO - Epoch 3 [581/1875 (31.0%)] Loss: 0.2705 Acc: 0.9688
2025-11-24 00:06:23,748 - ResNet18_MNIST_logger - INFO - Epoch 3 [591/1875 (31.5%)] Loss: 0.0144 Acc: 1.0000
2025-11-24 00:06:31,770 - ResNet18_MNIST_logger - INFO - Epoch 3 [601/1875 (32.1%)] Loss: 0.0060 Acc: 1.0000
2025-11-24 00:06:39,673 - ResNet18_MNIST_logger - INFO - Epoch 3 [611/1875 (32.6%)] Loss: 0.0057 Acc: 1.0000
2025-11-24 00:06:47,528 - ResNet18_MNIST_logger - INFO - Epoch 3 [621/1875 (33.1%)] Loss: 0.1412 Acc: 0.9688
2025-11-24 00:06:55,444 - ResNet18_MNIST_logger - INFO - Epoch 3 [631/1875 (33.7%)] Loss: 0.0079 Acc: 1.0000
2025-11-24 00:07:03,292 - ResNet18_MNIST_logger - INFO - Epoch 3 [641/1875 (34.2%)] Loss: 0.0072 Acc: 1.0000
2025-11-24 00:07:11,185 - ResNet18_MNIST_logger - INFO - Epoch 3 [651/1875 (34.7%)] Loss: 0.0073 Acc: 1.0000
2025-11-24 00:07:19,133 - ResNet18_MNIST_logger - INFO - Epoch 3 [661/1875 (35.3%)] Loss: 0.0035 Acc: 1.0000
2025-11-24 00:07:27,008 - ResNet18_MNIST_logger - INFO - Epoch 3 [671/1875 (35.8%)] Loss: 0.0135 Acc: 1.0000
2025-11-24 00:07:34,882 - ResNet18_MNIST_logger - INFO - Epoch 3 [681/1875 (36.3%)] Loss: 0.0117 Acc: 1.0000
2025-11-24 00:07:42,815 - ResNet18_MNIST_logger - INFO - Epoch 3 [691/1875 (36.9%)] Loss: 0.0072 Acc: 1.0000
2025-11-24 00:07:50,687 - ResNet18_MNIST_logger - INFO - Epoch 3 [701/1875 (37.4%)] Loss: 0.0330 Acc: 1.0000
2025-11-24 00:07:58,536 - ResNet18_MNIST_logger - INFO - Epoch 3 [711/1875 (37.9%)] Loss: 0.0666 Acc: 1.0000
2025-11-24 00:08:06,456 - ResNet18_MNIST_logger - INFO - Epoch 3 [721/1875 (38.5%)] Loss: 0.0728 Acc: 1.0000
2025-11-24 00:08:14,349 - ResNet18_MNIST_logger - INFO - Epoch 3 [731/1875 (39.0%)] Loss: 0.0224 Acc: 1.0000
2025-11-24 00:08:22,210 - ResNet18_MNIST_logger - INFO - Epoch 3 [741/1875 (39.5%)] Loss: 0.0012 Acc: 1.0000
2025-11-24 00:08:30,157 - ResNet18_MNIST_logger - INFO - Epoch 3 [751/1875 (40.1%)] Loss: 0.1902 Acc: 0.9688
2025-11-24 00:08:37,978 - ResNet18_MNIST_logger - INFO - Epoch 3 [761/1875 (40.6%)] Loss: 0.0204 Acc: 1.0000
2025-11-24 00:08:45,842 - ResNet18_MNIST_logger - INFO - Epoch 3 [771/1875 (41.1%)] Loss: 0.0252 Acc: 1.0000
2025-11-24 00:08:53,762 - ResNet18_MNIST_logger - INFO - Epoch 3 [781/1875 (41.7%)] Loss: 0.0169 Acc: 1.0000
2025-11-24 00:09:01,616 - ResNet18_MNIST_logger - INFO - Epoch 3 [791/1875 (42.2%)] Loss: 0.0005 Acc: 1.0000
2025-11-24 00:09:09,504 - ResNet18_MNIST_logger - INFO - Epoch 3 [801/1875 (42.7%)] Loss: 0.0030 Acc: 1.0000
2025-11-24 00:09:17,442 - ResNet18_MNIST_logger - INFO - Epoch 3 [811/1875 (43.3%)] Loss: 0.0502 Acc: 1.0000
2025-11-24 00:09:25,322 - ResNet18_MNIST_logger - INFO - Epoch 3 [821/1875 (43.8%)] Loss: 0.0030 Acc: 1.0000
2025-11-24 00:09:33,185 - ResNet18_MNIST_logger - INFO - Epoch 3 [831/1875 (44.3%)] Loss: 0.0002 Acc: 1.0000
2025-11-24 00:09:41,122 - ResNet18_MNIST_logger - INFO - Epoch 3 [841/1875 (44.9%)] Loss: 0.0113 Acc: 1.0000
2025-11-24 00:09:48,888 - ResNet18_MNIST_logger - INFO - Epoch 3 [851/1875 (45.4%)] Loss: 0.0444 Acc: 1.0000
2025-11-24 00:09:56,654 - ResNet18_MNIST_logger - INFO - Epoch 3 [861/1875 (45.9%)] Loss: 0.0059 Acc: 1.0000
2025-11-24 00:10:04,624 - ResNet18_MNIST_logger - INFO - Epoch 3 [871/1875 (46.5%)] Loss: 0.0553 Acc: 1.0000
2025-11-24 00:10:12,491 - ResNet18_MNIST_logger - INFO - Epoch 3 [881/1875 (47.0%)] Loss: 0.0004 Acc: 1.0000
2025-11-24 00:10:20,382 - ResNet18_MNIST_logger - INFO - Epoch 3 [891/1875 (47.5%)] Loss: 0.0826 Acc: 1.0000
2025-11-24 00:10:28,324 - ResNet18_MNIST_logger - INFO - Epoch 3 [901/1875 (48.1%)] Loss: 0.0090 Acc: 1.0000
2025-11-24 00:10:36,203 - ResNet18_MNIST_logger - INFO - Epoch 3 [911/1875 (48.6%)] Loss: 0.0178 Acc: 1.0000
2025-11-24 00:10:44,056 - ResNet18_MNIST_logger - INFO - Epoch 3 [921/1875 (49.1%)] Loss: 0.0449 Acc: 1.0000
2025-11-24 00:10:52,011 - ResNet18_MNIST_logger - INFO - Epoch 3 [931/1875 (49.7%)] Loss: 0.1343 Acc: 0.9688
2025-11-24 00:10:59,867 - ResNet18_MNIST_logger - INFO - Epoch 3 [941/1875 (50.2%)] Loss: 0.0176 Acc: 1.0000
2025-11-24 00:11:07,759 - ResNet18_MNIST_logger - INFO - Epoch 3 [951/1875 (50.7%)] Loss: 0.0300 Acc: 1.0000
2025-11-24 00:11:15,665 - ResNet18_MNIST_logger - INFO - Epoch 3 [961/1875 (51.3%)] Loss: 0.1049 Acc: 1.0000
2025-11-24 00:11:23,484 - ResNet18_MNIST_logger - INFO - Epoch 3 [971/1875 (51.8%)] Loss: 0.0175 Acc: 1.0000
2025-11-24 00:11:31,370 - ResNet18_MNIST_logger - INFO - Epoch 3 [981/1875 (52.3%)] Loss: 0.0015 Acc: 1.0000
2025-11-24 00:11:39,316 - ResNet18_MNIST_logger - INFO - Epoch 3 [991/1875 (52.9%)] Loss: 0.0103 Acc: 1.0000
2025-11-24 00:11:47,191 - ResNet18_MNIST_logger - INFO - Epoch 3 [1001/1875 (53.4%)] Loss: 0.0235 Acc: 1.0000
2025-11-24 00:11:55,010 - ResNet18_MNIST_logger - INFO - Epoch 3 [1011/1875 (53.9%)] Loss: 0.0348 Acc: 1.0000
2025-11-24 00:12:02,926 - ResNet18_MNIST_logger - INFO - Epoch 3 [1021/1875 (54.5%)] Loss: 0.0099 Acc: 1.0000
2025-11-24 00:12:10,796 - ResNet18_MNIST_logger - INFO - Epoch 3 [1031/1875 (55.0%)] Loss: 0.0264 Acc: 1.0000
2025-11-24 00:12:18,660 - ResNet18_MNIST_logger - INFO - Epoch 3 [1041/1875 (55.5%)] Loss: 0.0007 Acc: 1.0000
2025-11-24 00:12:26,593 - ResNet18_MNIST_logger - INFO - Epoch 3 [1051/1875 (56.1%)] Loss: 0.0008 Acc: 1.0000
2025-11-24 00:12:34,551 - ResNet18_MNIST_logger - INFO - Epoch 3 [1061/1875 (56.6%)] Loss: 0.1204 Acc: 1.0000
2025-11-24 00:12:42,417 - ResNet18_MNIST_logger - INFO - Epoch 3 [1071/1875 (57.1%)] Loss: 0.0048 Acc: 1.0000
2025-11-24 00:12:50,382 - ResNet18_MNIST_logger - INFO - Epoch 3 [1081/1875 (57.7%)] Loss: 0.0137 Acc: 1.0000
2025-11-24 00:12:58,254 - ResNet18_MNIST_logger - INFO - Epoch 3 [1091/1875 (58.2%)] Loss: 0.0870 Acc: 1.0000
2025-11-24 00:13:06,078 - ResNet18_MNIST_logger - INFO - Epoch 3 [1101/1875 (58.7%)] Loss: 0.0693 Acc: 0.9688
2025-11-24 00:13:13,980 - ResNet18_MNIST_logger - INFO - Epoch 3 [1111/1875 (59.3%)] Loss: 0.0147 Acc: 1.0000
2025-11-24 00:13:21,811 - ResNet18_MNIST_logger - INFO - Epoch 3 [1121/1875 (59.8%)] Loss: 0.0109 Acc: 1.0000
2025-11-24 00:13:29,792 - ResNet18_MNIST_logger - INFO - Epoch 3 [1131/1875 (60.3%)] Loss: 0.2975 Acc: 0.9688
2025-11-24 00:13:37,637 - ResNet18_MNIST_logger - INFO - Epoch 3 [1141/1875 (60.9%)] Loss: 0.0634 Acc: 1.0000
2025-11-24 00:13:45,504 - ResNet18_MNIST_logger - INFO - Epoch 3 [1151/1875 (61.4%)] Loss: 0.0097 Acc: 1.0000
2025-11-24 00:13:53,415 - ResNet18_MNIST_logger - INFO - Epoch 3 [1161/1875 (61.9%)] Loss: 0.3151 Acc: 0.9688
2025-11-24 00:14:01,281 - ResNet18_MNIST_logger - INFO - Epoch 3 [1171/1875 (62.5%)] Loss: 0.0017 Acc: 1.0000
2025-11-24 00:14:09,223 - ResNet18_MNIST_logger - INFO - Epoch 3 [1181/1875 (63.0%)] Loss: 0.1104 Acc: 0.9688
2025-11-24 00:14:17,073 - ResNet18_MNIST_logger - INFO - Epoch 3 [1191/1875 (63.5%)] Loss: 0.0659 Acc: 1.0000
2025-11-24 00:14:24,914 - ResNet18_MNIST_logger - INFO - Epoch 3 [1201/1875 (64.1%)] Loss: 0.0016 Acc: 1.0000
2025-11-24 00:14:32,861 - ResNet18_MNIST_logger - INFO - Epoch 3 [1211/1875 (64.6%)] Loss: 0.0012 Acc: 1.0000
2025-11-24 00:14:40,715 - ResNet18_MNIST_logger - INFO - Epoch 3 [1221/1875 (65.1%)] Loss: 0.0002 Acc: 1.0000
2025-11-24 00:14:48,576 - ResNet18_MNIST_logger - INFO - Epoch 3 [1231/1875 (65.7%)] Loss: 0.0070 Acc: 1.0000
2025-11-24 00:14:56,459 - ResNet18_MNIST_logger - INFO - Epoch 3 [1241/1875 (66.2%)] Loss: 0.0017 Acc: 1.0000
2025-11-24 00:15:04,316 - ResNet18_MNIST_logger - INFO - Epoch 3 [1251/1875 (66.7%)] Loss: 0.0067 Acc: 1.0000
2025-11-24 00:15:12,253 - ResNet18_MNIST_logger - INFO - Epoch 3 [1261/1875 (67.3%)] Loss: 0.0001 Acc: 1.0000
2025-11-24 00:15:20,096 - ResNet18_MNIST_logger - INFO - Epoch 3 [1271/1875 (67.8%)] Loss: 0.1287 Acc: 1.0000
2025-11-24 00:15:28,026 - ResNet18_MNIST_logger - INFO - Epoch 3 [1281/1875 (68.3%)] Loss: 0.0008 Acc: 1.0000
2025-11-24 00:15:35,951 - ResNet18_MNIST_logger - INFO - Epoch 3 [1291/1875 (68.9%)] Loss: 0.0015 Acc: 1.0000
2025-11-24 00:15:43,845 - ResNet18_MNIST_logger - INFO - Epoch 3 [1301/1875 (69.4%)] Loss: 0.0112 Acc: 1.0000
2025-11-24 00:15:51,770 - ResNet18_MNIST_logger - INFO - Epoch 3 [1311/1875 (69.9%)] Loss: 0.0819 Acc: 1.0000
2025-11-24 00:15:59,597 - ResNet18_MNIST_logger - INFO - Epoch 3 [1321/1875 (70.5%)] Loss: 0.0480 Acc: 0.9688
2025-11-24 00:16:07,487 - ResNet18_MNIST_logger - INFO - Epoch 3 [1331/1875 (71.0%)] Loss: 0.1068 Acc: 0.9688
2025-11-24 00:16:15,409 - ResNet18_MNIST_logger - INFO - Epoch 3 [1341/1875 (71.5%)] Loss: 0.0050 Acc: 1.0000
2025-11-24 00:16:23,287 - ResNet18_MNIST_logger - INFO - Epoch 3 [1351/1875 (72.1%)] Loss: 0.0076 Acc: 1.0000
2025-11-24 00:16:31,176 - ResNet18_MNIST_logger - INFO - Epoch 3 [1361/1875 (72.6%)] Loss: 0.0072 Acc: 1.0000
2025-11-24 00:16:39,148 - ResNet18_MNIST_logger - INFO - Epoch 3 [1371/1875 (73.1%)] Loss: 0.0044 Acc: 1.0000
2025-11-24 00:16:47,011 - ResNet18_MNIST_logger - INFO - Epoch 3 [1381/1875 (73.7%)] Loss: 0.0713 Acc: 1.0000
2025-11-24 00:16:54,951 - ResNet18_MNIST_logger - INFO - Epoch 3 [1391/1875 (74.2%)] Loss: 0.2804 Acc: 0.9688
2025-11-24 00:17:02,772 - ResNet18_MNIST_logger - INFO - Epoch 3 [1401/1875 (74.7%)] Loss: 0.0018 Acc: 1.0000
2025-11-24 00:17:10,621 - ResNet18_MNIST_logger - INFO - Epoch 3 [1411/1875 (75.3%)] Loss: 0.0323 Acc: 0.9688
2025-11-24 00:17:18,576 - ResNet18_MNIST_logger - INFO - Epoch 3 [1421/1875 (75.8%)] Loss: 0.0150 Acc: 1.0000
2025-11-24 00:17:26,396 - ResNet18_MNIST_logger - INFO - Epoch 3 [1431/1875 (76.3%)] Loss: 0.0870 Acc: 1.0000
2025-11-24 00:17:34,294 - ResNet18_MNIST_logger - INFO - Epoch 3 [1441/1875 (76.9%)] Loss: 0.0003 Acc: 1.0000
2025-11-24 00:17:42,227 - ResNet18_MNIST_logger - INFO - Epoch 3 [1451/1875 (77.4%)] Loss: 0.0226 Acc: 1.0000
2025-11-24 00:17:50,073 - ResNet18_MNIST_logger - INFO - Epoch 3 [1461/1875 (77.9%)] Loss: 0.0302 Acc: 1.0000
2025-11-24 00:17:57,924 - ResNet18_MNIST_logger - INFO - Epoch 3 [1471/1875 (78.5%)] Loss: 0.0058 Acc: 1.0000
2025-11-24 00:18:05,876 - ResNet18_MNIST_logger - INFO - Epoch 3 [1481/1875 (79.0%)] Loss: 0.0024 Acc: 1.0000
2025-11-24 00:18:13,725 - ResNet18_MNIST_logger - INFO - Epoch 3 [1491/1875 (79.5%)] Loss: 0.0051 Acc: 1.0000
2025-11-24 00:18:21,662 - ResNet18_MNIST_logger - INFO - Epoch 3 [1501/1875 (80.1%)] Loss: 0.0200 Acc: 1.0000
2025-11-24 00:18:29,550 - ResNet18_MNIST_logger - INFO - Epoch 3 [1511/1875 (80.6%)] Loss: 0.0024 Acc: 1.0000
2025-11-24 00:18:37,406 - ResNet18_MNIST_logger - INFO - Epoch 3 [1521/1875 (81.1%)] Loss: 0.0775 Acc: 0.9688
2025-11-24 00:18:45,367 - ResNet18_MNIST_logger - INFO - Epoch 3 [1531/1875 (81.7%)] Loss: 0.0176 Acc: 1.0000
2025-11-24 00:18:53,230 - ResNet18_MNIST_logger - INFO - Epoch 3 [1541/1875 (82.2%)] Loss: 0.0004 Acc: 1.0000
2025-11-24 00:19:01,105 - ResNet18_MNIST_logger - INFO - Epoch 3 [1551/1875 (82.7%)] Loss: 0.0510 Acc: 0.9688
2025-11-24 00:19:09,016 - ResNet18_MNIST_logger - INFO - Epoch 3 [1561/1875 (83.3%)] Loss: 0.0066 Acc: 1.0000
2025-11-24 00:19:16,870 - ResNet18_MNIST_logger - INFO - Epoch 3 [1571/1875 (83.8%)] Loss: 0.0007 Acc: 1.0000
2025-11-24 00:19:24,708 - ResNet18_MNIST_logger - INFO - Epoch 3 [1581/1875 (84.3%)] Loss: 0.0039 Acc: 1.0000
2025-11-24 00:19:32,728 - ResNet18_MNIST_logger - INFO - Epoch 3 [1591/1875 (84.9%)] Loss: 0.1628 Acc: 0.9688
2025-11-24 00:19:40,583 - ResNet18_MNIST_logger - INFO - Epoch 3 [1601/1875 (85.4%)] Loss: 0.1668 Acc: 0.9375
2025-11-24 00:19:48,452 - ResNet18_MNIST_logger - INFO - Epoch 3 [1611/1875 (85.9%)] Loss: 0.0188 Acc: 1.0000
2025-11-24 00:19:56,327 - ResNet18_MNIST_logger - INFO - Epoch 3 [1621/1875 (86.5%)] Loss: 0.0227 Acc: 1.0000
2025-11-24 00:20:04,148 - ResNet18_MNIST_logger - INFO - Epoch 3 [1631/1875 (87.0%)] Loss: 0.0215 Acc: 1.0000
2025-11-24 00:20:12,119 - ResNet18_MNIST_logger - INFO - Epoch 3 [1641/1875 (87.5%)] Loss: 0.0115 Acc: 1.0000
2025-11-24 00:20:20,019 - ResNet18_MNIST_logger - INFO - Epoch 3 [1651/1875 (88.1%)] Loss: 0.0056 Acc: 1.0000
2025-11-24 00:20:27,919 - ResNet18_MNIST_logger - INFO - Epoch 3 [1661/1875 (88.6%)] Loss: 0.0314 Acc: 1.0000
2025-11-24 00:20:35,904 - ResNet18_MNIST_logger - INFO - Epoch 3 [1671/1875 (89.1%)] Loss: 0.0032 Acc: 1.0000
2025-11-24 00:20:43,739 - ResNet18_MNIST_logger - INFO - Epoch 3 [1681/1875 (89.7%)] Loss: 0.0028 Acc: 1.0000
2025-11-24 00:20:51,594 - ResNet18_MNIST_logger - INFO - Epoch 3 [1691/1875 (90.2%)] Loss: 0.0011 Acc: 1.0000
2025-11-24 00:20:59,507 - ResNet18_MNIST_logger - INFO - Epoch 3 [1701/1875 (90.7%)] Loss: 0.0056 Acc: 1.0000
2025-11-24 00:21:07,368 - ResNet18_MNIST_logger - INFO - Epoch 3 [1711/1875 (91.3%)] Loss: 0.1718 Acc: 0.9688
2025-11-24 00:21:15,278 - ResNet18_MNIST_logger - INFO - Epoch 3 [1721/1875 (91.8%)] Loss: 0.0071 Acc: 1.0000
2025-11-24 00:21:23,227 - ResNet18_MNIST_logger - INFO - Epoch 3 [1731/1875 (92.3%)] Loss: 0.0185 Acc: 1.0000
2025-11-24 00:21:31,127 - ResNet18_MNIST_logger - INFO - Epoch 3 [1741/1875 (92.9%)] Loss: 0.0992 Acc: 0.9688
2025-11-24 00:21:38,992 - ResNet18_MNIST_logger - INFO - Epoch 3 [1751/1875 (93.4%)] Loss: 0.0004 Acc: 1.0000
2025-11-24 00:21:47,004 - ResNet18_MNIST_logger - INFO - Epoch 3 [1761/1875 (93.9%)] Loss: 0.0214 Acc: 0.9688
2025-11-24 00:21:54,848 - ResNet18_MNIST_logger - INFO - Epoch 3 [1771/1875 (94.5%)] Loss: 0.1673 Acc: 0.9688
2025-11-24 00:22:02,652 - ResNet18_MNIST_logger - INFO - Epoch 3 [1781/1875 (95.0%)] Loss: 0.0735 Acc: 0.9688
2025-11-24 00:22:10,524 - ResNet18_MNIST_logger - INFO - Epoch 3 [1791/1875 (95.5%)] Loss: 0.0065 Acc: 1.0000
2025-11-24 00:22:18,443 - ResNet18_MNIST_logger - INFO - Epoch 3 [1801/1875 (96.1%)] Loss: 0.0117 Acc: 1.0000
2025-11-24 00:22:26,349 - ResNet18_MNIST_logger - INFO - Epoch 3 [1811/1875 (96.6%)] Loss: 0.1135 Acc: 1.0000
2025-11-24 00:22:34,241 - ResNet18_MNIST_logger - INFO - Epoch 3 [1821/1875 (97.1%)] Loss: 0.0045 Acc: 1.0000
2025-11-24 00:22:42,182 - ResNet18_MNIST_logger - INFO - Epoch 3 [1831/1875 (97.7%)] Loss: 0.0006 Acc: 1.0000
2025-11-24 00:22:50,069 - ResNet18_MNIST_logger - INFO - Epoch 3 [1841/1875 (98.2%)] Loss: 0.0230 Acc: 1.0000
2025-11-24 00:22:57,955 - ResNet18_MNIST_logger - INFO - Epoch 3 [1851/1875 (98.7%)] Loss: 0.0015 Acc: 1.0000
2025-11-24 00:23:05,814 - ResNet18_MNIST_logger - INFO - Epoch 3 [1861/1875 (99.3%)] Loss: 0.0056 Acc: 1.0000
2025-11-24 00:23:13,804 - ResNet18_MNIST_logger - INFO - Epoch 3 [1871/1875 (99.8%)] Loss: 0.0011 Acc: 1.0000
2025-11-24 00:35:45,890 - ResNet18_MNIST_logger - INFO - Epoch   3 | Train Loss: 0.0379 | Train Acc: 0.9922 | Val Loss: 0.0288 | Val Acc: 0.0288
2025-11-24 00:35:47,085 - ResNet18_MNIST_logger - INFO - Epoch 4 [1/1875 (0.1%)] Loss: 0.0097 Acc: 1.0000
2025-11-24 00:35:54,949 - ResNet18_MNIST_logger - INFO - Epoch 4 [11/1875 (0.6%)] Loss: 0.0035 Acc: 1.0000
2025-11-24 00:36:02,820 - ResNet18_MNIST_logger - INFO - Epoch 4 [21/1875 (1.1%)] Loss: 0.0037 Acc: 1.0000
2025-11-24 00:36:10,709 - ResNet18_MNIST_logger - INFO - Epoch 4 [31/1875 (1.7%)] Loss: 0.0992 Acc: 0.9688
2025-11-24 00:36:18,530 - ResNet18_MNIST_logger - INFO - Epoch 4 [41/1875 (2.2%)] Loss: 0.0339 Acc: 1.0000
2025-11-24 00:36:26,390 - ResNet18_MNIST_logger - INFO - Epoch 4 [51/1875 (2.7%)] Loss: 0.1284 Acc: 1.0000
2025-11-24 00:36:34,343 - ResNet18_MNIST_logger - INFO - Epoch 4 [61/1875 (3.3%)] Loss: 0.0730 Acc: 0.9688
2025-11-24 00:36:42,188 - ResNet18_MNIST_logger - INFO - Epoch 4 [71/1875 (3.8%)] Loss: 0.0380 Acc: 1.0000
2025-11-24 00:36:50,076 - ResNet18_MNIST_logger - INFO - Epoch 4 [81/1875 (4.3%)] Loss: 0.0054 Acc: 1.0000
2025-11-24 00:36:57,971 - ResNet18_MNIST_logger - INFO - Epoch 4 [91/1875 (4.9%)] Loss: 0.0170 Acc: 1.0000
2025-11-24 00:37:05,801 - ResNet18_MNIST_logger - INFO - Epoch 4 [101/1875 (5.4%)] Loss: 0.0170 Acc: 1.0000
2025-11-24 00:37:13,663 - ResNet18_MNIST_logger - INFO - Epoch 4 [111/1875 (5.9%)] Loss: 0.0218 Acc: 1.0000
2025-11-24 00:37:21,629 - ResNet18_MNIST_logger - INFO - Epoch 4 [121/1875 (6.5%)] Loss: 0.0005 Acc: 1.0000
2025-11-24 00:37:29,481 - ResNet18_MNIST_logger - INFO - Epoch 4 [131/1875 (7.0%)] Loss: 0.1051 Acc: 0.9688
2025-11-24 00:37:37,360 - ResNet18_MNIST_logger - INFO - Epoch 4 [141/1875 (7.5%)] Loss: 0.1609 Acc: 0.9688
2025-11-24 00:37:45,244 - ResNet18_MNIST_logger - INFO - Epoch 4 [151/1875 (8.1%)] Loss: 0.0078 Acc: 1.0000
2025-11-24 00:37:53,166 - ResNet18_MNIST_logger - INFO - Epoch 4 [161/1875 (8.6%)] Loss: 0.0366 Acc: 1.0000
2025-11-24 00:38:01,033 - ResNet18_MNIST_logger - INFO - Epoch 4 [171/1875 (9.1%)] Loss: 0.1061 Acc: 0.9688
2025-11-24 00:38:08,841 - ResNet18_MNIST_logger - INFO - Epoch 4 [181/1875 (9.7%)] Loss: 0.0025 Acc: 1.0000
2025-11-24 00:38:16,724 - ResNet18_MNIST_logger - INFO - Epoch 4 [191/1875 (10.2%)] Loss: 0.0031 Acc: 1.0000
2025-11-24 00:38:24,584 - ResNet18_MNIST_logger - INFO - Epoch 4 [201/1875 (10.7%)] Loss: 0.0011 Acc: 1.0000
2025-11-24 00:38:32,471 - ResNet18_MNIST_logger - INFO - Epoch 4 [211/1875 (11.3%)] Loss: 0.0250 Acc: 1.0000
2025-11-24 00:38:40,431 - ResNet18_MNIST_logger - INFO - Epoch 4 [221/1875 (11.8%)] Loss: 0.0122 Acc: 1.0000
2025-11-24 00:38:48,288 - ResNet18_MNIST_logger - INFO - Epoch 4 [231/1875 (12.3%)] Loss: 0.0052 Acc: 1.0000
2025-11-24 00:38:56,141 - ResNet18_MNIST_logger - INFO - Epoch 4 [241/1875 (12.9%)] Loss: 0.0136 Acc: 1.0000
2025-11-24 00:39:04,071 - ResNet18_MNIST_logger - INFO - Epoch 4 [251/1875 (13.4%)] Loss: 0.0055 Acc: 1.0000
2025-11-24 00:39:11,895 - ResNet18_MNIST_logger - INFO - Epoch 4 [261/1875 (13.9%)] Loss: 0.0088 Acc: 1.0000
2025-11-24 00:39:19,738 - ResNet18_MNIST_logger - INFO - Epoch 4 [271/1875 (14.5%)] Loss: 0.0179 Acc: 1.0000
2025-11-24 00:39:27,676 - ResNet18_MNIST_logger - INFO - Epoch 4 [281/1875 (15.0%)] Loss: 0.0010 Acc: 1.0000
2025-11-24 00:39:35,532 - ResNet18_MNIST_logger - INFO - Epoch 4 [291/1875 (15.5%)] Loss: 0.0202 Acc: 1.0000
2025-11-24 00:39:43,362 - ResNet18_MNIST_logger - INFO - Epoch 4 [301/1875 (16.1%)] Loss: 0.0009 Acc: 1.0000
2025-11-24 00:39:51,296 - ResNet18_MNIST_logger - INFO - Epoch 4 [311/1875 (16.6%)] Loss: 0.0036 Acc: 1.0000
2025-11-24 00:39:59,163 - ResNet18_MNIST_logger - INFO - Epoch 4 [321/1875 (17.1%)] Loss: 0.0024 Acc: 1.0000
2025-11-24 00:40:07,005 - ResNet18_MNIST_logger - INFO - Epoch 4 [331/1875 (17.7%)] Loss: 0.0151 Acc: 1.0000
2025-11-24 00:40:14,948 - ResNet18_MNIST_logger - INFO - Epoch 4 [341/1875 (18.2%)] Loss: 0.0451 Acc: 1.0000
2025-11-24 00:40:22,761 - ResNet18_MNIST_logger - INFO - Epoch 4 [351/1875 (18.7%)] Loss: 0.0104 Acc: 1.0000
2025-11-24 00:40:30,656 - ResNet18_MNIST_logger - INFO - Epoch 4 [361/1875 (19.3%)] Loss: 0.0059 Acc: 1.0000
2025-11-24 00:40:38,581 - ResNet18_MNIST_logger - INFO - Epoch 4 [371/1875 (19.8%)] Loss: 0.0841 Acc: 0.9688
2025-11-24 00:40:46,405 - ResNet18_MNIST_logger - INFO - Epoch 4 [381/1875 (20.3%)] Loss: 0.0034 Acc: 1.0000
2025-11-24 00:40:54,254 - ResNet18_MNIST_logger - INFO - Epoch 4 [391/1875 (20.9%)] Loss: 0.0007 Acc: 1.0000
2025-11-24 00:41:02,195 - ResNet18_MNIST_logger - INFO - Epoch 4 [401/1875 (21.4%)] Loss: 0.1123 Acc: 1.0000
2025-11-24 00:41:10,041 - ResNet18_MNIST_logger - INFO - Epoch 4 [411/1875 (21.9%)] Loss: 0.0713 Acc: 1.0000
2025-11-24 00:41:17,926 - ResNet18_MNIST_logger - INFO - Epoch 4 [421/1875 (22.5%)] Loss: 0.0051 Acc: 1.0000
2025-11-24 00:41:25,883 - ResNet18_MNIST_logger - INFO - Epoch 4 [431/1875 (23.0%)] Loss: 0.0107 Acc: 1.0000
2025-11-24 00:41:33,807 - ResNet18_MNIST_logger - INFO - Epoch 4 [441/1875 (23.5%)] Loss: 0.0015 Acc: 1.0000
2025-11-24 00:41:41,648 - ResNet18_MNIST_logger - INFO - Epoch 4 [451/1875 (24.1%)] Loss: 0.0006 Acc: 1.0000
2025-11-24 00:41:49,591 - ResNet18_MNIST_logger - INFO - Epoch 4 [461/1875 (24.6%)] Loss: 0.0423 Acc: 1.0000
2025-11-24 00:41:57,470 - ResNet18_MNIST_logger - INFO - Epoch 4 [471/1875 (25.1%)] Loss: 0.0018 Acc: 1.0000
2025-11-24 00:42:05,293 - ResNet18_MNIST_logger - INFO - Epoch 4 [481/1875 (25.7%)] Loss: 0.0235 Acc: 1.0000
2025-11-24 00:42:13,232 - ResNet18_MNIST_logger - INFO - Epoch 4 [491/1875 (26.2%)] Loss: 0.1154 Acc: 1.0000
2025-11-24 00:42:21,123 - ResNet18_MNIST_logger - INFO - Epoch 4 [501/1875 (26.7%)] Loss: 0.0790 Acc: 1.0000
2025-11-24 00:42:29,018 - ResNet18_MNIST_logger - INFO - Epoch 4 [511/1875 (27.3%)] Loss: 0.0007 Acc: 1.0000
2025-11-24 00:42:36,937 - ResNet18_MNIST_logger - INFO - Epoch 4 [521/1875 (27.8%)] Loss: 0.0031 Acc: 1.0000
2025-11-24 00:42:44,741 - ResNet18_MNIST_logger - INFO - Epoch 4 [531/1875 (28.3%)] Loss: 0.0082 Acc: 1.0000
2025-11-24 00:42:52,588 - ResNet18_MNIST_logger - INFO - Epoch 4 [541/1875 (28.9%)] Loss: 0.0216 Acc: 1.0000
2025-11-24 00:43:00,432 - ResNet18_MNIST_logger - INFO - Epoch 4 [551/1875 (29.4%)] Loss: 0.0320 Acc: 1.0000
2025-11-24 00:43:08,319 - ResNet18_MNIST_logger - INFO - Epoch 4 [561/1875 (29.9%)] Loss: 0.0092 Acc: 1.0000
2025-11-24 00:43:16,169 - ResNet18_MNIST_logger - INFO - Epoch 4 [571/1875 (30.5%)] Loss: 0.0137 Acc: 1.0000
2025-11-24 00:43:24,071 - ResNet18_MNIST_logger - INFO - Epoch 4 [581/1875 (31.0%)] Loss: 0.0388 Acc: 1.0000
2025-11-24 00:43:32,033 - ResNet18_MNIST_logger - INFO - Epoch 4 [591/1875 (31.5%)] Loss: 0.0022 Acc: 1.0000
2025-11-24 00:43:39,906 - ResNet18_MNIST_logger - INFO - Epoch 4 [601/1875 (32.1%)] Loss: 0.0236 Acc: 1.0000
2025-11-24 00:43:47,734 - ResNet18_MNIST_logger - INFO - Epoch 4 [611/1875 (32.6%)] Loss: 0.0251 Acc: 1.0000
2025-11-24 00:43:55,720 - ResNet18_MNIST_logger - INFO - Epoch 4 [621/1875 (33.1%)] Loss: 0.0012 Acc: 1.0000
2025-11-24 00:44:03,587 - ResNet18_MNIST_logger - INFO - Epoch 4 [631/1875 (33.7%)] Loss: 0.0004 Acc: 1.0000
2025-11-24 00:44:11,432 - ResNet18_MNIST_logger - INFO - Epoch 4 [641/1875 (34.2%)] Loss: 0.0003 Acc: 1.0000
2025-11-24 00:44:19,349 - ResNet18_MNIST_logger - INFO - Epoch 4 [651/1875 (34.7%)] Loss: 0.0581 Acc: 1.0000
2025-11-24 00:44:27,223 - ResNet18_MNIST_logger - INFO - Epoch 4 [661/1875 (35.3%)] Loss: 0.0260 Acc: 1.0000
2025-11-24 00:44:35,113 - ResNet18_MNIST_logger - INFO - Epoch 4 [671/1875 (35.8%)] Loss: 0.0734 Acc: 0.9688
2025-11-24 00:44:43,031 - ResNet18_MNIST_logger - INFO - Epoch 4 [681/1875 (36.3%)] Loss: 0.0233 Acc: 1.0000
2025-11-24 00:44:50,894 - ResNet18_MNIST_logger - INFO - Epoch 4 [691/1875 (36.9%)] Loss: 0.0046 Acc: 1.0000
2025-11-24 00:44:58,733 - ResNet18_MNIST_logger - INFO - Epoch 4 [701/1875 (37.4%)] Loss: 0.0039 Acc: 1.0000
2025-11-24 00:45:06,587 - ResNet18_MNIST_logger - INFO - Epoch 4 [711/1875 (37.9%)] Loss: 0.0021 Acc: 1.0000
2025-11-24 00:45:14,437 - ResNet18_MNIST_logger - INFO - Epoch 4 [721/1875 (38.5%)] Loss: 0.0007 Acc: 1.0000
2025-11-24 00:45:22,310 - ResNet18_MNIST_logger - INFO - Epoch 4 [731/1875 (39.0%)] Loss: 0.0002 Acc: 1.0000
2025-11-24 00:45:30,317 - ResNet18_MNIST_logger - INFO - Epoch 4 [741/1875 (39.5%)] Loss: 0.0303 Acc: 1.0000
2025-11-24 00:45:38,207 - ResNet18_MNIST_logger - INFO - Epoch 4 [751/1875 (40.1%)] Loss: 0.0010 Acc: 1.0000
2025-11-24 00:45:46,068 - ResNet18_MNIST_logger - INFO - Epoch 4 [761/1875 (40.6%)] Loss: 0.0021 Acc: 1.0000
2025-11-24 00:45:53,941 - ResNet18_MNIST_logger - INFO - Epoch 4 [771/1875 (41.1%)] Loss: 0.0021 Acc: 1.0000
2025-11-24 00:46:01,877 - ResNet18_MNIST_logger - INFO - Epoch 4 [781/1875 (41.7%)] Loss: 0.0029 Acc: 1.0000
2025-11-24 00:46:09,697 - ResNet18_MNIST_logger - INFO - Epoch 4 [791/1875 (42.2%)] Loss: 0.0348 Acc: 1.0000
2025-11-24 00:46:17,514 - ResNet18_MNIST_logger - INFO - Epoch 4 [801/1875 (42.7%)] Loss: 0.0380 Acc: 1.0000
2025-11-24 00:46:25,423 - ResNet18_MNIST_logger - INFO - Epoch 4 [811/1875 (43.3%)] Loss: 0.0141 Acc: 1.0000
2025-11-24 00:46:33,277 - ResNet18_MNIST_logger - INFO - Epoch 4 [821/1875 (43.8%)] Loss: 0.0018 Acc: 1.0000
2025-11-24 00:46:41,144 - ResNet18_MNIST_logger - INFO - Epoch 4 [831/1875 (44.3%)] Loss: 0.0414 Acc: 1.0000
2025-11-24 00:46:49,095 - ResNet18_MNIST_logger - INFO - Epoch 4 [841/1875 (44.9%)] Loss: 0.0015 Acc: 1.0000
2025-11-24 00:46:56,984 - ResNet18_MNIST_logger - INFO - Epoch 4 [851/1875 (45.4%)] Loss: 0.0005 Acc: 1.0000
2025-11-24 00:47:04,811 - ResNet18_MNIST_logger - INFO - Epoch 4 [861/1875 (45.9%)] Loss: 0.0079 Acc: 1.0000
2025-11-24 00:47:12,745 - ResNet18_MNIST_logger - INFO - Epoch 4 [871/1875 (46.5%)] Loss: 0.0899 Acc: 0.9688
2025-11-24 00:47:20,572 - ResNet18_MNIST_logger - INFO - Epoch 4 [881/1875 (47.0%)] Loss: 0.0119 Acc: 1.0000
2025-11-24 00:47:28,426 - ResNet18_MNIST_logger - INFO - Epoch 4 [891/1875 (47.5%)] Loss: 0.0041 Acc: 1.0000
2025-11-24 00:47:36,367 - ResNet18_MNIST_logger - INFO - Epoch 4 [901/1875 (48.1%)] Loss: 0.1299 Acc: 0.9688
2025-11-24 00:47:44,223 - ResNet18_MNIST_logger - INFO - Epoch 4 [911/1875 (48.6%)] Loss: 0.0027 Acc: 1.0000
2025-11-24 00:47:52,025 - ResNet18_MNIST_logger - INFO - Epoch 4 [921/1875 (49.1%)] Loss: 0.0122 Acc: 1.0000
2025-11-24 00:47:59,940 - ResNet18_MNIST_logger - INFO - Epoch 4 [931/1875 (49.7%)] Loss: 0.0002 Acc: 1.0000
2025-11-24 00:48:07,783 - ResNet18_MNIST_logger - INFO - Epoch 4 [941/1875 (50.2%)] Loss: 0.0005 Acc: 1.0000
2025-11-24 00:48:15,647 - ResNet18_MNIST_logger - INFO - Epoch 4 [951/1875 (50.7%)] Loss: 0.0027 Acc: 1.0000
2025-11-24 00:48:23,602 - ResNet18_MNIST_logger - INFO - Epoch 4 [961/1875 (51.3%)] Loss: 0.0729 Acc: 0.9688
2025-11-24 00:48:31,488 - ResNet18_MNIST_logger - INFO - Epoch 4 [971/1875 (51.8%)] Loss: 0.0005 Acc: 1.0000
2025-11-24 00:48:39,378 - ResNet18_MNIST_logger - INFO - Epoch 4 [981/1875 (52.3%)] Loss: 0.0201 Acc: 1.0000
2025-11-24 00:48:47,252 - ResNet18_MNIST_logger - INFO - Epoch 4 [991/1875 (52.9%)] Loss: 0.0008 Acc: 1.0000
2025-11-24 00:48:55,094 - ResNet18_MNIST_logger - INFO - Epoch 4 [1001/1875 (53.4%)] Loss: 0.1807 Acc: 0.9688
2025-11-24 00:49:03,007 - ResNet18_MNIST_logger - INFO - Epoch 4 [1011/1875 (53.9%)] Loss: 0.0286 Acc: 1.0000
2025-11-24 00:49:10,873 - ResNet18_MNIST_logger - INFO - Epoch 4 [1021/1875 (54.5%)] Loss: 0.0066 Acc: 1.0000
2025-11-24 00:49:18,816 - ResNet18_MNIST_logger - INFO - Epoch 4 [1031/1875 (55.0%)] Loss: 0.0109 Acc: 1.0000
2025-11-24 00:49:26,669 - ResNet18_MNIST_logger - INFO - Epoch 4 [1041/1875 (55.5%)] Loss: 0.0120 Acc: 1.0000
2025-11-24 00:49:34,521 - ResNet18_MNIST_logger - INFO - Epoch 4 [1051/1875 (56.1%)] Loss: 0.1351 Acc: 1.0000
2025-11-24 00:49:42,455 - ResNet18_MNIST_logger - INFO - Epoch 4 [1061/1875 (56.6%)] Loss: 0.0306 Acc: 0.9688
2025-11-24 00:49:50,279 - ResNet18_MNIST_logger - INFO - Epoch 4 [1071/1875 (57.1%)] Loss: 0.1203 Acc: 1.0000
2025-11-24 00:49:58,120 - ResNet18_MNIST_logger - INFO - Epoch 4 [1081/1875 (57.7%)] Loss: 0.0303 Acc: 0.9688
2025-11-24 00:50:06,057 - ResNet18_MNIST_logger - INFO - Epoch 4 [1091/1875 (58.2%)] Loss: 0.2457 Acc: 0.9688
2025-11-24 00:50:13,906 - ResNet18_MNIST_logger - INFO - Epoch 4 [1101/1875 (58.7%)] Loss: 0.0022 Acc: 1.0000
2025-11-24 00:50:21,746 - ResNet18_MNIST_logger - INFO - Epoch 4 [1111/1875 (59.3%)] Loss: 0.1308 Acc: 1.0000
2025-11-24 00:50:29,682 - ResNet18_MNIST_logger - INFO - Epoch 4 [1121/1875 (59.8%)] Loss: 0.0029 Acc: 1.0000
2025-11-24 00:50:37,564 - ResNet18_MNIST_logger - INFO - Epoch 4 [1131/1875 (60.3%)] Loss: 0.0206 Acc: 1.0000
2025-11-24 00:50:45,413 - ResNet18_MNIST_logger - INFO - Epoch 4 [1141/1875 (60.9%)] Loss: 0.0022 Acc: 1.0000
2025-11-24 00:50:53,255 - ResNet18_MNIST_logger - INFO - Epoch 4 [1151/1875 (61.4%)] Loss: 0.0505 Acc: 1.0000
2025-11-24 00:51:01,181 - ResNet18_MNIST_logger - INFO - Epoch 4 [1161/1875 (61.9%)] Loss: 0.0006 Acc: 1.0000
2025-11-24 00:51:09,054 - ResNet18_MNIST_logger - INFO - Epoch 4 [1171/1875 (62.5%)] Loss: 0.0341 Acc: 1.0000
2025-11-24 00:51:16,916 - ResNet18_MNIST_logger - INFO - Epoch 4 [1181/1875 (63.0%)] Loss: 0.1052 Acc: 0.9688
2025-11-24 00:51:24,835 - ResNet18_MNIST_logger - INFO - Epoch 4 [1191/1875 (63.5%)] Loss: 0.2526 Acc: 0.9375
2025-11-24 00:51:32,729 - ResNet18_MNIST_logger - INFO - Epoch 4 [1201/1875 (64.1%)] Loss: 0.0040 Acc: 1.0000
2025-11-24 00:51:40,614 - ResNet18_MNIST_logger - INFO - Epoch 4 [1211/1875 (64.6%)] Loss: 0.0271 Acc: 1.0000
2025-11-24 00:51:48,540 - ResNet18_MNIST_logger - INFO - Epoch 4 [1221/1875 (65.1%)] Loss: 0.0015 Acc: 1.0000
2025-11-24 00:51:56,412 - ResNet18_MNIST_logger - INFO - Epoch 4 [1231/1875 (65.7%)] Loss: 0.0008 Acc: 1.0000
2025-11-24 00:52:04,245 - ResNet18_MNIST_logger - INFO - Epoch 4 [1241/1875 (66.2%)] Loss: 0.0028 Acc: 1.0000
2025-11-24 00:52:12,203 - ResNet18_MNIST_logger - INFO - Epoch 4 [1251/1875 (66.7%)] Loss: 0.0089 Acc: 1.0000
2025-11-24 00:52:20,034 - ResNet18_MNIST_logger - INFO - Epoch 4 [1261/1875 (67.3%)] Loss: 0.0021 Acc: 1.0000
2025-11-24 00:52:27,919 - ResNet18_MNIST_logger - INFO - Epoch 4 [1271/1875 (67.8%)] Loss: 0.0280 Acc: 1.0000
2025-11-24 00:52:35,861 - ResNet18_MNIST_logger - INFO - Epoch 4 [1281/1875 (68.3%)] Loss: 0.0211 Acc: 1.0000
2025-11-24 00:52:43,737 - ResNet18_MNIST_logger - INFO - Epoch 4 [1291/1875 (68.9%)] Loss: 0.0003 Acc: 1.0000
2025-11-24 00:52:51,638 - ResNet18_MNIST_logger - INFO - Epoch 4 [1301/1875 (69.4%)] Loss: 0.0766 Acc: 1.0000
2025-11-24 00:52:59,580 - ResNet18_MNIST_logger - INFO - Epoch 4 [1311/1875 (69.9%)] Loss: 0.0026 Acc: 1.0000
2025-11-24 00:53:07,472 - ResNet18_MNIST_logger - INFO - Epoch 4 [1321/1875 (70.5%)] Loss: 0.0010 Acc: 1.0000
2025-11-24 00:53:15,313 - ResNet18_MNIST_logger - INFO - Epoch 4 [1331/1875 (71.0%)] Loss: 0.1108 Acc: 0.9688
2025-11-24 00:53:23,264 - ResNet18_MNIST_logger - INFO - Epoch 4 [1341/1875 (71.5%)] Loss: 0.0061 Acc: 1.0000
2025-11-24 00:53:31,116 - ResNet18_MNIST_logger - INFO - Epoch 4 [1351/1875 (72.1%)] Loss: 0.0004 Acc: 1.0000
2025-11-24 00:53:38,984 - ResNet18_MNIST_logger - INFO - Epoch 4 [1361/1875 (72.6%)] Loss: 0.0007 Acc: 1.0000
2025-11-24 00:53:46,894 - ResNet18_MNIST_logger - INFO - Epoch 4 [1371/1875 (73.1%)] Loss: 0.0038 Acc: 1.0000
2025-11-24 00:53:54,730 - ResNet18_MNIST_logger - INFO - Epoch 4 [1381/1875 (73.7%)] Loss: 0.0115 Acc: 1.0000
2025-11-24 00:54:02,555 - ResNet18_MNIST_logger - INFO - Epoch 4 [1391/1875 (74.2%)] Loss: 0.0224 Acc: 1.0000
2025-11-24 00:54:10,482 - ResNet18_MNIST_logger - INFO - Epoch 4 [1401/1875 (74.7%)] Loss: 0.0054 Acc: 1.0000
2025-11-24 00:54:18,272 - ResNet18_MNIST_logger - INFO - Epoch 4 [1411/1875 (75.3%)] Loss: 0.0148 Acc: 1.0000
2025-11-24 00:54:26,142 - ResNet18_MNIST_logger - INFO - Epoch 4 [1421/1875 (75.8%)] Loss: 0.0005 Acc: 1.0000
2025-11-24 00:54:34,127 - ResNet18_MNIST_logger - INFO - Epoch 4 [1431/1875 (76.3%)] Loss: 0.0024 Acc: 1.0000
2025-11-24 00:54:41,982 - ResNet18_MNIST_logger - INFO - Epoch 4 [1441/1875 (76.9%)] Loss: 0.0047 Acc: 1.0000
2025-11-24 00:54:49,810 - ResNet18_MNIST_logger - INFO - Epoch 4 [1451/1875 (77.4%)] Loss: 0.0703 Acc: 0.9688
2025-11-24 00:54:57,713 - ResNet18_MNIST_logger - INFO - Epoch 4 [1461/1875 (77.9%)] Loss: 0.0034 Acc: 1.0000
2025-11-24 00:55:05,517 - ResNet18_MNIST_logger - INFO - Epoch 4 [1471/1875 (78.5%)] Loss: 0.0286 Acc: 1.0000
2025-11-24 00:55:13,285 - ResNet18_MNIST_logger - INFO - Epoch 4 [1481/1875 (79.0%)] Loss: 0.0004 Acc: 1.0000
2025-11-24 00:55:21,127 - ResNet18_MNIST_logger - INFO - Epoch 4 [1491/1875 (79.5%)] Loss: 0.0035 Acc: 1.0000
2025-11-24 00:55:29,026 - ResNet18_MNIST_logger - INFO - Epoch 4 [1501/1875 (80.1%)] Loss: 0.0005 Acc: 1.0000
2025-11-24 00:55:36,879 - ResNet18_MNIST_logger - INFO - Epoch 4 [1511/1875 (80.6%)] Loss: 0.0139 Acc: 1.0000
2025-11-24 00:55:44,832 - ResNet18_MNIST_logger - INFO - Epoch 4 [1521/1875 (81.1%)] Loss: 0.0563 Acc: 1.0000
2025-11-24 00:55:52,654 - ResNet18_MNIST_logger - INFO - Epoch 4 [1531/1875 (81.7%)] Loss: 0.0073 Acc: 1.0000
2025-11-24 00:56:00,553 - ResNet18_MNIST_logger - INFO - Epoch 4 [1541/1875 (82.2%)] Loss: 0.0142 Acc: 1.0000
2025-11-24 00:56:08,359 - ResNet18_MNIST_logger - INFO - Epoch 4 [1551/1875 (82.7%)] Loss: 0.0509 Acc: 0.9688
2025-11-24 00:56:16,171 - ResNet18_MNIST_logger - INFO - Epoch 4 [1561/1875 (83.3%)] Loss: 0.0400 Acc: 1.0000
2025-11-24 00:56:24,093 - ResNet18_MNIST_logger - INFO - Epoch 4 [1571/1875 (83.8%)] Loss: 0.0026 Acc: 1.0000
2025-11-24 00:56:31,936 - ResNet18_MNIST_logger - INFO - Epoch 4 [1581/1875 (84.3%)] Loss: 0.0030 Acc: 1.0000
2025-11-24 00:56:39,779 - ResNet18_MNIST_logger - INFO - Epoch 4 [1591/1875 (84.9%)] Loss: 0.0850 Acc: 0.9688
2025-11-24 00:56:47,674 - ResNet18_MNIST_logger - INFO - Epoch 4 [1601/1875 (85.4%)] Loss: 0.0017 Acc: 1.0000
2025-11-24 00:56:55,531 - ResNet18_MNIST_logger - INFO - Epoch 4 [1611/1875 (85.9%)] Loss: 0.0004 Acc: 1.0000
2025-11-24 00:57:03,341 - ResNet18_MNIST_logger - INFO - Epoch 4 [1621/1875 (86.5%)] Loss: 0.0454 Acc: 1.0000
2025-11-24 00:57:11,281 - ResNet18_MNIST_logger - INFO - Epoch 4 [1631/1875 (87.0%)] Loss: 0.2535 Acc: 0.9688
2025-11-24 00:57:19,133 - ResNet18_MNIST_logger - INFO - Epoch 4 [1641/1875 (87.5%)] Loss: 0.0267 Acc: 0.9688
2025-11-24 00:57:26,922 - ResNet18_MNIST_logger - INFO - Epoch 4 [1651/1875 (88.1%)] Loss: 0.0838 Acc: 0.9688
2025-11-24 00:57:34,886 - ResNet18_MNIST_logger - INFO - Epoch 4 [1661/1875 (88.6%)] Loss: 0.0291 Acc: 1.0000
2025-11-24 00:57:42,752 - ResNet18_MNIST_logger - INFO - Epoch 4 [1671/1875 (89.1%)] Loss: 0.0258 Acc: 1.0000
2025-11-24 00:57:50,581 - ResNet18_MNIST_logger - INFO - Epoch 4 [1681/1875 (89.7%)] Loss: 0.0002 Acc: 1.0000
2025-11-24 00:57:58,515 - ResNet18_MNIST_logger - INFO - Epoch 4 [1691/1875 (90.2%)] Loss: 0.0013 Acc: 1.0000
2025-11-24 00:58:06,404 - ResNet18_MNIST_logger - INFO - Epoch 4 [1701/1875 (90.7%)] Loss: 0.0031 Acc: 1.0000
2025-11-24 00:58:14,232 - ResNet18_MNIST_logger - INFO - Epoch 4 [1711/1875 (91.3%)] Loss: 0.0097 Acc: 1.0000
2025-11-24 00:58:22,114 - ResNet18_MNIST_logger - INFO - Epoch 4 [1721/1875 (91.8%)] Loss: 0.0014 Acc: 1.0000
2025-11-24 00:58:29,953 - ResNet18_MNIST_logger - INFO - Epoch 4 [1731/1875 (92.3%)] Loss: 0.0292 Acc: 1.0000
2025-11-24 00:58:37,765 - ResNet18_MNIST_logger - INFO - Epoch 4 [1741/1875 (92.9%)] Loss: 0.0003 Acc: 1.0000
2025-11-24 00:58:45,630 - ResNet18_MNIST_logger - INFO - Epoch 4 [1751/1875 (93.4%)] Loss: 0.0005 Acc: 1.0000
2025-11-24 00:58:53,501 - ResNet18_MNIST_logger - INFO - Epoch 4 [1761/1875 (93.9%)] Loss: 0.0043 Acc: 1.0000
2025-11-24 00:59:01,302 - ResNet18_MNIST_logger - INFO - Epoch 4 [1771/1875 (94.5%)] Loss: 0.0006 Acc: 1.0000
2025-11-24 00:59:09,193 - ResNet18_MNIST_logger - INFO - Epoch 4 [1781/1875 (95.0%)] Loss: 0.0010 Acc: 1.0000
2025-11-24 00:59:17,001 - ResNet18_MNIST_logger - INFO - Epoch 4 [1791/1875 (95.5%)] Loss: 0.0003 Acc: 1.0000
2025-11-24 00:59:24,833 - ResNet18_MNIST_logger - INFO - Epoch 4 [1801/1875 (96.1%)] Loss: 0.0003 Acc: 1.0000
2025-11-24 00:59:32,698 - ResNet18_MNIST_logger - INFO - Epoch 4 [1811/1875 (96.6%)] Loss: 0.0003 Acc: 1.0000
2025-11-24 00:59:40,533 - ResNet18_MNIST_logger - INFO - Epoch 4 [1821/1875 (97.1%)] Loss: 0.0021 Acc: 1.0000
2025-11-24 00:59:48,352 - ResNet18_MNIST_logger - INFO - Epoch 4 [1831/1875 (97.7%)] Loss: 0.0109 Acc: 1.0000
2025-11-24 00:59:56,232 - ResNet18_MNIST_logger - INFO - Epoch 4 [1841/1875 (98.2%)] Loss: 0.0041 Acc: 1.0000
2025-11-24 01:00:03,995 - ResNet18_MNIST_logger - INFO - Epoch 4 [1851/1875 (98.7%)] Loss: 0.0005 Acc: 1.0000
2025-11-24 01:00:11,866 - ResNet18_MNIST_logger - INFO - Epoch 4 [1861/1875 (99.3%)] Loss: 0.0069 Acc: 1.0000
2025-11-24 01:00:19,763 - ResNet18_MNIST_logger - INFO - Epoch 4 [1871/1875 (99.8%)] Loss: 0.0017 Acc: 1.0000
2025-11-24 01:12:49,984 - ResNet18_MNIST_logger - INFO - Epoch   4 | Train Loss: 0.0296 | Train Acc: 0.9927 | Val Loss: 0.0326 | Val Acc: 0.0326
2025-11-24 01:12:51,093 - ResNet18_MNIST_logger - INFO - Epoch 5 [1/1875 (0.1%)] Loss: 0.0024 Acc: 1.0000
2025-11-24 01:12:58,911 - ResNet18_MNIST_logger - INFO - Epoch 5 [11/1875 (0.6%)] Loss: 0.0004 Acc: 1.0000
2025-11-24 01:13:06,727 - ResNet18_MNIST_logger - INFO - Epoch 5 [21/1875 (1.1%)] Loss: 0.0021 Acc: 1.0000
2025-11-24 01:13:14,594 - ResNet18_MNIST_logger - INFO - Epoch 5 [31/1875 (1.7%)] Loss: 0.0003 Acc: 1.0000
2025-11-24 01:13:22,436 - ResNet18_MNIST_logger - INFO - Epoch 5 [41/1875 (2.2%)] Loss: 0.0022 Acc: 1.0000
2025-11-24 01:13:30,365 - ResNet18_MNIST_logger - INFO - Epoch 5 [51/1875 (2.7%)] Loss: 0.0176 Acc: 1.0000
2025-11-24 01:13:38,222 - ResNet18_MNIST_logger - INFO - Epoch 5 [61/1875 (3.3%)] Loss: 0.0012 Acc: 1.0000
2025-11-24 01:13:46,066 - ResNet18_MNIST_logger - INFO - Epoch 5 [71/1875 (3.8%)] Loss: 0.0319 Acc: 1.0000
2025-11-24 01:13:53,952 - ResNet18_MNIST_logger - INFO - Epoch 5 [81/1875 (4.3%)] Loss: 0.0046 Acc: 1.0000
2025-11-24 01:14:01,756 - ResNet18_MNIST_logger - INFO - Epoch 5 [91/1875 (4.9%)] Loss: 0.0034 Acc: 1.0000
2025-11-24 01:14:09,578 - ResNet18_MNIST_logger - INFO - Epoch 5 [101/1875 (5.4%)] Loss: 0.0573 Acc: 0.9688
2025-11-24 01:14:17,421 - ResNet18_MNIST_logger - INFO - Epoch 5 [111/1875 (5.9%)] Loss: 0.0044 Acc: 1.0000
2025-11-24 01:14:25,344 - ResNet18_MNIST_logger - INFO - Epoch 5 [121/1875 (6.5%)] Loss: 0.3652 Acc: 0.9375
2025-11-24 01:14:33,185 - ResNet18_MNIST_logger - INFO - Epoch 5 [131/1875 (7.0%)] Loss: 0.0083 Acc: 1.0000
2025-11-24 01:14:40,988 - ResNet18_MNIST_logger - INFO - Epoch 5 [141/1875 (7.5%)] Loss: 0.0018 Acc: 1.0000
2025-11-24 01:14:48,853 - ResNet18_MNIST_logger - INFO - Epoch 5 [151/1875 (8.1%)] Loss: 0.0061 Acc: 0.9688
2025-11-24 01:14:56,659 - ResNet18_MNIST_logger - INFO - Epoch 5 [161/1875 (8.6%)] Loss: 0.0497 Acc: 1.0000
2025-11-24 01:15:04,511 - ResNet18_MNIST_logger - INFO - Epoch 5 [171/1875 (9.1%)] Loss: 0.0908 Acc: 1.0000
2025-11-24 01:15:12,347 - ResNet18_MNIST_logger - INFO - Epoch 5 [181/1875 (9.7%)] Loss: 0.0011 Acc: 1.0000
2025-11-24 01:15:20,263 - ResNet18_MNIST_logger - INFO - Epoch 5 [191/1875 (10.2%)] Loss: 0.0001 Acc: 1.0000
2025-11-24 01:15:28,145 - ResNet18_MNIST_logger - INFO - Epoch 5 [201/1875 (10.7%)] Loss: 0.0352 Acc: 1.0000
2025-11-24 01:15:35,999 - ResNet18_MNIST_logger - INFO - Epoch 5 [211/1875 (11.3%)] Loss: 0.0228 Acc: 0.9688
2025-11-24 01:15:43,953 - ResNet18_MNIST_logger - INFO - Epoch 5 [221/1875 (11.8%)] Loss: 0.0105 Acc: 1.0000
2025-11-24 01:15:51,797 - ResNet18_MNIST_logger - INFO - Epoch 5 [231/1875 (12.3%)] Loss: 0.0400 Acc: 1.0000
2025-11-24 01:15:59,614 - ResNet18_MNIST_logger - INFO - Epoch 5 [241/1875 (12.9%)] Loss: 0.0018 Acc: 1.0000
2025-11-24 01:16:07,463 - ResNet18_MNIST_logger - INFO - Epoch 5 [251/1875 (13.4%)] Loss: 0.0008 Acc: 1.0000
2025-11-24 01:16:15,352 - ResNet18_MNIST_logger - INFO - Epoch 5 [261/1875 (13.9%)] Loss: 0.0010 Acc: 1.0000
2025-11-24 01:16:23,183 - ResNet18_MNIST_logger - INFO - Epoch 5 [271/1875 (14.5%)] Loss: 0.0544 Acc: 1.0000
2025-11-24 01:16:31,026 - ResNet18_MNIST_logger - INFO - Epoch 5 [281/1875 (15.0%)] Loss: 0.0075 Acc: 1.0000
2025-11-24 01:16:38,942 - ResNet18_MNIST_logger - INFO - Epoch 5 [291/1875 (15.5%)] Loss: 0.0064 Acc: 1.0000
2025-11-24 01:16:46,771 - ResNet18_MNIST_logger - INFO - Epoch 5 [301/1875 (16.1%)] Loss: 0.0103 Acc: 1.0000
2025-11-24 01:16:54,586 - ResNet18_MNIST_logger - INFO - Epoch 5 [311/1875 (16.6%)] Loss: 0.0015 Acc: 1.0000
2025-11-24 01:17:02,510 - ResNet18_MNIST_logger - INFO - Epoch 5 [321/1875 (17.1%)] Loss: 0.0035 Acc: 1.0000
2025-11-24 01:17:10,362 - ResNet18_MNIST_logger - INFO - Epoch 5 [331/1875 (17.7%)] Loss: 0.0010 Acc: 1.0000
2025-11-24 01:17:18,182 - ResNet18_MNIST_logger - INFO - Epoch 5 [341/1875 (18.2%)] Loss: 0.0002 Acc: 1.0000
2025-11-24 01:17:26,084 - ResNet18_MNIST_logger - INFO - Epoch 5 [351/1875 (18.7%)] Loss: 0.0472 Acc: 1.0000
2025-11-24 01:17:33,927 - ResNet18_MNIST_logger - INFO - Epoch 5 [361/1875 (19.3%)] Loss: 0.0004 Acc: 1.0000
2025-11-24 01:17:41,758 - ResNet18_MNIST_logger - INFO - Epoch 5 [371/1875 (19.8%)] Loss: 0.0069 Acc: 1.0000
2025-11-24 01:17:49,569 - ResNet18_MNIST_logger - INFO - Epoch 5 [381/1875 (20.3%)] Loss: 0.0015 Acc: 1.0000
2025-11-24 01:17:57,446 - ResNet18_MNIST_logger - INFO - Epoch 5 [391/1875 (20.9%)] Loss: 0.0253 Acc: 1.0000
2025-11-24 01:18:05,284 - ResNet18_MNIST_logger - INFO - Epoch 5 [401/1875 (21.4%)] Loss: 0.0225 Acc: 1.0000
2025-11-24 01:18:13,140 - ResNet18_MNIST_logger - INFO - Epoch 5 [411/1875 (21.9%)] Loss: 0.0148 Acc: 1.0000
2025-11-24 01:18:21,054 - ResNet18_MNIST_logger - INFO - Epoch 5 [421/1875 (22.5%)] Loss: 0.0338 Acc: 1.0000
2025-11-24 01:18:28,858 - ResNet18_MNIST_logger - INFO - Epoch 5 [431/1875 (23.0%)] Loss: 0.0007 Acc: 1.0000
2025-11-24 01:18:36,693 - ResNet18_MNIST_logger - INFO - Epoch 5 [441/1875 (23.5%)] Loss: 0.0281 Acc: 1.0000
2025-11-24 01:18:44,522 - ResNet18_MNIST_logger - INFO - Epoch 5 [451/1875 (24.1%)] Loss: 0.0064 Acc: 1.0000
2025-11-24 01:18:52,337 - ResNet18_MNIST_logger - INFO - Epoch 5 [461/1875 (24.6%)] Loss: 0.0943 Acc: 0.9688
2025-11-24 01:19:00,148 - ResNet18_MNIST_logger - INFO - Epoch 5 [471/1875 (25.1%)] Loss: 0.0384 Acc: 1.0000
2025-11-24 01:19:08,064 - ResNet18_MNIST_logger - INFO - Epoch 5 [481/1875 (25.7%)] Loss: 0.0004 Acc: 1.0000
2025-11-24 01:19:15,908 - ResNet18_MNIST_logger - INFO - Epoch 5 [491/1875 (26.2%)] Loss: 0.1079 Acc: 0.9688
2025-11-24 01:19:23,735 - ResNet18_MNIST_logger - INFO - Epoch 5 [501/1875 (26.7%)] Loss: 0.0098 Acc: 1.0000
2025-11-24 01:19:31,664 - ResNet18_MNIST_logger - INFO - Epoch 5 [511/1875 (27.3%)] Loss: 0.0091 Acc: 1.0000
2025-11-24 01:19:39,515 - ResNet18_MNIST_logger - INFO - Epoch 5 [521/1875 (27.8%)] Loss: 0.0072 Acc: 1.0000
2025-11-24 01:19:47,306 - ResNet18_MNIST_logger - INFO - Epoch 5 [531/1875 (28.3%)] Loss: 0.0132 Acc: 1.0000
2025-11-24 01:19:55,199 - ResNet18_MNIST_logger - INFO - Epoch 5 [541/1875 (28.9%)] Loss: 0.1972 Acc: 0.9688
2025-11-24 01:20:03,008 - ResNet18_MNIST_logger - INFO - Epoch 5 [551/1875 (29.4%)] Loss: 0.0020 Acc: 1.0000
2025-11-24 01:20:10,835 - ResNet18_MNIST_logger - INFO - Epoch 5 [561/1875 (29.9%)] Loss: 0.0003 Acc: 1.0000
2025-11-24 01:20:18,714 - ResNet18_MNIST_logger - INFO - Epoch 5 [571/1875 (30.5%)] Loss: 0.0000 Acc: 1.0000
2025-11-24 01:20:26,520 - ResNet18_MNIST_logger - INFO - Epoch 5 [581/1875 (31.0%)] Loss: 0.0014 Acc: 1.0000
2025-11-24 01:20:34,412 - ResNet18_MNIST_logger - INFO - Epoch 5 [591/1875 (31.5%)] Loss: 0.0013 Acc: 1.0000
2025-11-24 01:20:42,322 - ResNet18_MNIST_logger - INFO - Epoch 5 [601/1875 (32.1%)] Loss: 0.1068 Acc: 0.9688
2025-11-24 01:20:50,148 - ResNet18_MNIST_logger - INFO - Epoch 5 [611/1875 (32.6%)] Loss: 0.0005 Acc: 1.0000
2025-11-24 01:20:58,016 - ResNet18_MNIST_logger - INFO - Epoch 5 [621/1875 (33.1%)] Loss: 0.0040 Acc: 1.0000
2025-11-24 01:21:05,904 - ResNet18_MNIST_logger - INFO - Epoch 5 [631/1875 (33.7%)] Loss: 0.0005 Acc: 1.0000
2025-11-24 01:21:13,782 - ResNet18_MNIST_logger - INFO - Epoch 5 [641/1875 (34.2%)] Loss: 0.0024 Acc: 1.0000
2025-11-24 01:21:21,657 - ResNet18_MNIST_logger - INFO - Epoch 5 [651/1875 (34.7%)] Loss: 0.0562 Acc: 0.9688
2025-11-24 01:21:29,527 - ResNet18_MNIST_logger - INFO - Epoch 5 [661/1875 (35.3%)] Loss: 0.0012 Acc: 1.0000
2025-11-24 01:21:37,384 - ResNet18_MNIST_logger - INFO - Epoch 5 [671/1875 (35.8%)] Loss: 0.0004 Acc: 1.0000
2025-11-24 01:21:45,291 - ResNet18_MNIST_logger - INFO - Epoch 5 [681/1875 (36.3%)] Loss: 0.0043 Acc: 1.0000
2025-11-24 01:21:53,086 - ResNet18_MNIST_logger - INFO - Epoch 5 [691/1875 (36.9%)] Loss: 0.2551 Acc: 1.0000
2025-11-24 01:22:00,939 - ResNet18_MNIST_logger - INFO - Epoch 5 [701/1875 (37.4%)] Loss: 0.0006 Acc: 1.0000
2025-11-24 01:22:08,881 - ResNet18_MNIST_logger - INFO - Epoch 5 [711/1875 (37.9%)] Loss: 0.0399 Acc: 1.0000
2025-11-24 01:22:16,673 - ResNet18_MNIST_logger - INFO - Epoch 5 [721/1875 (38.5%)] Loss: 0.0015 Acc: 1.0000
2025-11-24 01:22:24,474 - ResNet18_MNIST_logger - INFO - Epoch 5 [731/1875 (39.0%)] Loss: 0.0378 Acc: 1.0000
2025-11-24 01:22:32,397 - ResNet18_MNIST_logger - INFO - Epoch 5 [741/1875 (39.5%)] Loss: 0.0013 Acc: 1.0000
2025-11-24 01:22:40,271 - ResNet18_MNIST_logger - INFO - Epoch 5 [751/1875 (40.1%)] Loss: 0.0844 Acc: 0.9688
2025-11-24 01:22:48,244 - ResNet18_MNIST_logger - INFO - Epoch 5 [761/1875 (40.6%)] Loss: 0.0073 Acc: 1.0000
2025-11-24 01:22:56,142 - ResNet18_MNIST_logger - INFO - Epoch 5 [771/1875 (41.1%)] Loss: 0.0001 Acc: 1.0000
2025-11-24 01:23:03,992 - ResNet18_MNIST_logger - INFO - Epoch 5 [781/1875 (41.7%)] Loss: 0.0051 Acc: 1.0000
2025-11-24 01:23:11,845 - ResNet18_MNIST_logger - INFO - Epoch 5 [791/1875 (42.2%)] Loss: 0.0012 Acc: 1.0000
2025-11-24 01:23:19,666 - ResNet18_MNIST_logger - INFO - Epoch 5 [801/1875 (42.7%)] Loss: 0.0007 Acc: 1.0000
2025-11-24 01:23:27,486 - ResNet18_MNIST_logger - INFO - Epoch 5 [811/1875 (43.3%)] Loss: 0.0085 Acc: 1.0000
2025-11-24 01:23:35,397 - ResNet18_MNIST_logger - INFO - Epoch 5 [821/1875 (43.8%)] Loss: 0.0087 Acc: 1.0000
2025-11-24 01:23:43,229 - ResNet18_MNIST_logger - INFO - Epoch 5 [831/1875 (44.3%)] Loss: 0.0021 Acc: 1.0000
2025-11-24 01:23:51,071 - ResNet18_MNIST_logger - INFO - Epoch 5 [841/1875 (44.9%)] Loss: 0.0003 Acc: 1.0000
2025-11-24 01:23:59,017 - ResNet18_MNIST_logger - INFO - Epoch 5 [851/1875 (45.4%)] Loss: 0.0046 Acc: 1.0000
2025-11-24 01:24:06,883 - ResNet18_MNIST_logger - INFO - Epoch 5 [861/1875 (45.9%)] Loss: 0.0201 Acc: 1.0000
2025-11-24 01:24:14,805 - ResNet18_MNIST_logger - INFO - Epoch 5 [871/1875 (46.5%)] Loss: 0.0597 Acc: 1.0000
2025-11-24 01:24:22,774 - ResNet18_MNIST_logger - INFO - Epoch 5 [881/1875 (47.0%)] Loss: 0.0052 Acc: 1.0000
2025-11-24 01:24:30,604 - ResNet18_MNIST_logger - INFO - Epoch 5 [891/1875 (47.5%)] Loss: 0.0227 Acc: 0.9688
2025-11-24 01:24:38,507 - ResNet18_MNIST_logger - INFO - Epoch 5 [901/1875 (48.1%)] Loss: 0.0033 Acc: 1.0000
2025-11-24 01:24:46,378 - ResNet18_MNIST_logger - INFO - Epoch 5 [911/1875 (48.6%)] Loss: 0.0127 Acc: 1.0000
2025-11-24 01:24:54,250 - ResNet18_MNIST_logger - INFO - Epoch 5 [921/1875 (49.1%)] Loss: 0.0348 Acc: 1.0000
2025-11-24 01:25:02,157 - ResNet18_MNIST_logger - INFO - Epoch 5 [931/1875 (49.7%)] Loss: 0.0019 Acc: 1.0000
2025-11-24 01:25:10,027 - ResNet18_MNIST_logger - INFO - Epoch 5 [941/1875 (50.2%)] Loss: 0.0057 Acc: 1.0000
2025-11-24 01:25:17,852 - ResNet18_MNIST_logger - INFO - Epoch 5 [951/1875 (50.7%)] Loss: 0.0024 Acc: 1.0000
2025-11-24 01:25:25,736 - ResNet18_MNIST_logger - INFO - Epoch 5 [961/1875 (51.3%)] Loss: 0.0011 Acc: 1.0000
2025-11-24 01:25:33,644 - ResNet18_MNIST_logger - INFO - Epoch 5 [971/1875 (51.8%)] Loss: 0.0009 Acc: 1.0000
2025-11-24 01:25:41,516 - ResNet18_MNIST_logger - INFO - Epoch 5 [981/1875 (52.3%)] Loss: 0.0084 Acc: 1.0000
2025-11-24 01:25:49,419 - ResNet18_MNIST_logger - INFO - Epoch 5 [991/1875 (52.9%)] Loss: 0.0015 Acc: 1.0000
2025-11-24 01:25:57,297 - ResNet18_MNIST_logger - INFO - Epoch 5 [1001/1875 (53.4%)] Loss: 0.0032 Acc: 1.0000
2025-11-24 01:26:05,172 - ResNet18_MNIST_logger - INFO - Epoch 5 [1011/1875 (53.9%)] Loss: 0.0007 Acc: 1.0000
2025-11-24 01:26:13,095 - ResNet18_MNIST_logger - INFO - Epoch 5 [1021/1875 (54.5%)] Loss: 0.0007 Acc: 1.0000
2025-11-24 01:26:20,931 - ResNet18_MNIST_logger - INFO - Epoch 5 [1031/1875 (55.0%)] Loss: 0.0082 Acc: 1.0000
2025-11-24 01:26:28,833 - ResNet18_MNIST_logger - INFO - Epoch 5 [1041/1875 (55.5%)] Loss: 0.0002 Acc: 1.0000
2025-11-24 01:26:36,756 - ResNet18_MNIST_logger - INFO - Epoch 5 [1051/1875 (56.1%)] Loss: 0.1979 Acc: 1.0000
2025-11-24 01:26:44,579 - ResNet18_MNIST_logger - INFO - Epoch 5 [1061/1875 (56.6%)] Loss: 0.0116 Acc: 1.0000
2025-11-24 01:26:52,454 - ResNet18_MNIST_logger - INFO - Epoch 5 [1071/1875 (57.1%)] Loss: 0.0005 Acc: 1.0000
2025-11-24 01:27:00,358 - ResNet18_MNIST_logger - INFO - Epoch 5 [1081/1875 (57.7%)] Loss: 0.0013 Acc: 1.0000
2025-11-24 01:27:08,181 - ResNet18_MNIST_logger - INFO - Epoch 5 [1091/1875 (58.2%)] Loss: 0.0023 Acc: 1.0000
2025-11-24 01:27:16,010 - ResNet18_MNIST_logger - INFO - Epoch 5 [1101/1875 (58.7%)] Loss: 0.0383 Acc: 0.9688
2025-11-24 01:27:23,944 - ResNet18_MNIST_logger - INFO - Epoch 5 [1111/1875 (59.3%)] Loss: 0.0033 Acc: 1.0000
2025-11-24 01:27:31,842 - ResNet18_MNIST_logger - INFO - Epoch 5 [1121/1875 (59.8%)] Loss: 0.0011 Acc: 1.0000
2025-11-24 01:27:39,691 - ResNet18_MNIST_logger - INFO - Epoch 5 [1131/1875 (60.3%)] Loss: 0.0003 Acc: 1.0000
2025-11-24 01:27:47,623 - ResNet18_MNIST_logger - INFO - Epoch 5 [1141/1875 (60.9%)] Loss: 0.0057 Acc: 1.0000
2025-11-24 01:27:55,450 - ResNet18_MNIST_logger - INFO - Epoch 5 [1151/1875 (61.4%)] Loss: 0.0129 Acc: 1.0000
2025-11-24 01:28:03,283 - ResNet18_MNIST_logger - INFO - Epoch 5 [1161/1875 (61.9%)] Loss: 0.0411 Acc: 0.9688
2025-11-24 01:28:11,168 - ResNet18_MNIST_logger - INFO - Epoch 5 [1171/1875 (62.5%)] Loss: 0.0014 Acc: 1.0000
2025-11-24 01:28:19,025 - ResNet18_MNIST_logger - INFO - Epoch 5 [1181/1875 (63.0%)] Loss: 0.0422 Acc: 1.0000
2025-11-24 01:28:26,901 - ResNet18_MNIST_logger - INFO - Epoch 5 [1191/1875 (63.5%)] Loss: 0.0052 Acc: 1.0000
2025-11-24 01:28:34,853 - ResNet18_MNIST_logger - INFO - Epoch 5 [1201/1875 (64.1%)] Loss: 0.0207 Acc: 1.0000
2025-11-24 01:28:42,753 - ResNet18_MNIST_logger - INFO - Epoch 5 [1211/1875 (64.6%)] Loss: 0.0165 Acc: 1.0000
2025-11-24 01:28:50,605 - ResNet18_MNIST_logger - INFO - Epoch 5 [1221/1875 (65.1%)] Loss: 0.0003 Acc: 1.0000
2025-11-24 01:28:58,517 - ResNet18_MNIST_logger - INFO - Epoch 5 [1231/1875 (65.7%)] Loss: 0.0050 Acc: 1.0000
2025-11-24 01:29:06,351 - ResNet18_MNIST_logger - INFO - Epoch 5 [1241/1875 (66.2%)] Loss: 0.0366 Acc: 1.0000
2025-11-24 01:29:14,171 - ResNet18_MNIST_logger - INFO - Epoch 5 [1251/1875 (66.7%)] Loss: 0.0213 Acc: 1.0000
2025-11-24 01:29:22,013 - ResNet18_MNIST_logger - INFO - Epoch 5 [1261/1875 (67.3%)] Loss: 0.0188 Acc: 1.0000
2025-11-24 01:29:29,969 - ResNet18_MNIST_logger - INFO - Epoch 5 [1271/1875 (67.8%)] Loss: 0.0519 Acc: 0.9688
2025-11-24 01:29:37,803 - ResNet18_MNIST_logger - INFO - Epoch 5 [1281/1875 (68.3%)] Loss: 0.0001 Acc: 1.0000
2025-11-24 01:29:45,641 - ResNet18_MNIST_logger - INFO - Epoch 5 [1291/1875 (68.9%)] Loss: 0.0009 Acc: 1.0000
2025-11-24 01:29:53,606 - ResNet18_MNIST_logger - INFO - Epoch 5 [1301/1875 (69.4%)] Loss: 0.0001 Acc: 1.0000
2025-11-24 01:30:01,441 - ResNet18_MNIST_logger - INFO - Epoch 5 [1311/1875 (69.9%)] Loss: 0.0822 Acc: 1.0000
2025-11-24 01:30:09,282 - ResNet18_MNIST_logger - INFO - Epoch 5 [1321/1875 (70.5%)] Loss: 0.0977 Acc: 1.0000
2025-11-24 01:30:17,181 - ResNet18_MNIST_logger - INFO - Epoch 5 [1331/1875 (71.0%)] Loss: 0.0019 Acc: 1.0000
2025-11-24 01:30:25,008 - ResNet18_MNIST_logger - INFO - Epoch 5 [1341/1875 (71.5%)] Loss: 0.0361 Acc: 1.0000
2025-11-24 01:30:32,866 - ResNet18_MNIST_logger - INFO - Epoch 5 [1351/1875 (72.1%)] Loss: 0.0445 Acc: 1.0000
2025-11-24 01:30:40,806 - ResNet18_MNIST_logger - INFO - Epoch 5 [1361/1875 (72.6%)] Loss: 0.0071 Acc: 1.0000
2025-11-24 01:30:48,650 - ResNet18_MNIST_logger - INFO - Epoch 5 [1371/1875 (73.1%)] Loss: 0.0011 Acc: 1.0000
2025-11-24 01:30:56,495 - ResNet18_MNIST_logger - INFO - Epoch 5 [1381/1875 (73.7%)] Loss: 0.0027 Acc: 1.0000
2025-11-24 01:31:04,439 - ResNet18_MNIST_logger - INFO - Epoch 5 [1391/1875 (74.2%)] Loss: 0.0033 Acc: 1.0000
2025-11-24 01:31:12,289 - ResNet18_MNIST_logger - INFO - Epoch 5 [1401/1875 (74.7%)] Loss: 0.0008 Acc: 1.0000
2025-11-24 01:31:20,187 - ResNet18_MNIST_logger - INFO - Epoch 5 [1411/1875 (75.3%)] Loss: 0.0187 Acc: 1.0000
2025-11-24 01:31:28,080 - ResNet18_MNIST_logger - INFO - Epoch 5 [1421/1875 (75.8%)] Loss: 0.0028 Acc: 1.0000
2025-11-24 01:31:35,894 - ResNet18_MNIST_logger - INFO - Epoch 5 [1431/1875 (76.3%)] Loss: 0.0072 Acc: 1.0000
2025-11-24 01:31:43,830 - ResNet18_MNIST_logger - INFO - Epoch 5 [1441/1875 (76.9%)] Loss: 0.0044 Acc: 1.0000
2025-11-24 01:31:51,649 - ResNet18_MNIST_logger - INFO - Epoch 5 [1451/1875 (77.4%)] Loss: 0.0327 Acc: 1.0000
2025-11-24 01:31:59,503 - ResNet18_MNIST_logger - INFO - Epoch 5 [1461/1875 (77.9%)] Loss: 0.0035 Acc: 1.0000
2025-11-24 01:32:07,417 - ResNet18_MNIST_logger - INFO - Epoch 5 [1471/1875 (78.5%)] Loss: 0.0006 Acc: 1.0000
2025-11-24 01:32:15,248 - ResNet18_MNIST_logger - INFO - Epoch 5 [1481/1875 (79.0%)] Loss: 0.0002 Acc: 1.0000
2025-11-24 01:32:23,178 - ResNet18_MNIST_logger - INFO - Epoch 5 [1491/1875 (79.5%)] Loss: 0.1482 Acc: 0.9688
2025-11-24 01:32:31,043 - ResNet18_MNIST_logger - INFO - Epoch 5 [1501/1875 (80.1%)] Loss: 0.0048 Acc: 1.0000
2025-11-24 01:32:38,885 - ResNet18_MNIST_logger - INFO - Epoch 5 [1511/1875 (80.6%)] Loss: 0.0006 Acc: 1.0000
2025-11-24 01:32:46,775 - ResNet18_MNIST_logger - INFO - Epoch 5 [1521/1875 (81.1%)] Loss: 0.0170 Acc: 1.0000
2025-11-24 01:32:54,630 - ResNet18_MNIST_logger - INFO - Epoch 5 [1531/1875 (81.7%)] Loss: 0.0911 Acc: 0.9688
2025-11-24 01:33:02,457 - ResNet18_MNIST_logger - INFO - Epoch 5 [1541/1875 (82.2%)] Loss: 0.0001 Acc: 1.0000
2025-11-24 01:33:10,375 - ResNet18_MNIST_logger - INFO - Epoch 5 [1551/1875 (82.7%)] Loss: 0.2531 Acc: 0.9688
2025-11-24 01:33:18,219 - ResNet18_MNIST_logger - INFO - Epoch 5 [1561/1875 (83.3%)] Loss: 0.0731 Acc: 1.0000
2025-11-24 01:33:26,116 - ResNet18_MNIST_logger - INFO - Epoch 5 [1571/1875 (83.8%)] Loss: 0.0082 Acc: 1.0000
2025-11-24 01:33:34,019 - ResNet18_MNIST_logger - INFO - Epoch 5 [1581/1875 (84.3%)] Loss: 0.0477 Acc: 0.9688
2025-11-24 01:33:41,841 - ResNet18_MNIST_logger - INFO - Epoch 5 [1591/1875 (84.9%)] Loss: 0.0003 Acc: 1.0000
2025-11-24 01:33:49,762 - ResNet18_MNIST_logger - INFO - Epoch 5 [1601/1875 (85.4%)] Loss: 0.0036 Acc: 1.0000
2025-11-24 01:33:57,567 - ResNet18_MNIST_logger - INFO - Epoch 5 [1611/1875 (85.9%)] Loss: 0.0138 Acc: 1.0000
2025-11-24 01:34:05,456 - ResNet18_MNIST_logger - INFO - Epoch 5 [1621/1875 (86.5%)] Loss: 0.0025 Acc: 1.0000
2025-11-24 01:34:13,375 - ResNet18_MNIST_logger - INFO - Epoch 5 [1631/1875 (87.0%)] Loss: 0.1113 Acc: 0.9688
2025-11-24 01:34:21,234 - ResNet18_MNIST_logger - INFO - Epoch 5 [1641/1875 (87.5%)] Loss: 0.0186 Acc: 1.0000
2025-11-24 01:34:29,057 - ResNet18_MNIST_logger - INFO - Epoch 5 [1651/1875 (88.1%)] Loss: 0.0943 Acc: 1.0000
2025-11-24 01:34:36,995 - ResNet18_MNIST_logger - INFO - Epoch 5 [1661/1875 (88.6%)] Loss: 0.0007 Acc: 1.0000
2025-11-24 01:34:44,800 - ResNet18_MNIST_logger - INFO - Epoch 5 [1671/1875 (89.1%)] Loss: 0.0067 Acc: 1.0000
2025-11-24 01:34:52,611 - ResNet18_MNIST_logger - INFO - Epoch 5 [1681/1875 (89.7%)] Loss: 0.0032 Acc: 1.0000
2025-11-24 01:35:00,517 - ResNet18_MNIST_logger - INFO - Epoch 5 [1691/1875 (90.2%)] Loss: 0.0048 Acc: 1.0000
2025-11-24 01:35:08,381 - ResNet18_MNIST_logger - INFO - Epoch 5 [1701/1875 (90.7%)] Loss: 0.0225 Acc: 1.0000
2025-11-24 01:35:16,250 - ResNet18_MNIST_logger - INFO - Epoch 5 [1711/1875 (91.3%)] Loss: 0.0027 Acc: 1.0000
2025-11-24 01:35:24,181 - ResNet18_MNIST_logger - INFO - Epoch 5 [1721/1875 (91.8%)] Loss: 0.0491 Acc: 1.0000
2025-11-24 01:35:32,055 - ResNet18_MNIST_logger - INFO - Epoch 5 [1731/1875 (92.3%)] Loss: 0.0129 Acc: 1.0000
2025-11-24 01:35:39,930 - ResNet18_MNIST_logger - INFO - Epoch 5 [1741/1875 (92.9%)] Loss: 0.0111 Acc: 1.0000
2025-11-24 01:35:47,851 - ResNet18_MNIST_logger - INFO - Epoch 5 [1751/1875 (93.4%)] Loss: 0.0030 Acc: 1.0000
2025-11-24 01:35:55,706 - ResNet18_MNIST_logger - INFO - Epoch 5 [1761/1875 (93.9%)] Loss: 0.0021 Acc: 1.0000
2025-11-24 01:36:03,590 - ResNet18_MNIST_logger - INFO - Epoch 5 [1771/1875 (94.5%)] Loss: 0.0033 Acc: 1.0000
2025-11-24 01:36:11,489 - ResNet18_MNIST_logger - INFO - Epoch 5 [1781/1875 (95.0%)] Loss: 0.0331 Acc: 1.0000
2025-11-24 01:36:19,343 - ResNet18_MNIST_logger - INFO - Epoch 5 [1791/1875 (95.5%)] Loss: 0.0000 Acc: 1.0000
2025-11-24 01:36:27,187 - ResNet18_MNIST_logger - INFO - Epoch 5 [1801/1875 (96.1%)] Loss: 0.0445 Acc: 0.9688
2025-11-24 01:36:35,080 - ResNet18_MNIST_logger - INFO - Epoch 5 [1811/1875 (96.6%)] Loss: 0.0022 Acc: 1.0000
2025-11-24 01:36:42,950 - ResNet18_MNIST_logger - INFO - Epoch 5 [1821/1875 (97.1%)] Loss: 0.0205 Acc: 0.9688
2025-11-24 01:36:50,803 - ResNet18_MNIST_logger - INFO - Epoch 5 [1831/1875 (97.7%)] Loss: 0.0016 Acc: 1.0000
2025-11-24 01:36:58,731 - ResNet18_MNIST_logger - INFO - Epoch 5 [1841/1875 (98.2%)] Loss: 0.0020 Acc: 1.0000
2025-11-24 01:37:06,553 - ResNet18_MNIST_logger - INFO - Epoch 5 [1851/1875 (98.7%)] Loss: 0.0770 Acc: 0.9688
2025-11-24 01:37:14,446 - ResNet18_MNIST_logger - INFO - Epoch 5 [1861/1875 (99.3%)] Loss: 0.0010 Acc: 1.0000
2025-11-24 01:37:22,275 - ResNet18_MNIST_logger - INFO - Epoch 5 [1871/1875 (99.8%)] Loss: 0.0005 Acc: 1.0000
2025-11-24 01:49:56,214 - ResNet18_MNIST_logger - INFO - Epoch   5 | Train Loss: 0.0244 | Train Acc: 0.9965 | Val Loss: 0.0215 | Val Acc: 0.0215
2025-11-24 01:51:43,514 - ResNet18_MNIST_logger - INFO - ============================================================
2025-11-24 01:51:43,515 - ResNet18_MNIST_logger - INFO - 训练完成！最终性能指标:
2025-11-24 01:51:43,515 - ResNet18_MNIST_logger - INFO -   test_accuracy: 0.9931
2025-11-24 01:51:43,515 - ResNet18_MNIST_logger - INFO -   test_loss: 0.0215
2025-11-24 01:51:43,515 - ResNet18_MNIST_logger - INFO -   training_time: 11159.7132
2025-11-24 01:51:43,515 - ResNet18_MNIST_logger - INFO - ============================================================
2025-11-24 01:51:43,516 - ResNet18_MNIST_logger - INFO - 训练结束时间: 2025-11-24 01:51:43
2025-11-24 01:51:43,516 - ResNet18_MNIST_logger - INFO - 总训练时间: 03:07:47
2025-11-24 01:51:43,516 - ResNet18_MNIST_logger - INFO - 日志文件: ../assets/logs/ResNet18_MNIST_20251123_224356.log
2025-11-24 01:51:43,516 - ResNet18_MNIST_logger - INFO - ============================================================
