2025-11-24 15:58:23,107 - VGG_MNIST_logger - INFO - ============================================================
2025-11-24 15:58:23,107 - VGG_MNIST_logger - INFO - 开始训练模型: VGG_MNIST
2025-11-24 15:58:23,107 - VGG_MNIST_logger - INFO - 训练开始时间: 2025-11-24 15:58:23
2025-11-24 15:58:23,107 - VGG_MNIST_logger - INFO - 训练配置:
2025-11-24 15:58:23,107 - VGG_MNIST_logger - INFO -   model_type: VGG_MNIST
2025-11-24 15:58:23,107 - VGG_MNIST_logger - INFO -   learning_rate: 0.001
2025-11-24 15:58:23,107 - VGG_MNIST_logger - INFO -   batch_size: 32
2025-11-24 15:58:23,107 - VGG_MNIST_logger - INFO -   epochs: 5
2025-11-24 15:58:23,107 - VGG_MNIST_logger - INFO -   activation: ReLU
2025-11-24 15:58:23,107 - VGG_MNIST_logger - INFO -   device: cpu
2025-11-24 15:58:23,107 - VGG_MNIST_logger - INFO - ============================================================
2025-11-24 15:58:23,377 - VGG_MNIST_logger - INFO - Epoch 1 [1/1875 (0.1%)] Loss: 2.3151 Acc: 0.1562
2025-11-24 15:58:23,989 - VGG_MNIST_logger - INFO - Epoch 1 [11/1875 (0.6%)] Loss: 2.3034 Acc: 0.2188
2025-11-24 15:58:24,603 - VGG_MNIST_logger - INFO - Epoch 1 [21/1875 (1.1%)] Loss: 2.2960 Acc: 0.2812
2025-11-24 15:58:25,205 - VGG_MNIST_logger - INFO - Epoch 1 [31/1875 (1.7%)] Loss: 2.2942 Acc: 0.2188
2025-11-24 15:58:25,813 - VGG_MNIST_logger - INFO - Epoch 1 [41/1875 (2.2%)] Loss: 2.0389 Acc: 0.3438
2025-11-24 15:58:26,420 - VGG_MNIST_logger - INFO - Epoch 1 [51/1875 (2.7%)] Loss: 1.7786 Acc: 0.7188
2025-11-24 15:58:27,027 - VGG_MNIST_logger - INFO - Epoch 1 [61/1875 (3.3%)] Loss: 1.6733 Acc: 0.6250
2025-11-24 15:58:27,647 - VGG_MNIST_logger - INFO - Epoch 1 [71/1875 (3.8%)] Loss: 1.3569 Acc: 0.7188
2025-11-24 15:58:28,236 - VGG_MNIST_logger - INFO - Epoch 1 [81/1875 (4.3%)] Loss: 1.0490 Acc: 0.8125
2025-11-24 15:58:28,826 - VGG_MNIST_logger - INFO - Epoch 1 [91/1875 (4.9%)] Loss: 1.0226 Acc: 0.9062
2025-11-24 15:58:29,420 - VGG_MNIST_logger - INFO - Epoch 1 [101/1875 (5.4%)] Loss: 0.7239 Acc: 0.8125
2025-11-24 15:58:30,038 - VGG_MNIST_logger - INFO - Epoch 1 [111/1875 (5.9%)] Loss: 1.0126 Acc: 0.8438
2025-11-24 15:58:30,658 - VGG_MNIST_logger - INFO - Epoch 1 [121/1875 (6.5%)] Loss: 0.9505 Acc: 0.8125
2025-11-24 15:58:31,280 - VGG_MNIST_logger - INFO - Epoch 1 [131/1875 (7.0%)] Loss: 0.5067 Acc: 0.9375
2025-11-24 15:58:31,884 - VGG_MNIST_logger - INFO - Epoch 1 [141/1875 (7.5%)] Loss: 0.6228 Acc: 0.9062
2025-11-24 15:58:32,481 - VGG_MNIST_logger - INFO - Epoch 1 [151/1875 (8.1%)] Loss: 0.5333 Acc: 0.9375
2025-11-24 15:58:33,098 - VGG_MNIST_logger - INFO - Epoch 1 [161/1875 (8.6%)] Loss: 0.6205 Acc: 0.9375
2025-11-24 15:58:33,691 - VGG_MNIST_logger - INFO - Epoch 1 [171/1875 (9.1%)] Loss: 0.2524 Acc: 0.8750
2025-11-24 15:58:34,297 - VGG_MNIST_logger - INFO - Epoch 1 [181/1875 (9.7%)] Loss: 0.4080 Acc: 0.9375
2025-11-24 15:58:34,897 - VGG_MNIST_logger - INFO - Epoch 1 [191/1875 (10.2%)] Loss: 0.4911 Acc: 0.9375
2025-11-24 15:58:35,507 - VGG_MNIST_logger - INFO - Epoch 1 [201/1875 (10.7%)] Loss: 0.3183 Acc: 0.9375
2025-11-24 15:58:36,118 - VGG_MNIST_logger - INFO - Epoch 1 [211/1875 (11.3%)] Loss: 0.5910 Acc: 0.8750
2025-11-24 15:58:36,727 - VGG_MNIST_logger - INFO - Epoch 1 [221/1875 (11.8%)] Loss: 0.2461 Acc: 0.9375
2025-11-24 15:58:37,359 - VGG_MNIST_logger - INFO - Epoch 1 [231/1875 (12.3%)] Loss: 0.5013 Acc: 0.9688
2025-11-24 15:58:37,970 - VGG_MNIST_logger - INFO - Epoch 1 [241/1875 (12.9%)] Loss: 0.1619 Acc: 1.0000
2025-11-24 15:58:38,574 - VGG_MNIST_logger - INFO - Epoch 1 [251/1875 (13.4%)] Loss: 0.4068 Acc: 0.9688
2025-11-24 15:58:39,191 - VGG_MNIST_logger - INFO - Epoch 1 [261/1875 (13.9%)] Loss: 0.2851 Acc: 0.9688
2025-11-24 15:58:39,807 - VGG_MNIST_logger - INFO - Epoch 1 [271/1875 (14.5%)] Loss: 0.0834 Acc: 1.0000
2025-11-24 15:58:40,515 - VGG_MNIST_logger - INFO - Epoch 1 [281/1875 (15.0%)] Loss: 0.0498 Acc: 1.0000
2025-11-24 15:58:41,136 - VGG_MNIST_logger - INFO - Epoch 1 [291/1875 (15.5%)] Loss: 0.1238 Acc: 0.9688
2025-11-24 15:58:41,772 - VGG_MNIST_logger - INFO - Epoch 1 [301/1875 (16.1%)] Loss: 0.4745 Acc: 0.9375
2025-11-24 15:58:42,392 - VGG_MNIST_logger - INFO - Epoch 1 [311/1875 (16.6%)] Loss: 0.1929 Acc: 1.0000
2025-11-24 15:58:43,005 - VGG_MNIST_logger - INFO - Epoch 1 [321/1875 (17.1%)] Loss: 0.2520 Acc: 0.9688
2025-11-24 15:58:43,634 - VGG_MNIST_logger - INFO - Epoch 1 [331/1875 (17.7%)] Loss: 0.1242 Acc: 1.0000
2025-11-24 15:58:44,237 - VGG_MNIST_logger - INFO - Epoch 1 [341/1875 (18.2%)] Loss: 0.2817 Acc: 0.9688
2025-11-24 15:58:44,841 - VGG_MNIST_logger - INFO - Epoch 1 [351/1875 (18.7%)] Loss: 0.1996 Acc: 1.0000
2025-11-24 15:58:45,455 - VGG_MNIST_logger - INFO - Epoch 1 [361/1875 (19.3%)] Loss: 0.2079 Acc: 0.9688
2025-11-24 15:58:46,072 - VGG_MNIST_logger - INFO - Epoch 1 [371/1875 (19.8%)] Loss: 0.2414 Acc: 0.9688
2025-11-24 15:58:46,696 - VGG_MNIST_logger - INFO - Epoch 1 [381/1875 (20.3%)] Loss: 0.1114 Acc: 1.0000
2025-11-24 15:58:47,309 - VGG_MNIST_logger - INFO - Epoch 1 [391/1875 (20.9%)] Loss: 0.1796 Acc: 0.9688
2025-11-24 15:58:47,916 - VGG_MNIST_logger - INFO - Epoch 1 [401/1875 (21.4%)] Loss: 0.2695 Acc: 1.0000
2025-11-24 15:58:48,550 - VGG_MNIST_logger - INFO - Epoch 1 [411/1875 (21.9%)] Loss: 0.0969 Acc: 0.9688
2025-11-24 15:58:49,180 - VGG_MNIST_logger - INFO - Epoch 1 [421/1875 (22.5%)] Loss: 0.0619 Acc: 0.9688
2025-11-24 15:58:49,870 - VGG_MNIST_logger - INFO - Epoch 1 [431/1875 (23.0%)] Loss: 0.1135 Acc: 0.9688
2025-11-24 15:58:50,501 - VGG_MNIST_logger - INFO - Epoch 1 [441/1875 (23.5%)] Loss: 0.1025 Acc: 1.0000
2025-11-24 15:58:51,144 - VGG_MNIST_logger - INFO - Epoch 1 [451/1875 (24.1%)] Loss: 0.5423 Acc: 0.9375
2025-11-24 15:58:51,759 - VGG_MNIST_logger - INFO - Epoch 1 [461/1875 (24.6%)] Loss: 0.1899 Acc: 1.0000
2025-11-24 15:58:52,688 - VGG_MNIST_logger - INFO - Epoch 1 [471/1875 (25.1%)] Loss: 0.0463 Acc: 1.0000
2025-11-24 15:58:53,476 - VGG_MNIST_logger - INFO - Epoch 1 [481/1875 (25.7%)] Loss: 0.4153 Acc: 0.9375
2025-11-24 15:58:54,144 - VGG_MNIST_logger - INFO - Epoch 1 [491/1875 (26.2%)] Loss: 0.0557 Acc: 1.0000
2025-11-24 15:58:54,821 - VGG_MNIST_logger - INFO - Epoch 1 [501/1875 (26.7%)] Loss: 0.0933 Acc: 1.0000
2025-11-24 15:58:55,478 - VGG_MNIST_logger - INFO - Epoch 1 [511/1875 (27.3%)] Loss: 0.2140 Acc: 1.0000
2025-11-24 15:58:56,109 - VGG_MNIST_logger - INFO - Epoch 1 [521/1875 (27.8%)] Loss: 0.0094 Acc: 1.0000
2025-11-24 15:58:56,736 - VGG_MNIST_logger - INFO - Epoch 1 [531/1875 (28.3%)] Loss: 0.2359 Acc: 0.9688
2025-11-24 15:58:57,488 - VGG_MNIST_logger - INFO - Epoch 1 [541/1875 (28.9%)] Loss: 0.0941 Acc: 1.0000
2025-11-24 15:58:58,159 - VGG_MNIST_logger - INFO - Epoch 1 [551/1875 (29.4%)] Loss: 0.0344 Acc: 1.0000
2025-11-24 15:58:58,823 - VGG_MNIST_logger - INFO - Epoch 1 [561/1875 (29.9%)] Loss: 0.2251 Acc: 0.9375
2025-11-24 15:58:59,450 - VGG_MNIST_logger - INFO - Epoch 1 [571/1875 (30.5%)] Loss: 0.2780 Acc: 0.9688
2025-11-24 15:59:00,115 - VGG_MNIST_logger - INFO - Epoch 1 [581/1875 (31.0%)] Loss: 0.0972 Acc: 0.9688
2025-11-24 15:59:00,727 - VGG_MNIST_logger - INFO - Epoch 1 [591/1875 (31.5%)] Loss: 0.0703 Acc: 1.0000
2025-11-24 15:59:01,346 - VGG_MNIST_logger - INFO - Epoch 1 [601/1875 (32.1%)] Loss: 0.0298 Acc: 1.0000
2025-11-24 15:59:01,954 - VGG_MNIST_logger - INFO - Epoch 1 [611/1875 (32.6%)] Loss: 0.0796 Acc: 1.0000
2025-11-24 15:59:02,564 - VGG_MNIST_logger - INFO - Epoch 1 [621/1875 (33.1%)] Loss: 0.0980 Acc: 1.0000
2025-11-24 15:59:03,208 - VGG_MNIST_logger - INFO - Epoch 1 [631/1875 (33.7%)] Loss: 0.1178 Acc: 1.0000
2025-11-24 15:59:03,838 - VGG_MNIST_logger - INFO - Epoch 1 [641/1875 (34.2%)] Loss: 0.1808 Acc: 0.9688
2025-11-24 15:59:04,456 - VGG_MNIST_logger - INFO - Epoch 1 [651/1875 (34.7%)] Loss: 0.1226 Acc: 0.9688
2025-11-24 15:59:05,070 - VGG_MNIST_logger - INFO - Epoch 1 [661/1875 (35.3%)] Loss: 0.1246 Acc: 1.0000
2025-11-24 15:59:05,710 - VGG_MNIST_logger - INFO - Epoch 1 [671/1875 (35.8%)] Loss: 0.0155 Acc: 1.0000
2025-11-24 15:59:06,351 - VGG_MNIST_logger - INFO - Epoch 1 [681/1875 (36.3%)] Loss: 0.1115 Acc: 0.9688
2025-11-24 15:59:06,979 - VGG_MNIST_logger - INFO - Epoch 1 [691/1875 (36.9%)] Loss: 0.3351 Acc: 0.9688
2025-11-24 15:59:07,608 - VGG_MNIST_logger - INFO - Epoch 1 [701/1875 (37.4%)] Loss: 0.0669 Acc: 1.0000
2025-11-24 15:59:08,220 - VGG_MNIST_logger - INFO - Epoch 1 [711/1875 (37.9%)] Loss: 0.0569 Acc: 1.0000
2025-11-24 15:59:08,841 - VGG_MNIST_logger - INFO - Epoch 1 [721/1875 (38.5%)] Loss: 0.0616 Acc: 1.0000
2025-11-24 15:59:09,450 - VGG_MNIST_logger - INFO - Epoch 1 [731/1875 (39.0%)] Loss: 0.0204 Acc: 1.0000
2025-11-24 15:59:10,073 - VGG_MNIST_logger - INFO - Epoch 1 [741/1875 (39.5%)] Loss: 0.2557 Acc: 0.9375
2025-11-24 15:59:10,679 - VGG_MNIST_logger - INFO - Epoch 1 [751/1875 (40.1%)] Loss: 0.0522 Acc: 1.0000
2025-11-24 15:59:11,301 - VGG_MNIST_logger - INFO - Epoch 1 [761/1875 (40.6%)] Loss: 0.5600 Acc: 0.9688
2025-11-24 15:59:11,919 - VGG_MNIST_logger - INFO - Epoch 1 [771/1875 (41.1%)] Loss: 0.0208 Acc: 1.0000
2025-11-24 15:59:12,537 - VGG_MNIST_logger - INFO - Epoch 1 [781/1875 (41.7%)] Loss: 0.0307 Acc: 1.0000
2025-11-24 15:59:13,161 - VGG_MNIST_logger - INFO - Epoch 1 [791/1875 (42.2%)] Loss: 0.1204 Acc: 1.0000
2025-11-24 15:59:13,778 - VGG_MNIST_logger - INFO - Epoch 1 [801/1875 (42.7%)] Loss: 0.4506 Acc: 0.9375
2025-11-24 15:59:14,393 - VGG_MNIST_logger - INFO - Epoch 1 [811/1875 (43.3%)] Loss: 0.0646 Acc: 1.0000
2025-11-24 15:59:15,014 - VGG_MNIST_logger - INFO - Epoch 1 [821/1875 (43.8%)] Loss: 0.0269 Acc: 1.0000
2025-11-24 15:59:15,622 - VGG_MNIST_logger - INFO - Epoch 1 [831/1875 (44.3%)] Loss: 0.1515 Acc: 1.0000
2025-11-24 15:59:16,246 - VGG_MNIST_logger - INFO - Epoch 1 [841/1875 (44.9%)] Loss: 0.0356 Acc: 1.0000
2025-11-24 15:59:16,886 - VGG_MNIST_logger - INFO - Epoch 1 [851/1875 (45.4%)] Loss: 0.0419 Acc: 1.0000
2025-11-24 15:59:17,548 - VGG_MNIST_logger - INFO - Epoch 1 [861/1875 (45.9%)] Loss: 0.0636 Acc: 0.9688
2025-11-24 15:59:18,190 - VGG_MNIST_logger - INFO - Epoch 1 [871/1875 (46.5%)] Loss: 0.1070 Acc: 0.9688
2025-11-24 15:59:18,842 - VGG_MNIST_logger - INFO - Epoch 1 [881/1875 (47.0%)] Loss: 0.0286 Acc: 1.0000
2025-11-24 15:59:19,470 - VGG_MNIST_logger - INFO - Epoch 1 [891/1875 (47.5%)] Loss: 0.1044 Acc: 1.0000
2025-11-24 15:59:20,083 - VGG_MNIST_logger - INFO - Epoch 1 [901/1875 (48.1%)] Loss: 0.0523 Acc: 1.0000
2025-11-24 15:59:20,709 - VGG_MNIST_logger - INFO - Epoch 1 [911/1875 (48.6%)] Loss: 0.0464 Acc: 1.0000
2025-11-24 15:59:21,341 - VGG_MNIST_logger - INFO - Epoch 1 [921/1875 (49.1%)] Loss: 0.0433 Acc: 1.0000
2025-11-24 15:59:21,950 - VGG_MNIST_logger - INFO - Epoch 1 [931/1875 (49.7%)] Loss: 0.1492 Acc: 0.9688
2025-11-24 15:59:22,560 - VGG_MNIST_logger - INFO - Epoch 1 [941/1875 (50.2%)] Loss: 0.0410 Acc: 1.0000
2025-11-24 15:59:23,178 - VGG_MNIST_logger - INFO - Epoch 1 [951/1875 (50.7%)] Loss: 0.0267 Acc: 1.0000
2025-11-24 15:59:23,826 - VGG_MNIST_logger - INFO - Epoch 1 [961/1875 (51.3%)] Loss: 0.1395 Acc: 0.9688
2025-11-24 15:59:24,459 - VGG_MNIST_logger - INFO - Epoch 1 [971/1875 (51.8%)] Loss: 0.0244 Acc: 1.0000
2025-11-24 15:59:25,127 - VGG_MNIST_logger - INFO - Epoch 1 [981/1875 (52.3%)] Loss: 0.0052 Acc: 1.0000
2025-11-24 15:59:25,784 - VGG_MNIST_logger - INFO - Epoch 1 [991/1875 (52.9%)] Loss: 0.1839 Acc: 0.9375
2025-11-24 15:59:26,392 - VGG_MNIST_logger - INFO - Epoch 1 [1001/1875 (53.4%)] Loss: 0.0132 Acc: 0.9688
2025-11-24 15:59:27,012 - VGG_MNIST_logger - INFO - Epoch 1 [1011/1875 (53.9%)] Loss: 0.1172 Acc: 1.0000
2025-11-24 15:59:27,627 - VGG_MNIST_logger - INFO - Epoch 1 [1021/1875 (54.5%)] Loss: 0.4680 Acc: 0.9688
2025-11-24 15:59:28,242 - VGG_MNIST_logger - INFO - Epoch 1 [1031/1875 (55.0%)] Loss: 0.0421 Acc: 1.0000
2025-11-24 15:59:28,867 - VGG_MNIST_logger - INFO - Epoch 1 [1041/1875 (55.5%)] Loss: 0.0106 Acc: 1.0000
2025-11-24 15:59:29,479 - VGG_MNIST_logger - INFO - Epoch 1 [1051/1875 (56.1%)] Loss: 0.1100 Acc: 0.9688
2025-11-24 15:59:30,095 - VGG_MNIST_logger - INFO - Epoch 1 [1061/1875 (56.6%)] Loss: 0.1166 Acc: 1.0000
2025-11-24 15:59:30,712 - VGG_MNIST_logger - INFO - Epoch 1 [1071/1875 (57.1%)] Loss: 0.1348 Acc: 0.9688
2025-11-24 15:59:31,336 - VGG_MNIST_logger - INFO - Epoch 1 [1081/1875 (57.7%)] Loss: 0.2909 Acc: 0.9375
2025-11-24 15:59:31,974 - VGG_MNIST_logger - INFO - Epoch 1 [1091/1875 (58.2%)] Loss: 0.1909 Acc: 0.9375
2025-11-24 15:59:32,591 - VGG_MNIST_logger - INFO - Epoch 1 [1101/1875 (58.7%)] Loss: 0.2719 Acc: 0.9688
2025-11-24 15:59:33,215 - VGG_MNIST_logger - INFO - Epoch 1 [1111/1875 (59.3%)] Loss: 0.0392 Acc: 1.0000
2025-11-24 15:59:33,824 - VGG_MNIST_logger - INFO - Epoch 1 [1121/1875 (59.8%)] Loss: 0.4378 Acc: 0.9375
2025-11-24 15:59:34,439 - VGG_MNIST_logger - INFO - Epoch 1 [1131/1875 (60.3%)] Loss: 0.0485 Acc: 1.0000
2025-11-24 15:59:35,056 - VGG_MNIST_logger - INFO - Epoch 1 [1141/1875 (60.9%)] Loss: 0.0914 Acc: 1.0000
2025-11-24 15:59:35,674 - VGG_MNIST_logger - INFO - Epoch 1 [1151/1875 (61.4%)] Loss: 0.0357 Acc: 1.0000
2025-11-24 15:59:36,302 - VGG_MNIST_logger - INFO - Epoch 1 [1161/1875 (61.9%)] Loss: 0.0363 Acc: 1.0000
2025-11-24 15:59:36,915 - VGG_MNIST_logger - INFO - Epoch 1 [1171/1875 (62.5%)] Loss: 0.1503 Acc: 1.0000
2025-11-24 15:59:37,534 - VGG_MNIST_logger - INFO - Epoch 1 [1181/1875 (63.0%)] Loss: 0.4409 Acc: 1.0000
2025-11-24 15:59:38,149 - VGG_MNIST_logger - INFO - Epoch 1 [1191/1875 (63.5%)] Loss: 0.1882 Acc: 1.0000
2025-11-24 15:59:38,760 - VGG_MNIST_logger - INFO - Epoch 1 [1201/1875 (64.1%)] Loss: 0.0176 Acc: 1.0000
2025-11-24 15:59:39,365 - VGG_MNIST_logger - INFO - Epoch 1 [1211/1875 (64.6%)] Loss: 0.2843 Acc: 0.9688
2025-11-24 15:59:39,976 - VGG_MNIST_logger - INFO - Epoch 1 [1221/1875 (65.1%)] Loss: 0.0433 Acc: 0.9688
2025-11-24 15:59:40,596 - VGG_MNIST_logger - INFO - Epoch 1 [1231/1875 (65.7%)] Loss: 0.0808 Acc: 1.0000
2025-11-24 15:59:41,228 - VGG_MNIST_logger - INFO - Epoch 1 [1241/1875 (66.2%)] Loss: 0.0275 Acc: 1.0000
2025-11-24 15:59:41,863 - VGG_MNIST_logger - INFO - Epoch 1 [1251/1875 (66.7%)] Loss: 0.0111 Acc: 1.0000
2025-11-24 15:59:42,481 - VGG_MNIST_logger - INFO - Epoch 1 [1261/1875 (67.3%)] Loss: 0.0254 Acc: 1.0000
2025-11-24 15:59:43,089 - VGG_MNIST_logger - INFO - Epoch 1 [1271/1875 (67.8%)] Loss: 0.0696 Acc: 1.0000
2025-11-24 15:59:43,697 - VGG_MNIST_logger - INFO - Epoch 1 [1281/1875 (68.3%)] Loss: 0.0220 Acc: 1.0000
2025-11-24 15:59:44,314 - VGG_MNIST_logger - INFO - Epoch 1 [1291/1875 (68.9%)] Loss: 0.1320 Acc: 0.9688
2025-11-24 15:59:44,920 - VGG_MNIST_logger - INFO - Epoch 1 [1301/1875 (69.4%)] Loss: 0.4087 Acc: 0.9375
2025-11-24 15:59:45,548 - VGG_MNIST_logger - INFO - Epoch 1 [1311/1875 (69.9%)] Loss: 0.0934 Acc: 1.0000
2025-11-24 15:59:46,161 - VGG_MNIST_logger - INFO - Epoch 1 [1321/1875 (70.5%)] Loss: 0.1013 Acc: 1.0000
2025-11-24 15:59:46,775 - VGG_MNIST_logger - INFO - Epoch 1 [1331/1875 (71.0%)] Loss: 0.0181 Acc: 1.0000
2025-11-24 15:59:47,389 - VGG_MNIST_logger - INFO - Epoch 1 [1341/1875 (71.5%)] Loss: 0.0033 Acc: 1.0000
2025-11-24 15:59:48,008 - VGG_MNIST_logger - INFO - Epoch 1 [1351/1875 (72.1%)] Loss: 0.0875 Acc: 1.0000
2025-11-24 15:59:48,618 - VGG_MNIST_logger - INFO - Epoch 1 [1361/1875 (72.6%)] Loss: 0.1934 Acc: 0.9688
2025-11-24 15:59:49,228 - VGG_MNIST_logger - INFO - Epoch 1 [1371/1875 (73.1%)] Loss: 0.0154 Acc: 1.0000
2025-11-24 15:59:49,859 - VGG_MNIST_logger - INFO - Epoch 1 [1381/1875 (73.7%)] Loss: 0.1363 Acc: 0.9688
2025-11-24 15:59:50,468 - VGG_MNIST_logger - INFO - Epoch 1 [1391/1875 (74.2%)] Loss: 0.1308 Acc: 0.9688
2025-11-24 15:59:51,083 - VGG_MNIST_logger - INFO - Epoch 1 [1401/1875 (74.7%)] Loss: 0.0208 Acc: 1.0000
2025-11-24 15:59:51,703 - VGG_MNIST_logger - INFO - Epoch 1 [1411/1875 (75.3%)] Loss: 0.0090 Acc: 1.0000
2025-11-24 15:59:52,315 - VGG_MNIST_logger - INFO - Epoch 1 [1421/1875 (75.8%)] Loss: 0.0056 Acc: 1.0000
2025-11-24 15:59:52,933 - VGG_MNIST_logger - INFO - Epoch 1 [1431/1875 (76.3%)] Loss: 0.1043 Acc: 1.0000
2025-11-24 15:59:53,544 - VGG_MNIST_logger - INFO - Epoch 1 [1441/1875 (76.9%)] Loss: 0.1027 Acc: 1.0000
2025-11-24 15:59:54,155 - VGG_MNIST_logger - INFO - Epoch 1 [1451/1875 (77.4%)] Loss: 0.0461 Acc: 1.0000
2025-11-24 15:59:54,758 - VGG_MNIST_logger - INFO - Epoch 1 [1461/1875 (77.9%)] Loss: 0.0892 Acc: 0.9688
2025-11-24 15:59:55,368 - VGG_MNIST_logger - INFO - Epoch 1 [1471/1875 (78.5%)] Loss: 0.1729 Acc: 0.9688
2025-11-24 15:59:55,982 - VGG_MNIST_logger - INFO - Epoch 1 [1481/1875 (79.0%)] Loss: 0.1061 Acc: 1.0000
2025-11-24 15:59:56,587 - VGG_MNIST_logger - INFO - Epoch 1 [1491/1875 (79.5%)] Loss: 0.0784 Acc: 1.0000
2025-11-24 15:59:57,199 - VGG_MNIST_logger - INFO - Epoch 1 [1501/1875 (80.1%)] Loss: 0.0746 Acc: 0.9688
2025-11-24 15:59:57,807 - VGG_MNIST_logger - INFO - Epoch 1 [1511/1875 (80.6%)] Loss: 0.0106 Acc: 1.0000
2025-11-24 15:59:58,418 - VGG_MNIST_logger - INFO - Epoch 1 [1521/1875 (81.1%)] Loss: 0.0678 Acc: 1.0000
2025-11-24 15:59:59,030 - VGG_MNIST_logger - INFO - Epoch 1 [1531/1875 (81.7%)] Loss: 0.1455 Acc: 1.0000
2025-11-24 15:59:59,653 - VGG_MNIST_logger - INFO - Epoch 1 [1541/1875 (82.2%)] Loss: 0.0585 Acc: 1.0000
2025-11-24 16:00:00,283 - VGG_MNIST_logger - INFO - Epoch 1 [1551/1875 (82.7%)] Loss: 0.0523 Acc: 1.0000
2025-11-24 16:00:00,904 - VGG_MNIST_logger - INFO - Epoch 1 [1561/1875 (83.3%)] Loss: 0.1123 Acc: 0.9688
2025-11-24 16:00:01,519 - VGG_MNIST_logger - INFO - Epoch 1 [1571/1875 (83.8%)] Loss: 0.0377 Acc: 1.0000
2025-11-24 16:00:02,138 - VGG_MNIST_logger - INFO - Epoch 1 [1581/1875 (84.3%)] Loss: 0.0158 Acc: 1.0000
2025-11-24 16:00:02,765 - VGG_MNIST_logger - INFO - Epoch 1 [1591/1875 (84.9%)] Loss: 0.0593 Acc: 1.0000
2025-11-24 16:00:03,392 - VGG_MNIST_logger - INFO - Epoch 1 [1601/1875 (85.4%)] Loss: 0.0082 Acc: 1.0000
2025-11-24 16:00:04,017 - VGG_MNIST_logger - INFO - Epoch 1 [1611/1875 (85.9%)] Loss: 0.0886 Acc: 0.9688
2025-11-24 16:00:04,642 - VGG_MNIST_logger - INFO - Epoch 1 [1621/1875 (86.5%)] Loss: 0.3720 Acc: 0.9375
2025-11-24 16:00:05,263 - VGG_MNIST_logger - INFO - Epoch 1 [1631/1875 (87.0%)] Loss: 0.4100 Acc: 0.9375
2025-11-24 16:00:05,893 - VGG_MNIST_logger - INFO - Epoch 1 [1641/1875 (87.5%)] Loss: 0.0399 Acc: 1.0000
2025-11-24 16:00:06,508 - VGG_MNIST_logger - INFO - Epoch 1 [1651/1875 (88.1%)] Loss: 0.0250 Acc: 1.0000
2025-11-24 16:00:07,125 - VGG_MNIST_logger - INFO - Epoch 1 [1661/1875 (88.6%)] Loss: 0.1639 Acc: 0.9688
2025-11-24 16:00:07,746 - VGG_MNIST_logger - INFO - Epoch 1 [1671/1875 (89.1%)] Loss: 0.0566 Acc: 1.0000
2025-11-24 16:00:08,373 - VGG_MNIST_logger - INFO - Epoch 1 [1681/1875 (89.7%)] Loss: 0.0563 Acc: 1.0000
2025-11-24 16:00:08,991 - VGG_MNIST_logger - INFO - Epoch 1 [1691/1875 (90.2%)] Loss: 0.0391 Acc: 1.0000
2025-11-24 16:00:09,610 - VGG_MNIST_logger - INFO - Epoch 1 [1701/1875 (90.7%)] Loss: 0.1367 Acc: 0.9688
2025-11-24 16:00:10,246 - VGG_MNIST_logger - INFO - Epoch 1 [1711/1875 (91.3%)] Loss: 0.0705 Acc: 0.9688
2025-11-24 16:00:10,876 - VGG_MNIST_logger - INFO - Epoch 1 [1721/1875 (91.8%)] Loss: 0.2323 Acc: 1.0000
2025-11-24 16:00:11,491 - VGG_MNIST_logger - INFO - Epoch 1 [1731/1875 (92.3%)] Loss: 0.2722 Acc: 0.9688
2025-11-24 16:00:12,106 - VGG_MNIST_logger - INFO - Epoch 1 [1741/1875 (92.9%)] Loss: 0.0290 Acc: 1.0000
2025-11-24 16:00:12,719 - VGG_MNIST_logger - INFO - Epoch 1 [1751/1875 (93.4%)] Loss: 0.1060 Acc: 1.0000
2025-11-24 16:00:13,325 - VGG_MNIST_logger - INFO - Epoch 1 [1761/1875 (93.9%)] Loss: 0.0371 Acc: 1.0000
2025-11-24 16:00:13,931 - VGG_MNIST_logger - INFO - Epoch 1 [1771/1875 (94.5%)] Loss: 0.0084 Acc: 1.0000
2025-11-24 16:00:14,541 - VGG_MNIST_logger - INFO - Epoch 1 [1781/1875 (95.0%)] Loss: 0.1884 Acc: 0.9688
2025-11-24 16:00:15,153 - VGG_MNIST_logger - INFO - Epoch 1 [1791/1875 (95.5%)] Loss: 0.0714 Acc: 0.9688
2025-11-24 16:00:15,759 - VGG_MNIST_logger - INFO - Epoch 1 [1801/1875 (96.1%)] Loss: 0.5183 Acc: 0.9688
2025-11-24 16:00:16,380 - VGG_MNIST_logger - INFO - Epoch 1 [1811/1875 (96.6%)] Loss: 0.1238 Acc: 0.9375
2025-11-24 16:00:16,998 - VGG_MNIST_logger - INFO - Epoch 1 [1821/1875 (97.1%)] Loss: 0.2117 Acc: 0.9688
2025-11-24 16:00:17,606 - VGG_MNIST_logger - INFO - Epoch 1 [1831/1875 (97.7%)] Loss: 0.2963 Acc: 0.9375
2025-11-24 16:00:18,230 - VGG_MNIST_logger - INFO - Epoch 1 [1841/1875 (98.2%)] Loss: 0.1089 Acc: 1.0000
2025-11-24 16:00:18,836 - VGG_MNIST_logger - INFO - Epoch 1 [1851/1875 (98.7%)] Loss: 0.1504 Acc: 0.9688
2025-11-24 16:00:19,444 - VGG_MNIST_logger - INFO - Epoch 1 [1861/1875 (99.3%)] Loss: 0.0192 Acc: 1.0000
2025-11-24 16:00:20,053 - VGG_MNIST_logger - INFO - Epoch 1 [1871/1875 (99.8%)] Loss: 0.2073 Acc: 0.9688
2025-11-24 16:00:55,829 - VGG_MNIST_logger - INFO - Epoch   1 | Train Loss: 0.2401 | Train Acc: 0.9853 | Val Loss: 0.0591 | Val Acc: 0.0591
2025-11-24 16:00:55,904 - VGG_MNIST_logger - INFO - Epoch 2 [1/1875 (0.1%)] Loss: 0.0032 Acc: 1.0000
2025-11-24 16:00:56,505 - VGG_MNIST_logger - INFO - Epoch 2 [11/1875 (0.6%)] Loss: 0.1033 Acc: 0.9688
2025-11-24 16:00:57,125 - VGG_MNIST_logger - INFO - Epoch 2 [21/1875 (1.1%)] Loss: 0.0771 Acc: 0.9688
2025-11-24 16:00:57,766 - VGG_MNIST_logger - INFO - Epoch 2 [31/1875 (1.7%)] Loss: 0.2698 Acc: 0.9688
2025-11-24 16:00:58,383 - VGG_MNIST_logger - INFO - Epoch 2 [41/1875 (2.2%)] Loss: 0.0310 Acc: 1.0000
2025-11-24 16:00:58,990 - VGG_MNIST_logger - INFO - Epoch 2 [51/1875 (2.7%)] Loss: 0.0257 Acc: 1.0000
2025-11-24 16:00:59,626 - VGG_MNIST_logger - INFO - Epoch 2 [61/1875 (3.3%)] Loss: 0.0794 Acc: 1.0000
2025-11-24 16:01:00,294 - VGG_MNIST_logger - INFO - Epoch 2 [71/1875 (3.8%)] Loss: 0.0054 Acc: 1.0000
2025-11-24 16:01:00,912 - VGG_MNIST_logger - INFO - Epoch 2 [81/1875 (4.3%)] Loss: 0.1033 Acc: 1.0000
2025-11-24 16:01:01,519 - VGG_MNIST_logger - INFO - Epoch 2 [91/1875 (4.9%)] Loss: 0.0051 Acc: 1.0000
2025-11-24 16:01:02,119 - VGG_MNIST_logger - INFO - Epoch 2 [101/1875 (5.4%)] Loss: 0.2026 Acc: 0.9688
2025-11-24 16:01:02,729 - VGG_MNIST_logger - INFO - Epoch 2 [111/1875 (5.9%)] Loss: 0.0702 Acc: 0.9688
2025-11-24 16:01:03,359 - VGG_MNIST_logger - INFO - Epoch 2 [121/1875 (6.5%)] Loss: 0.0250 Acc: 1.0000
2025-11-24 16:01:03,961 - VGG_MNIST_logger - INFO - Epoch 2 [131/1875 (7.0%)] Loss: 0.0008 Acc: 1.0000
2025-11-24 16:01:04,565 - VGG_MNIST_logger - INFO - Epoch 2 [141/1875 (7.5%)] Loss: 0.6087 Acc: 1.0000
2025-11-24 16:01:05,166 - VGG_MNIST_logger - INFO - Epoch 2 [151/1875 (8.1%)] Loss: 0.0695 Acc: 1.0000
2025-11-24 16:01:05,788 - VGG_MNIST_logger - INFO - Epoch 2 [161/1875 (8.6%)] Loss: 0.0219 Acc: 1.0000
2025-11-24 16:01:06,412 - VGG_MNIST_logger - INFO - Epoch 2 [171/1875 (9.1%)] Loss: 0.0103 Acc: 1.0000
2025-11-24 16:01:07,042 - VGG_MNIST_logger - INFO - Epoch 2 [181/1875 (9.7%)] Loss: 0.0105 Acc: 1.0000
2025-11-24 16:01:07,645 - VGG_MNIST_logger - INFO - Epoch 2 [191/1875 (10.2%)] Loss: 0.0669 Acc: 1.0000
2025-11-24 16:01:08,249 - VGG_MNIST_logger - INFO - Epoch 2 [201/1875 (10.7%)] Loss: 0.3041 Acc: 0.9062
2025-11-24 16:01:08,867 - VGG_MNIST_logger - INFO - Epoch 2 [211/1875 (11.3%)] Loss: 0.0707 Acc: 1.0000
2025-11-24 16:01:09,463 - VGG_MNIST_logger - INFO - Epoch 2 [221/1875 (11.8%)] Loss: 0.1733 Acc: 0.9688
2025-11-24 16:01:10,069 - VGG_MNIST_logger - INFO - Epoch 2 [231/1875 (12.3%)] Loss: 0.1050 Acc: 0.9688
2025-11-24 16:01:10,685 - VGG_MNIST_logger - INFO - Epoch 2 [241/1875 (12.9%)] Loss: 0.0070 Acc: 1.0000
2025-11-24 16:01:11,287 - VGG_MNIST_logger - INFO - Epoch 2 [251/1875 (13.4%)] Loss: 0.0142 Acc: 1.0000
2025-11-24 16:01:11,905 - VGG_MNIST_logger - INFO - Epoch 2 [261/1875 (13.9%)] Loss: 0.0026 Acc: 1.0000
2025-11-24 16:01:12,517 - VGG_MNIST_logger - INFO - Epoch 2 [271/1875 (14.5%)] Loss: 0.1162 Acc: 1.0000
2025-11-24 16:01:13,129 - VGG_MNIST_logger - INFO - Epoch 2 [281/1875 (15.0%)] Loss: 0.0567 Acc: 0.9688
2025-11-24 16:01:13,740 - VGG_MNIST_logger - INFO - Epoch 2 [291/1875 (15.5%)] Loss: 0.0737 Acc: 0.9688
2025-11-24 16:01:14,344 - VGG_MNIST_logger - INFO - Epoch 2 [301/1875 (16.1%)] Loss: 0.0630 Acc: 1.0000
2025-11-24 16:01:14,949 - VGG_MNIST_logger - INFO - Epoch 2 [311/1875 (16.6%)] Loss: 0.2011 Acc: 1.0000
2025-11-24 16:01:15,556 - VGG_MNIST_logger - INFO - Epoch 2 [321/1875 (17.1%)] Loss: 0.0035 Acc: 1.0000
2025-11-24 16:01:16,161 - VGG_MNIST_logger - INFO - Epoch 2 [331/1875 (17.7%)] Loss: 0.0191 Acc: 1.0000
2025-11-24 16:01:16,768 - VGG_MNIST_logger - INFO - Epoch 2 [341/1875 (18.2%)] Loss: 0.0359 Acc: 1.0000
2025-11-24 16:01:17,377 - VGG_MNIST_logger - INFO - Epoch 2 [351/1875 (18.7%)] Loss: 0.0072 Acc: 1.0000
2025-11-24 16:01:18,004 - VGG_MNIST_logger - INFO - Epoch 2 [361/1875 (19.3%)] Loss: 0.1486 Acc: 0.9688
2025-11-24 16:01:18,625 - VGG_MNIST_logger - INFO - Epoch 2 [371/1875 (19.8%)] Loss: 0.2383 Acc: 0.9688
2025-11-24 16:01:19,246 - VGG_MNIST_logger - INFO - Epoch 2 [381/1875 (20.3%)] Loss: 0.0159 Acc: 1.0000
2025-11-24 16:01:19,867 - VGG_MNIST_logger - INFO - Epoch 2 [391/1875 (20.9%)] Loss: 0.2475 Acc: 0.9375
2025-11-24 16:01:20,468 - VGG_MNIST_logger - INFO - Epoch 2 [401/1875 (21.4%)] Loss: 0.0868 Acc: 1.0000
2025-11-24 16:01:21,076 - VGG_MNIST_logger - INFO - Epoch 2 [411/1875 (21.9%)] Loss: 0.0102 Acc: 1.0000
2025-11-24 16:01:21,681 - VGG_MNIST_logger - INFO - Epoch 2 [421/1875 (22.5%)] Loss: 0.1311 Acc: 1.0000
2025-11-24 16:01:22,296 - VGG_MNIST_logger - INFO - Epoch 2 [431/1875 (23.0%)] Loss: 0.0392 Acc: 0.9688
2025-11-24 16:01:22,907 - VGG_MNIST_logger - INFO - Epoch 2 [441/1875 (23.5%)] Loss: 0.0038 Acc: 1.0000
2025-11-24 16:01:23,526 - VGG_MNIST_logger - INFO - Epoch 2 [451/1875 (24.1%)] Loss: 0.1006 Acc: 0.9688
2025-11-24 16:01:24,141 - VGG_MNIST_logger - INFO - Epoch 2 [461/1875 (24.6%)] Loss: 0.0277 Acc: 0.9688
2025-11-24 16:01:24,743 - VGG_MNIST_logger - INFO - Epoch 2 [471/1875 (25.1%)] Loss: 0.0342 Acc: 1.0000
2025-11-24 16:01:25,357 - VGG_MNIST_logger - INFO - Epoch 2 [481/1875 (25.7%)] Loss: 0.0692 Acc: 0.9688
2025-11-24 16:01:25,965 - VGG_MNIST_logger - INFO - Epoch 2 [491/1875 (26.2%)] Loss: 0.0637 Acc: 1.0000
2025-11-24 16:01:26,577 - VGG_MNIST_logger - INFO - Epoch 2 [501/1875 (26.7%)] Loss: 0.0010 Acc: 1.0000
2025-11-24 16:01:27,183 - VGG_MNIST_logger - INFO - Epoch 2 [511/1875 (27.3%)] Loss: 0.0402 Acc: 1.0000
2025-11-24 16:01:27,802 - VGG_MNIST_logger - INFO - Epoch 2 [521/1875 (27.8%)] Loss: 0.0047 Acc: 1.0000
2025-11-24 16:01:28,420 - VGG_MNIST_logger - INFO - Epoch 2 [531/1875 (28.3%)] Loss: 0.1301 Acc: 0.9688
2025-11-24 16:01:29,022 - VGG_MNIST_logger - INFO - Epoch 2 [541/1875 (28.9%)] Loss: 0.0223 Acc: 1.0000
2025-11-24 16:01:29,651 - VGG_MNIST_logger - INFO - Epoch 2 [551/1875 (29.4%)] Loss: 0.0024 Acc: 1.0000
2025-11-24 16:01:30,280 - VGG_MNIST_logger - INFO - Epoch 2 [561/1875 (29.9%)] Loss: 0.0269 Acc: 1.0000
2025-11-24 16:01:30,897 - VGG_MNIST_logger - INFO - Epoch 2 [571/1875 (30.5%)] Loss: 0.0010 Acc: 1.0000
2025-11-24 16:01:31,498 - VGG_MNIST_logger - INFO - Epoch 2 [581/1875 (31.0%)] Loss: 0.0383 Acc: 1.0000
2025-11-24 16:01:32,099 - VGG_MNIST_logger - INFO - Epoch 2 [591/1875 (31.5%)] Loss: 0.3325 Acc: 1.0000
2025-11-24 16:01:32,705 - VGG_MNIST_logger - INFO - Epoch 2 [601/1875 (32.1%)] Loss: 0.0093 Acc: 1.0000
2025-11-24 16:01:33,318 - VGG_MNIST_logger - INFO - Epoch 2 [611/1875 (32.6%)] Loss: 0.4369 Acc: 0.9688
2025-11-24 16:01:33,939 - VGG_MNIST_logger - INFO - Epoch 2 [621/1875 (33.1%)] Loss: 0.0943 Acc: 1.0000
2025-11-24 16:01:34,554 - VGG_MNIST_logger - INFO - Epoch 2 [631/1875 (33.7%)] Loss: 0.1655 Acc: 1.0000
2025-11-24 16:01:35,221 - VGG_MNIST_logger - INFO - Epoch 2 [641/1875 (34.2%)] Loss: 0.0179 Acc: 1.0000
2025-11-24 16:01:35,839 - VGG_MNIST_logger - INFO - Epoch 2 [651/1875 (34.7%)] Loss: 0.0342 Acc: 0.9688
2025-11-24 16:01:36,445 - VGG_MNIST_logger - INFO - Epoch 2 [661/1875 (35.3%)] Loss: 0.0020 Acc: 1.0000
2025-11-24 16:01:37,078 - VGG_MNIST_logger - INFO - Epoch 2 [671/1875 (35.8%)] Loss: 0.0270 Acc: 1.0000
2025-11-24 16:01:37,702 - VGG_MNIST_logger - INFO - Epoch 2 [681/1875 (36.3%)] Loss: 0.0699 Acc: 1.0000
2025-11-24 16:01:38,308 - VGG_MNIST_logger - INFO - Epoch 2 [691/1875 (36.9%)] Loss: 0.3747 Acc: 0.9688
2025-11-24 16:01:38,912 - VGG_MNIST_logger - INFO - Epoch 2 [701/1875 (37.4%)] Loss: 0.0074 Acc: 1.0000
2025-11-24 16:01:39,535 - VGG_MNIST_logger - INFO - Epoch 2 [711/1875 (37.9%)] Loss: 0.0200 Acc: 1.0000
2025-11-24 16:01:40,155 - VGG_MNIST_logger - INFO - Epoch 2 [721/1875 (38.5%)] Loss: 0.0239 Acc: 1.0000
2025-11-24 16:01:40,774 - VGG_MNIST_logger - INFO - Epoch 2 [731/1875 (39.0%)] Loss: 0.0156 Acc: 1.0000
2025-11-24 16:01:41,397 - VGG_MNIST_logger - INFO - Epoch 2 [741/1875 (39.5%)] Loss: 0.0295 Acc: 1.0000
2025-11-24 16:01:42,008 - VGG_MNIST_logger - INFO - Epoch 2 [751/1875 (40.1%)] Loss: 0.0356 Acc: 1.0000
2025-11-24 16:01:42,647 - VGG_MNIST_logger - INFO - Epoch 2 [761/1875 (40.6%)] Loss: 0.0234 Acc: 1.0000
2025-11-24 16:01:43,286 - VGG_MNIST_logger - INFO - Epoch 2 [771/1875 (41.1%)] Loss: 0.0101 Acc: 1.0000
2025-11-24 16:01:43,896 - VGG_MNIST_logger - INFO - Epoch 2 [781/1875 (41.7%)] Loss: 0.2012 Acc: 1.0000
2025-11-24 16:01:44,504 - VGG_MNIST_logger - INFO - Epoch 2 [791/1875 (42.2%)] Loss: 0.1289 Acc: 0.9688
2025-11-24 16:01:45,117 - VGG_MNIST_logger - INFO - Epoch 2 [801/1875 (42.7%)] Loss: 0.0633 Acc: 1.0000
2025-11-24 16:01:45,727 - VGG_MNIST_logger - INFO - Epoch 2 [811/1875 (43.3%)] Loss: 0.0900 Acc: 1.0000
2025-11-24 16:01:46,334 - VGG_MNIST_logger - INFO - Epoch 2 [821/1875 (43.8%)] Loss: 0.0533 Acc: 1.0000
2025-11-24 16:01:46,936 - VGG_MNIST_logger - INFO - Epoch 2 [831/1875 (44.3%)] Loss: 0.0068 Acc: 1.0000
2025-11-24 16:01:47,541 - VGG_MNIST_logger - INFO - Epoch 2 [841/1875 (44.9%)] Loss: 0.0049 Acc: 1.0000
2025-11-24 16:01:48,140 - VGG_MNIST_logger - INFO - Epoch 2 [851/1875 (45.4%)] Loss: 0.0129 Acc: 1.0000
2025-11-24 16:01:48,746 - VGG_MNIST_logger - INFO - Epoch 2 [861/1875 (45.9%)] Loss: 0.1594 Acc: 1.0000
2025-11-24 16:01:49,351 - VGG_MNIST_logger - INFO - Epoch 2 [871/1875 (46.5%)] Loss: 0.0231 Acc: 1.0000
2025-11-24 16:01:49,968 - VGG_MNIST_logger - INFO - Epoch 2 [881/1875 (47.0%)] Loss: 0.0371 Acc: 1.0000
2025-11-24 16:01:50,585 - VGG_MNIST_logger - INFO - Epoch 2 [891/1875 (47.5%)] Loss: 0.0478 Acc: 1.0000
2025-11-24 16:01:51,189 - VGG_MNIST_logger - INFO - Epoch 2 [901/1875 (48.1%)] Loss: 0.0148 Acc: 1.0000
2025-11-24 16:01:51,802 - VGG_MNIST_logger - INFO - Epoch 2 [911/1875 (48.6%)] Loss: 0.0084 Acc: 1.0000
2025-11-24 16:01:52,547 - VGG_MNIST_logger - INFO - Epoch 2 [921/1875 (49.1%)] Loss: 0.0534 Acc: 1.0000
2025-11-24 16:01:53,174 - VGG_MNIST_logger - INFO - Epoch 2 [931/1875 (49.7%)] Loss: 0.0103 Acc: 1.0000
2025-11-24 16:01:53,983 - VGG_MNIST_logger - INFO - Epoch 2 [941/1875 (50.2%)] Loss: 0.0174 Acc: 1.0000
2025-11-24 16:01:54,590 - VGG_MNIST_logger - INFO - Epoch 2 [951/1875 (50.7%)] Loss: 0.1309 Acc: 0.9375
2025-11-24 16:01:55,204 - VGG_MNIST_logger - INFO - Epoch 2 [961/1875 (51.3%)] Loss: 0.0012 Acc: 1.0000
2025-11-24 16:01:55,821 - VGG_MNIST_logger - INFO - Epoch 2 [971/1875 (51.8%)] Loss: 0.0453 Acc: 1.0000
2025-11-24 16:01:56,447 - VGG_MNIST_logger - INFO - Epoch 2 [981/1875 (52.3%)] Loss: 0.3669 Acc: 0.9688
2025-11-24 16:01:57,096 - VGG_MNIST_logger - INFO - Epoch 2 [991/1875 (52.9%)] Loss: 0.0540 Acc: 1.0000
2025-11-24 16:01:57,732 - VGG_MNIST_logger - INFO - Epoch 2 [1001/1875 (53.4%)] Loss: 0.1085 Acc: 1.0000
2025-11-24 16:01:58,502 - VGG_MNIST_logger - INFO - Epoch 2 [1011/1875 (53.9%)] Loss: 0.0916 Acc: 0.9375
2025-11-24 16:01:59,227 - VGG_MNIST_logger - INFO - Epoch 2 [1021/1875 (54.5%)] Loss: 0.1178 Acc: 0.9688
2025-11-24 16:01:59,873 - VGG_MNIST_logger - INFO - Epoch 2 [1031/1875 (55.0%)] Loss: 0.1186 Acc: 0.9688
2025-11-24 16:02:00,646 - VGG_MNIST_logger - INFO - Epoch 2 [1041/1875 (55.5%)] Loss: 0.0174 Acc: 1.0000
2025-11-24 16:02:01,327 - VGG_MNIST_logger - INFO - Epoch 2 [1051/1875 (56.1%)] Loss: 0.1379 Acc: 0.9688
2025-11-24 16:02:02,096 - VGG_MNIST_logger - INFO - Epoch 2 [1061/1875 (56.6%)] Loss: 0.0182 Acc: 1.0000
2025-11-24 16:02:02,797 - VGG_MNIST_logger - INFO - Epoch 2 [1071/1875 (57.1%)] Loss: 0.0076 Acc: 1.0000
2025-11-24 16:02:03,762 - VGG_MNIST_logger - INFO - Epoch 2 [1081/1875 (57.7%)] Loss: 0.0102 Acc: 1.0000
2025-11-24 16:02:04,429 - VGG_MNIST_logger - INFO - Epoch 2 [1091/1875 (58.2%)] Loss: 0.0117 Acc: 1.0000
2025-11-24 16:02:05,074 - VGG_MNIST_logger - INFO - Epoch 2 [1101/1875 (58.7%)] Loss: 0.2160 Acc: 1.0000
2025-11-24 16:02:05,884 - VGG_MNIST_logger - INFO - Epoch 2 [1111/1875 (59.3%)] Loss: 0.0147 Acc: 1.0000
2025-11-24 16:02:06,528 - VGG_MNIST_logger - INFO - Epoch 2 [1121/1875 (59.8%)] Loss: 0.0209 Acc: 1.0000
2025-11-24 16:02:07,186 - VGG_MNIST_logger - INFO - Epoch 2 [1131/1875 (60.3%)] Loss: 0.0587 Acc: 1.0000
2025-11-24 16:02:07,849 - VGG_MNIST_logger - INFO - Epoch 2 [1141/1875 (60.9%)] Loss: 0.0373 Acc: 1.0000
2025-11-24 16:02:08,551 - VGG_MNIST_logger - INFO - Epoch 2 [1151/1875 (61.4%)] Loss: 0.1575 Acc: 1.0000
2025-11-24 16:02:09,169 - VGG_MNIST_logger - INFO - Epoch 2 [1161/1875 (61.9%)] Loss: 0.0064 Acc: 1.0000
2025-11-24 16:02:09,781 - VGG_MNIST_logger - INFO - Epoch 2 [1171/1875 (62.5%)] Loss: 0.0487 Acc: 1.0000
2025-11-24 16:02:10,406 - VGG_MNIST_logger - INFO - Epoch 2 [1181/1875 (63.0%)] Loss: 0.2852 Acc: 0.9688
2025-11-24 16:02:11,025 - VGG_MNIST_logger - INFO - Epoch 2 [1191/1875 (63.5%)] Loss: 0.0416 Acc: 1.0000
2025-11-24 16:02:11,644 - VGG_MNIST_logger - INFO - Epoch 2 [1201/1875 (64.1%)] Loss: 0.1633 Acc: 0.9688
2025-11-24 16:02:12,268 - VGG_MNIST_logger - INFO - Epoch 2 [1211/1875 (64.6%)] Loss: 0.0061 Acc: 1.0000
2025-11-24 16:02:12,885 - VGG_MNIST_logger - INFO - Epoch 2 [1221/1875 (65.1%)] Loss: 0.0074 Acc: 1.0000
2025-11-24 16:02:13,517 - VGG_MNIST_logger - INFO - Epoch 2 [1231/1875 (65.7%)] Loss: 0.3132 Acc: 1.0000
2025-11-24 16:02:14,141 - VGG_MNIST_logger - INFO - Epoch 2 [1241/1875 (66.2%)] Loss: 0.0422 Acc: 1.0000
2025-11-24 16:02:14,743 - VGG_MNIST_logger - INFO - Epoch 2 [1251/1875 (66.7%)] Loss: 0.0874 Acc: 1.0000
2025-11-24 16:02:15,370 - VGG_MNIST_logger - INFO - Epoch 2 [1261/1875 (67.3%)] Loss: 0.0594 Acc: 1.0000
2025-11-24 16:02:16,028 - VGG_MNIST_logger - INFO - Epoch 2 [1271/1875 (67.8%)] Loss: 0.0162 Acc: 1.0000
2025-11-24 16:02:16,655 - VGG_MNIST_logger - INFO - Epoch 2 [1281/1875 (68.3%)] Loss: 0.0497 Acc: 1.0000
2025-11-24 16:02:17,276 - VGG_MNIST_logger - INFO - Epoch 2 [1291/1875 (68.9%)] Loss: 0.0021 Acc: 1.0000
2025-11-24 16:02:17,899 - VGG_MNIST_logger - INFO - Epoch 2 [1301/1875 (69.4%)] Loss: 0.0006 Acc: 1.0000
2025-11-24 16:02:18,539 - VGG_MNIST_logger - INFO - Epoch 2 [1311/1875 (69.9%)] Loss: 0.0081 Acc: 1.0000
2025-11-24 16:02:19,167 - VGG_MNIST_logger - INFO - Epoch 2 [1321/1875 (70.5%)] Loss: 0.2681 Acc: 0.9688
2025-11-24 16:02:19,793 - VGG_MNIST_logger - INFO - Epoch 2 [1331/1875 (71.0%)] Loss: 0.0012 Acc: 1.0000
2025-11-24 16:02:20,416 - VGG_MNIST_logger - INFO - Epoch 2 [1341/1875 (71.5%)] Loss: 0.0760 Acc: 0.9688
2025-11-24 16:02:21,033 - VGG_MNIST_logger - INFO - Epoch 2 [1351/1875 (72.1%)] Loss: 0.0107 Acc: 1.0000
2025-11-24 16:02:21,658 - VGG_MNIST_logger - INFO - Epoch 2 [1361/1875 (72.6%)] Loss: 0.0005 Acc: 1.0000
2025-11-24 16:02:22,270 - VGG_MNIST_logger - INFO - Epoch 2 [1371/1875 (73.1%)] Loss: 0.0881 Acc: 0.9688
2025-11-24 16:02:22,895 - VGG_MNIST_logger - INFO - Epoch 2 [1381/1875 (73.7%)] Loss: 0.0157 Acc: 1.0000
2025-11-24 16:02:23,520 - VGG_MNIST_logger - INFO - Epoch 2 [1391/1875 (74.2%)] Loss: 0.0061 Acc: 1.0000
2025-11-24 16:02:24,135 - VGG_MNIST_logger - INFO - Epoch 2 [1401/1875 (74.7%)] Loss: 0.0316 Acc: 1.0000
2025-11-24 16:02:24,735 - VGG_MNIST_logger - INFO - Epoch 2 [1411/1875 (75.3%)] Loss: 0.0070 Acc: 1.0000
2025-11-24 16:02:25,338 - VGG_MNIST_logger - INFO - Epoch 2 [1421/1875 (75.8%)] Loss: 0.0162 Acc: 1.0000
2025-11-24 16:02:25,944 - VGG_MNIST_logger - INFO - Epoch 2 [1431/1875 (76.3%)] Loss: 0.0930 Acc: 0.9688
2025-11-24 16:02:26,562 - VGG_MNIST_logger - INFO - Epoch 2 [1441/1875 (76.9%)] Loss: 0.3500 Acc: 0.9688
2025-11-24 16:02:27,183 - VGG_MNIST_logger - INFO - Epoch 2 [1451/1875 (77.4%)] Loss: 0.0463 Acc: 1.0000
2025-11-24 16:02:27,799 - VGG_MNIST_logger - INFO - Epoch 2 [1461/1875 (77.9%)] Loss: 0.0241 Acc: 1.0000
2025-11-24 16:02:28,424 - VGG_MNIST_logger - INFO - Epoch 2 [1471/1875 (78.5%)] Loss: 0.0120 Acc: 1.0000
2025-11-24 16:02:29,034 - VGG_MNIST_logger - INFO - Epoch 2 [1481/1875 (79.0%)] Loss: 0.3232 Acc: 0.9688
2025-11-24 16:02:29,638 - VGG_MNIST_logger - INFO - Epoch 2 [1491/1875 (79.5%)] Loss: 0.0056 Acc: 1.0000
2025-11-24 16:02:30,252 - VGG_MNIST_logger - INFO - Epoch 2 [1501/1875 (80.1%)] Loss: 0.0082 Acc: 1.0000
2025-11-24 16:02:30,863 - VGG_MNIST_logger - INFO - Epoch 2 [1511/1875 (80.6%)] Loss: 0.0037 Acc: 1.0000
2025-11-24 16:02:31,506 - VGG_MNIST_logger - INFO - Epoch 2 [1521/1875 (81.1%)] Loss: 0.0168 Acc: 1.0000
2025-11-24 16:02:32,131 - VGG_MNIST_logger - INFO - Epoch 2 [1531/1875 (81.7%)] Loss: 0.0089 Acc: 1.0000
2025-11-24 16:02:32,749 - VGG_MNIST_logger - INFO - Epoch 2 [1541/1875 (82.2%)] Loss: 0.0056 Acc: 1.0000
2025-11-24 16:02:33,365 - VGG_MNIST_logger - INFO - Epoch 2 [1551/1875 (82.7%)] Loss: 0.0248 Acc: 1.0000
2025-11-24 16:02:33,980 - VGG_MNIST_logger - INFO - Epoch 2 [1561/1875 (83.3%)] Loss: 0.1272 Acc: 0.9688
2025-11-24 16:02:34,593 - VGG_MNIST_logger - INFO - Epoch 2 [1571/1875 (83.8%)] Loss: 0.0606 Acc: 1.0000
2025-11-24 16:02:35,204 - VGG_MNIST_logger - INFO - Epoch 2 [1581/1875 (84.3%)] Loss: 0.2314 Acc: 0.9688
2025-11-24 16:02:35,821 - VGG_MNIST_logger - INFO - Epoch 2 [1591/1875 (84.9%)] Loss: 0.0608 Acc: 0.9688
2025-11-24 16:02:36,436 - VGG_MNIST_logger - INFO - Epoch 2 [1601/1875 (85.4%)] Loss: 0.0420 Acc: 1.0000
2025-11-24 16:02:37,056 - VGG_MNIST_logger - INFO - Epoch 2 [1611/1875 (85.9%)] Loss: 0.0052 Acc: 1.0000
2025-11-24 16:02:37,672 - VGG_MNIST_logger - INFO - Epoch 2 [1621/1875 (86.5%)] Loss: 0.0078 Acc: 1.0000
2025-11-24 16:02:38,280 - VGG_MNIST_logger - INFO - Epoch 2 [1631/1875 (87.0%)] Loss: 0.0231 Acc: 1.0000
2025-11-24 16:02:38,896 - VGG_MNIST_logger - INFO - Epoch 2 [1641/1875 (87.5%)] Loss: 0.0028 Acc: 1.0000
2025-11-24 16:02:39,509 - VGG_MNIST_logger - INFO - Epoch 2 [1651/1875 (88.1%)] Loss: 0.1315 Acc: 0.9688
2025-11-24 16:02:40,112 - VGG_MNIST_logger - INFO - Epoch 2 [1661/1875 (88.6%)] Loss: 0.0035 Acc: 0.9688
2025-11-24 16:02:40,726 - VGG_MNIST_logger - INFO - Epoch 2 [1671/1875 (89.1%)] Loss: 0.0745 Acc: 1.0000
2025-11-24 16:02:41,348 - VGG_MNIST_logger - INFO - Epoch 2 [1681/1875 (89.7%)] Loss: 0.2592 Acc: 1.0000
2025-11-24 16:02:41,945 - VGG_MNIST_logger - INFO - Epoch 2 [1691/1875 (90.2%)] Loss: 0.0345 Acc: 1.0000
2025-11-24 16:02:42,557 - VGG_MNIST_logger - INFO - Epoch 2 [1701/1875 (90.7%)] Loss: 0.2810 Acc: 0.9688
2025-11-24 16:02:43,158 - VGG_MNIST_logger - INFO - Epoch 2 [1711/1875 (91.3%)] Loss: 0.0381 Acc: 1.0000
2025-11-24 16:02:43,762 - VGG_MNIST_logger - INFO - Epoch 2 [1721/1875 (91.8%)] Loss: 0.0780 Acc: 1.0000
2025-11-24 16:02:44,381 - VGG_MNIST_logger - INFO - Epoch 2 [1731/1875 (92.3%)] Loss: 0.1459 Acc: 1.0000
2025-11-24 16:02:44,990 - VGG_MNIST_logger - INFO - Epoch 2 [1741/1875 (92.9%)] Loss: 0.0002 Acc: 1.0000
2025-11-24 16:02:45,603 - VGG_MNIST_logger - INFO - Epoch 2 [1751/1875 (93.4%)] Loss: 0.0505 Acc: 1.0000
2025-11-24 16:02:46,213 - VGG_MNIST_logger - INFO - Epoch 2 [1761/1875 (93.9%)] Loss: 0.0836 Acc: 0.9688
2025-11-24 16:02:46,822 - VGG_MNIST_logger - INFO - Epoch 2 [1771/1875 (94.5%)] Loss: 0.0008 Acc: 1.0000
2025-11-24 16:02:47,420 - VGG_MNIST_logger - INFO - Epoch 2 [1781/1875 (95.0%)] Loss: 0.0057 Acc: 1.0000
2025-11-24 16:02:48,037 - VGG_MNIST_logger - INFO - Epoch 2 [1791/1875 (95.5%)] Loss: 0.0825 Acc: 0.9688
2025-11-24 16:02:48,649 - VGG_MNIST_logger - INFO - Epoch 2 [1801/1875 (96.1%)] Loss: 0.0036 Acc: 1.0000
2025-11-24 16:02:49,263 - VGG_MNIST_logger - INFO - Epoch 2 [1811/1875 (96.6%)] Loss: 0.0555 Acc: 1.0000
2025-11-24 16:02:49,872 - VGG_MNIST_logger - INFO - Epoch 2 [1821/1875 (97.1%)] Loss: 0.0027 Acc: 1.0000
2025-11-24 16:02:50,474 - VGG_MNIST_logger - INFO - Epoch 2 [1831/1875 (97.7%)] Loss: 0.0089 Acc: 1.0000
2025-11-24 16:02:51,076 - VGG_MNIST_logger - INFO - Epoch 2 [1841/1875 (98.2%)] Loss: 0.5621 Acc: 0.9688
2025-11-24 16:02:51,687 - VGG_MNIST_logger - INFO - Epoch 2 [1851/1875 (98.7%)] Loss: 0.3093 Acc: 0.9062
2025-11-24 16:02:52,296 - VGG_MNIST_logger - INFO - Epoch 2 [1861/1875 (99.3%)] Loss: 0.0686 Acc: 1.0000
2025-11-24 16:02:52,907 - VGG_MNIST_logger - INFO - Epoch 2 [1871/1875 (99.8%)] Loss: 0.0101 Acc: 1.0000
2025-11-24 16:03:28,990 - VGG_MNIST_logger - INFO - Epoch   2 | Train Loss: 0.0722 | Train Acc: 0.9877 | Val Loss: 0.0486 | Val Acc: 0.0486
2025-11-24 16:03:29,068 - VGG_MNIST_logger - INFO - Epoch 3 [1/1875 (0.1%)] Loss: 0.0331 Acc: 1.0000
2025-11-24 16:03:29,675 - VGG_MNIST_logger - INFO - Epoch 3 [11/1875 (0.6%)] Loss: 0.1031 Acc: 0.9688
2025-11-24 16:03:30,292 - VGG_MNIST_logger - INFO - Epoch 3 [21/1875 (1.1%)] Loss: 0.0126 Acc: 1.0000
2025-11-24 16:03:30,902 - VGG_MNIST_logger - INFO - Epoch 3 [31/1875 (1.7%)] Loss: 0.0061 Acc: 1.0000
2025-11-24 16:03:31,505 - VGG_MNIST_logger - INFO - Epoch 3 [41/1875 (2.2%)] Loss: 0.1137 Acc: 0.9688
2025-11-24 16:03:32,111 - VGG_MNIST_logger - INFO - Epoch 3 [51/1875 (2.7%)] Loss: 0.0089 Acc: 1.0000
2025-11-24 16:03:32,723 - VGG_MNIST_logger - INFO - Epoch 3 [61/1875 (3.3%)] Loss: 0.0212 Acc: 1.0000
2025-11-24 16:03:33,328 - VGG_MNIST_logger - INFO - Epoch 3 [71/1875 (3.8%)] Loss: 0.0013 Acc: 1.0000
2025-11-24 16:03:33,950 - VGG_MNIST_logger - INFO - Epoch 3 [81/1875 (4.3%)] Loss: 0.0034 Acc: 0.9688
2025-11-24 16:03:34,556 - VGG_MNIST_logger - INFO - Epoch 3 [91/1875 (4.9%)] Loss: 0.2192 Acc: 1.0000
2025-11-24 16:03:35,190 - VGG_MNIST_logger - INFO - Epoch 3 [101/1875 (5.4%)] Loss: 0.0338 Acc: 1.0000
2025-11-24 16:03:35,821 - VGG_MNIST_logger - INFO - Epoch 3 [111/1875 (5.9%)] Loss: 0.0918 Acc: 1.0000
2025-11-24 16:03:36,460 - VGG_MNIST_logger - INFO - Epoch 3 [121/1875 (6.5%)] Loss: 0.0063 Acc: 1.0000
2025-11-24 16:03:37,102 - VGG_MNIST_logger - INFO - Epoch 3 [131/1875 (7.0%)] Loss: 0.0013 Acc: 1.0000
2025-11-24 16:03:37,738 - VGG_MNIST_logger - INFO - Epoch 3 [141/1875 (7.5%)] Loss: 0.0617 Acc: 0.9688
2025-11-24 16:03:38,358 - VGG_MNIST_logger - INFO - Epoch 3 [151/1875 (8.1%)] Loss: 0.0472 Acc: 1.0000
2025-11-24 16:03:38,961 - VGG_MNIST_logger - INFO - Epoch 3 [161/1875 (8.6%)] Loss: 0.0496 Acc: 1.0000
2025-11-24 16:03:39,568 - VGG_MNIST_logger - INFO - Epoch 3 [171/1875 (9.1%)] Loss: 0.0022 Acc: 1.0000
2025-11-24 16:03:40,176 - VGG_MNIST_logger - INFO - Epoch 3 [181/1875 (9.7%)] Loss: 0.0462 Acc: 1.0000
2025-11-24 16:03:40,781 - VGG_MNIST_logger - INFO - Epoch 3 [191/1875 (10.2%)] Loss: 0.0698 Acc: 1.0000
2025-11-24 16:03:41,399 - VGG_MNIST_logger - INFO - Epoch 3 [201/1875 (10.7%)] Loss: 0.2048 Acc: 0.9688
2025-11-24 16:03:42,005 - VGG_MNIST_logger - INFO - Epoch 3 [211/1875 (11.3%)] Loss: 0.1238 Acc: 0.9688
2025-11-24 16:03:42,638 - VGG_MNIST_logger - INFO - Epoch 3 [221/1875 (11.8%)] Loss: 0.1134 Acc: 1.0000
2025-11-24 16:03:43,260 - VGG_MNIST_logger - INFO - Epoch 3 [231/1875 (12.3%)] Loss: 0.1011 Acc: 0.9688
2025-11-24 16:03:43,879 - VGG_MNIST_logger - INFO - Epoch 3 [241/1875 (12.9%)] Loss: 0.0995 Acc: 1.0000
2025-11-24 16:03:44,500 - VGG_MNIST_logger - INFO - Epoch 3 [251/1875 (13.4%)] Loss: 0.0035 Acc: 1.0000
2025-11-24 16:03:45,118 - VGG_MNIST_logger - INFO - Epoch 3 [261/1875 (13.9%)] Loss: 0.1260 Acc: 0.9688
2025-11-24 16:03:45,744 - VGG_MNIST_logger - INFO - Epoch 3 [271/1875 (14.5%)] Loss: 0.0257 Acc: 1.0000
2025-11-24 16:03:46,365 - VGG_MNIST_logger - INFO - Epoch 3 [281/1875 (15.0%)] Loss: 0.0193 Acc: 1.0000
2025-11-24 16:03:46,978 - VGG_MNIST_logger - INFO - Epoch 3 [291/1875 (15.5%)] Loss: 0.0441 Acc: 1.0000
2025-11-24 16:03:47,595 - VGG_MNIST_logger - INFO - Epoch 3 [301/1875 (16.1%)] Loss: 0.0059 Acc: 1.0000
2025-11-24 16:03:48,213 - VGG_MNIST_logger - INFO - Epoch 3 [311/1875 (16.6%)] Loss: 0.0140 Acc: 1.0000
2025-11-24 16:03:48,819 - VGG_MNIST_logger - INFO - Epoch 3 [321/1875 (17.1%)] Loss: 0.1892 Acc: 0.9688
2025-11-24 16:03:49,432 - VGG_MNIST_logger - INFO - Epoch 3 [331/1875 (17.7%)] Loss: 0.0876 Acc: 0.9688
2025-11-24 16:03:50,061 - VGG_MNIST_logger - INFO - Epoch 3 [341/1875 (18.2%)] Loss: 0.2189 Acc: 0.9688
2025-11-24 16:03:50,673 - VGG_MNIST_logger - INFO - Epoch 3 [351/1875 (18.7%)] Loss: 0.0225 Acc: 1.0000
2025-11-24 16:03:51,281 - VGG_MNIST_logger - INFO - Epoch 3 [361/1875 (19.3%)] Loss: 0.0228 Acc: 1.0000
2025-11-24 16:03:51,909 - VGG_MNIST_logger - INFO - Epoch 3 [371/1875 (19.8%)] Loss: 0.0349 Acc: 1.0000
2025-11-24 16:03:52,541 - VGG_MNIST_logger - INFO - Epoch 3 [381/1875 (20.3%)] Loss: 0.0881 Acc: 1.0000
2025-11-24 16:03:53,176 - VGG_MNIST_logger - INFO - Epoch 3 [391/1875 (20.9%)] Loss: 0.0822 Acc: 1.0000
2025-11-24 16:03:53,824 - VGG_MNIST_logger - INFO - Epoch 3 [401/1875 (21.4%)] Loss: 0.0005 Acc: 1.0000
2025-11-24 16:03:54,454 - VGG_MNIST_logger - INFO - Epoch 3 [411/1875 (21.9%)] Loss: 0.0096 Acc: 1.0000
2025-11-24 16:03:55,074 - VGG_MNIST_logger - INFO - Epoch 3 [421/1875 (22.5%)] Loss: 0.0005 Acc: 1.0000
2025-11-24 16:03:55,687 - VGG_MNIST_logger - INFO - Epoch 3 [431/1875 (23.0%)] Loss: 0.0036 Acc: 1.0000
2025-11-24 16:03:56,297 - VGG_MNIST_logger - INFO - Epoch 3 [441/1875 (23.5%)] Loss: 0.0130 Acc: 0.9688
2025-11-24 16:03:56,928 - VGG_MNIST_logger - INFO - Epoch 3 [451/1875 (24.1%)] Loss: 0.0972 Acc: 1.0000
2025-11-24 16:03:57,545 - VGG_MNIST_logger - INFO - Epoch 3 [461/1875 (24.6%)] Loss: 0.0041 Acc: 1.0000
2025-11-24 16:03:58,151 - VGG_MNIST_logger - INFO - Epoch 3 [471/1875 (25.1%)] Loss: 0.1171 Acc: 0.9688
2025-11-24 16:03:58,775 - VGG_MNIST_logger - INFO - Epoch 3 [481/1875 (25.7%)] Loss: 0.2113 Acc: 1.0000
2025-11-24 16:03:59,389 - VGG_MNIST_logger - INFO - Epoch 3 [491/1875 (26.2%)] Loss: 0.1044 Acc: 0.9688
2025-11-24 16:04:00,004 - VGG_MNIST_logger - INFO - Epoch 3 [501/1875 (26.7%)] Loss: 0.1001 Acc: 1.0000
2025-11-24 16:04:00,617 - VGG_MNIST_logger - INFO - Epoch 3 [511/1875 (27.3%)] Loss: 0.0515 Acc: 1.0000
2025-11-24 16:04:01,233 - VGG_MNIST_logger - INFO - Epoch 3 [521/1875 (27.8%)] Loss: 0.0022 Acc: 1.0000
2025-11-24 16:04:01,841 - VGG_MNIST_logger - INFO - Epoch 3 [531/1875 (28.3%)] Loss: 0.0307 Acc: 1.0000
2025-11-24 16:04:02,467 - VGG_MNIST_logger - INFO - Epoch 3 [541/1875 (28.9%)] Loss: 0.0098 Acc: 1.0000
2025-11-24 16:04:03,097 - VGG_MNIST_logger - INFO - Epoch 3 [551/1875 (29.4%)] Loss: 0.0066 Acc: 1.0000
2025-11-24 16:04:03,732 - VGG_MNIST_logger - INFO - Epoch 3 [561/1875 (29.9%)] Loss: 0.0224 Acc: 1.0000
2025-11-24 16:04:04,379 - VGG_MNIST_logger - INFO - Epoch 3 [571/1875 (30.5%)] Loss: 0.0021 Acc: 1.0000
2025-11-24 16:04:04,994 - VGG_MNIST_logger - INFO - Epoch 3 [581/1875 (31.0%)] Loss: 0.0300 Acc: 1.0000
2025-11-24 16:04:05,625 - VGG_MNIST_logger - INFO - Epoch 3 [591/1875 (31.5%)] Loss: 0.0075 Acc: 1.0000
2025-11-24 16:04:06,250 - VGG_MNIST_logger - INFO - Epoch 3 [601/1875 (32.1%)] Loss: 0.0176 Acc: 1.0000
2025-11-24 16:04:06,888 - VGG_MNIST_logger - INFO - Epoch 3 [611/1875 (32.6%)] Loss: 0.0007 Acc: 1.0000
2025-11-24 16:04:07,526 - VGG_MNIST_logger - INFO - Epoch 3 [621/1875 (33.1%)] Loss: 0.0130 Acc: 1.0000
2025-11-24 16:04:08,153 - VGG_MNIST_logger - INFO - Epoch 3 [631/1875 (33.7%)] Loss: 0.0460 Acc: 1.0000
2025-11-24 16:04:08,784 - VGG_MNIST_logger - INFO - Epoch 3 [641/1875 (34.2%)] Loss: 0.0005 Acc: 1.0000
2025-11-24 16:04:09,392 - VGG_MNIST_logger - INFO - Epoch 3 [651/1875 (34.7%)] Loss: 0.0166 Acc: 1.0000
2025-11-24 16:04:10,007 - VGG_MNIST_logger - INFO - Epoch 3 [661/1875 (35.3%)] Loss: 0.0009 Acc: 1.0000
2025-11-24 16:04:10,612 - VGG_MNIST_logger - INFO - Epoch 3 [671/1875 (35.8%)] Loss: 0.0508 Acc: 1.0000
2025-11-24 16:04:11,226 - VGG_MNIST_logger - INFO - Epoch 3 [681/1875 (36.3%)] Loss: 0.1695 Acc: 0.9688
2025-11-24 16:04:11,838 - VGG_MNIST_logger - INFO - Epoch 3 [691/1875 (36.9%)] Loss: 0.0648 Acc: 0.9688
2025-11-24 16:04:12,448 - VGG_MNIST_logger - INFO - Epoch 3 [701/1875 (37.4%)] Loss: 0.0066 Acc: 1.0000
2025-11-24 16:04:13,078 - VGG_MNIST_logger - INFO - Epoch 3 [711/1875 (37.9%)] Loss: 0.0314 Acc: 1.0000
2025-11-24 16:04:13,708 - VGG_MNIST_logger - INFO - Epoch 3 [721/1875 (38.5%)] Loss: 0.0490 Acc: 1.0000
2025-11-24 16:04:14,322 - VGG_MNIST_logger - INFO - Epoch 3 [731/1875 (39.0%)] Loss: 0.4143 Acc: 1.0000
2025-11-24 16:04:14,950 - VGG_MNIST_logger - INFO - Epoch 3 [741/1875 (39.5%)] Loss: 0.0752 Acc: 0.9688
2025-11-24 16:04:15,562 - VGG_MNIST_logger - INFO - Epoch 3 [751/1875 (40.1%)] Loss: 0.0069 Acc: 1.0000
2025-11-24 16:04:16,177 - VGG_MNIST_logger - INFO - Epoch 3 [761/1875 (40.6%)] Loss: 0.3175 Acc: 0.9688
2025-11-24 16:04:16,790 - VGG_MNIST_logger - INFO - Epoch 3 [771/1875 (41.1%)] Loss: 0.0060 Acc: 1.0000
2025-11-24 16:04:17,401 - VGG_MNIST_logger - INFO - Epoch 3 [781/1875 (41.7%)] Loss: 0.0266 Acc: 1.0000
2025-11-24 16:04:18,025 - VGG_MNIST_logger - INFO - Epoch 3 [791/1875 (42.2%)] Loss: 0.0120 Acc: 1.0000
2025-11-24 16:04:18,652 - VGG_MNIST_logger - INFO - Epoch 3 [801/1875 (42.7%)] Loss: 0.0014 Acc: 1.0000
2025-11-24 16:04:19,286 - VGG_MNIST_logger - INFO - Epoch 3 [811/1875 (43.3%)] Loss: 0.0027 Acc: 1.0000
2025-11-24 16:04:19,915 - VGG_MNIST_logger - INFO - Epoch 3 [821/1875 (43.8%)] Loss: 0.0059 Acc: 1.0000
2025-11-24 16:04:20,538 - VGG_MNIST_logger - INFO - Epoch 3 [831/1875 (44.3%)] Loss: 0.0098 Acc: 1.0000
2025-11-24 16:04:21,174 - VGG_MNIST_logger - INFO - Epoch 3 [841/1875 (44.9%)] Loss: 0.1190 Acc: 0.9688
2025-11-24 16:04:21,791 - VGG_MNIST_logger - INFO - Epoch 3 [851/1875 (45.4%)] Loss: 0.0312 Acc: 1.0000
2025-11-24 16:04:22,414 - VGG_MNIST_logger - INFO - Epoch 3 [861/1875 (45.9%)] Loss: 0.0022 Acc: 1.0000
2025-11-24 16:04:23,019 - VGG_MNIST_logger - INFO - Epoch 3 [871/1875 (46.5%)] Loss: 0.0886 Acc: 0.9688
2025-11-24 16:04:23,629 - VGG_MNIST_logger - INFO - Epoch 3 [881/1875 (47.0%)] Loss: 0.0010 Acc: 1.0000
2025-11-24 16:04:24,245 - VGG_MNIST_logger - INFO - Epoch 3 [891/1875 (47.5%)] Loss: 0.0018 Acc: 1.0000
2025-11-24 16:04:24,852 - VGG_MNIST_logger - INFO - Epoch 3 [901/1875 (48.1%)] Loss: 0.0294 Acc: 1.0000
2025-11-24 16:04:25,482 - VGG_MNIST_logger - INFO - Epoch 3 [911/1875 (48.6%)] Loss: 0.0203 Acc: 1.0000
2025-11-24 16:04:26,091 - VGG_MNIST_logger - INFO - Epoch 3 [921/1875 (49.1%)] Loss: 0.1500 Acc: 1.0000
2025-11-24 16:04:26,712 - VGG_MNIST_logger - INFO - Epoch 3 [931/1875 (49.7%)] Loss: 0.0003 Acc: 1.0000
2025-11-24 16:04:27,315 - VGG_MNIST_logger - INFO - Epoch 3 [941/1875 (50.2%)] Loss: 0.0056 Acc: 1.0000
2025-11-24 16:04:27,954 - VGG_MNIST_logger - INFO - Epoch 3 [951/1875 (50.7%)] Loss: 0.0032 Acc: 1.0000
2025-11-24 16:04:28,583 - VGG_MNIST_logger - INFO - Epoch 3 [961/1875 (51.3%)] Loss: 0.0558 Acc: 1.0000
2025-11-24 16:04:29,190 - VGG_MNIST_logger - INFO - Epoch 3 [971/1875 (51.8%)] Loss: 0.1150 Acc: 0.9688
2025-11-24 16:04:29,801 - VGG_MNIST_logger - INFO - Epoch 3 [981/1875 (52.3%)] Loss: 0.0038 Acc: 1.0000
2025-11-24 16:04:30,421 - VGG_MNIST_logger - INFO - Epoch 3 [991/1875 (52.9%)] Loss: 0.0034 Acc: 1.0000
2025-11-24 16:04:31,192 - VGG_MNIST_logger - INFO - Epoch 3 [1001/1875 (53.4%)] Loss: 0.0010 Acc: 1.0000
2025-11-24 16:04:31,843 - VGG_MNIST_logger - INFO - Epoch 3 [1011/1875 (53.9%)] Loss: 0.0226 Acc: 1.0000
2025-11-24 16:04:32,470 - VGG_MNIST_logger - INFO - Epoch 3 [1021/1875 (54.5%)] Loss: 0.0068 Acc: 1.0000
2025-11-24 16:04:33,185 - VGG_MNIST_logger - INFO - Epoch 3 [1031/1875 (55.0%)] Loss: 0.0135 Acc: 1.0000
2025-11-24 16:04:33,857 - VGG_MNIST_logger - INFO - Epoch 3 [1041/1875 (55.5%)] Loss: 0.1216 Acc: 0.9375
2025-11-24 16:04:34,488 - VGG_MNIST_logger - INFO - Epoch 3 [1051/1875 (56.1%)] Loss: 0.0478 Acc: 1.0000
2025-11-24 16:04:35,122 - VGG_MNIST_logger - INFO - Epoch 3 [1061/1875 (56.6%)] Loss: 0.0431 Acc: 1.0000
2025-11-24 16:04:35,798 - VGG_MNIST_logger - INFO - Epoch 3 [1071/1875 (57.1%)] Loss: 0.2170 Acc: 0.9688
2025-11-24 16:04:36,446 - VGG_MNIST_logger - INFO - Epoch 3 [1081/1875 (57.7%)] Loss: 0.0051 Acc: 1.0000
2025-11-24 16:04:37,074 - VGG_MNIST_logger - INFO - Epoch 3 [1091/1875 (58.2%)] Loss: 0.0130 Acc: 1.0000
2025-11-24 16:04:37,682 - VGG_MNIST_logger - INFO - Epoch 3 [1101/1875 (58.7%)] Loss: 0.0068 Acc: 1.0000
2025-11-24 16:04:38,307 - VGG_MNIST_logger - INFO - Epoch 3 [1111/1875 (59.3%)] Loss: 0.0001 Acc: 1.0000
2025-11-24 16:04:38,915 - VGG_MNIST_logger - INFO - Epoch 3 [1121/1875 (59.8%)] Loss: 0.0815 Acc: 0.9688
2025-11-24 16:04:39,541 - VGG_MNIST_logger - INFO - Epoch 3 [1131/1875 (60.3%)] Loss: 0.1719 Acc: 1.0000
2025-11-24 16:04:40,158 - VGG_MNIST_logger - INFO - Epoch 3 [1141/1875 (60.9%)] Loss: 0.0002 Acc: 1.0000
2025-11-24 16:04:40,765 - VGG_MNIST_logger - INFO - Epoch 3 [1151/1875 (61.4%)] Loss: 0.0446 Acc: 1.0000
2025-11-24 16:04:41,379 - VGG_MNIST_logger - INFO - Epoch 3 [1161/1875 (61.9%)] Loss: 0.0024 Acc: 1.0000
2025-11-24 16:04:41,990 - VGG_MNIST_logger - INFO - Epoch 3 [1171/1875 (62.5%)] Loss: 0.0514 Acc: 1.0000
2025-11-24 16:04:42,620 - VGG_MNIST_logger - INFO - Epoch 3 [1181/1875 (63.0%)] Loss: 0.0693 Acc: 0.9375
2025-11-24 16:04:43,235 - VGG_MNIST_logger - INFO - Epoch 3 [1191/1875 (63.5%)] Loss: 0.0009 Acc: 1.0000
2025-11-24 16:04:43,866 - VGG_MNIST_logger - INFO - Epoch 3 [1201/1875 (64.1%)] Loss: 0.0125 Acc: 1.0000
2025-11-24 16:04:44,494 - VGG_MNIST_logger - INFO - Epoch 3 [1211/1875 (64.6%)] Loss: 0.0007 Acc: 1.0000
2025-11-24 16:04:45,121 - VGG_MNIST_logger - INFO - Epoch 3 [1221/1875 (65.1%)] Loss: 0.3001 Acc: 0.9688
2025-11-24 16:04:45,749 - VGG_MNIST_logger - INFO - Epoch 3 [1231/1875 (65.7%)] Loss: 0.0198 Acc: 1.0000
2025-11-24 16:04:46,365 - VGG_MNIST_logger - INFO - Epoch 3 [1241/1875 (66.2%)] Loss: 0.0191 Acc: 0.9688
2025-11-24 16:04:46,984 - VGG_MNIST_logger - INFO - Epoch 3 [1251/1875 (66.7%)] Loss: 0.0829 Acc: 1.0000
2025-11-24 16:04:47,611 - VGG_MNIST_logger - INFO - Epoch 3 [1261/1875 (67.3%)] Loss: 0.0024 Acc: 1.0000
2025-11-24 16:04:48,236 - VGG_MNIST_logger - INFO - Epoch 3 [1271/1875 (67.8%)] Loss: 0.0616 Acc: 0.9688
2025-11-24 16:04:48,935 - VGG_MNIST_logger - INFO - Epoch 3 [1281/1875 (68.3%)] Loss: 0.0531 Acc: 0.9688
2025-11-24 16:04:49,583 - VGG_MNIST_logger - INFO - Epoch 3 [1291/1875 (68.9%)] Loss: 0.2557 Acc: 1.0000
2025-11-24 16:04:50,195 - VGG_MNIST_logger - INFO - Epoch 3 [1301/1875 (69.4%)] Loss: 0.0064 Acc: 1.0000
2025-11-24 16:04:50,809 - VGG_MNIST_logger - INFO - Epoch 3 [1311/1875 (69.9%)] Loss: 0.0378 Acc: 1.0000
2025-11-24 16:04:51,419 - VGG_MNIST_logger - INFO - Epoch 3 [1321/1875 (70.5%)] Loss: 0.0179 Acc: 1.0000
2025-11-24 16:04:52,034 - VGG_MNIST_logger - INFO - Epoch 3 [1331/1875 (71.0%)] Loss: 0.0777 Acc: 1.0000
2025-11-24 16:04:52,644 - VGG_MNIST_logger - INFO - Epoch 3 [1341/1875 (71.5%)] Loss: 0.0627 Acc: 0.9688
2025-11-24 16:04:53,257 - VGG_MNIST_logger - INFO - Epoch 3 [1351/1875 (72.1%)] Loss: 0.0011 Acc: 1.0000
2025-11-24 16:04:53,870 - VGG_MNIST_logger - INFO - Epoch 3 [1361/1875 (72.6%)] Loss: 0.0050 Acc: 1.0000
2025-11-24 16:04:54,478 - VGG_MNIST_logger - INFO - Epoch 3 [1371/1875 (73.1%)] Loss: 0.0294 Acc: 1.0000
2025-11-24 16:04:55,089 - VGG_MNIST_logger - INFO - Epoch 3 [1381/1875 (73.7%)] Loss: 0.0017 Acc: 1.0000
2025-11-24 16:04:55,705 - VGG_MNIST_logger - INFO - Epoch 3 [1391/1875 (74.2%)] Loss: 0.0007 Acc: 1.0000
2025-11-24 16:04:56,321 - VGG_MNIST_logger - INFO - Epoch 3 [1401/1875 (74.7%)] Loss: 0.0273 Acc: 1.0000
2025-11-24 16:04:56,928 - VGG_MNIST_logger - INFO - Epoch 3 [1411/1875 (75.3%)] Loss: 0.0417 Acc: 1.0000
2025-11-24 16:04:57,543 - VGG_MNIST_logger - INFO - Epoch 3 [1421/1875 (75.8%)] Loss: 0.0037 Acc: 1.0000
2025-11-24 16:04:58,163 - VGG_MNIST_logger - INFO - Epoch 3 [1431/1875 (76.3%)] Loss: 0.0308 Acc: 1.0000
2025-11-24 16:04:58,790 - VGG_MNIST_logger - INFO - Epoch 3 [1441/1875 (76.9%)] Loss: 0.0568 Acc: 1.0000
2025-11-24 16:04:59,403 - VGG_MNIST_logger - INFO - Epoch 3 [1451/1875 (77.4%)] Loss: 0.0040 Acc: 1.0000
2025-11-24 16:05:00,031 - VGG_MNIST_logger - INFO - Epoch 3 [1461/1875 (77.9%)] Loss: 0.2356 Acc: 1.0000
2025-11-24 16:05:00,990 - VGG_MNIST_logger - INFO - Epoch 3 [1471/1875 (78.5%)] Loss: 0.0031 Acc: 1.0000
2025-11-24 16:05:01,606 - VGG_MNIST_logger - INFO - Epoch 3 [1481/1875 (79.0%)] Loss: 0.0832 Acc: 0.9688
2025-11-24 16:05:02,218 - VGG_MNIST_logger - INFO - Epoch 3 [1491/1875 (79.5%)] Loss: 0.0016 Acc: 1.0000
2025-11-24 16:05:02,816 - VGG_MNIST_logger - INFO - Epoch 3 [1501/1875 (80.1%)] Loss: 0.0670 Acc: 0.9688
2025-11-24 16:05:03,437 - VGG_MNIST_logger - INFO - Epoch 3 [1511/1875 (80.6%)] Loss: 0.0314 Acc: 1.0000
2025-11-24 16:05:04,057 - VGG_MNIST_logger - INFO - Epoch 3 [1521/1875 (81.1%)] Loss: 0.0125 Acc: 1.0000
2025-11-24 16:05:04,674 - VGG_MNIST_logger - INFO - Epoch 3 [1531/1875 (81.7%)] Loss: 0.0035 Acc: 1.0000
2025-11-24 16:05:05,284 - VGG_MNIST_logger - INFO - Epoch 3 [1541/1875 (82.2%)] Loss: 0.0532 Acc: 1.0000
2025-11-24 16:05:05,905 - VGG_MNIST_logger - INFO - Epoch 3 [1551/1875 (82.7%)] Loss: 0.0155 Acc: 1.0000
2025-11-24 16:05:06,516 - VGG_MNIST_logger - INFO - Epoch 3 [1561/1875 (83.3%)] Loss: 0.0761 Acc: 0.9688
2025-11-24 16:05:07,145 - VGG_MNIST_logger - INFO - Epoch 3 [1571/1875 (83.8%)] Loss: 0.0029 Acc: 1.0000
2025-11-24 16:05:07,757 - VGG_MNIST_logger - INFO - Epoch 3 [1581/1875 (84.3%)] Loss: 0.0011 Acc: 1.0000
2025-11-24 16:05:08,368 - VGG_MNIST_logger - INFO - Epoch 3 [1591/1875 (84.9%)] Loss: 0.0203 Acc: 1.0000
2025-11-24 16:05:08,983 - VGG_MNIST_logger - INFO - Epoch 3 [1601/1875 (85.4%)] Loss: 0.4646 Acc: 0.9375
2025-11-24 16:05:09,597 - VGG_MNIST_logger - INFO - Epoch 3 [1611/1875 (85.9%)] Loss: 0.0352 Acc: 1.0000
2025-11-24 16:05:10,207 - VGG_MNIST_logger - INFO - Epoch 3 [1621/1875 (86.5%)] Loss: 0.0524 Acc: 1.0000
2025-11-24 16:05:10,821 - VGG_MNIST_logger - INFO - Epoch 3 [1631/1875 (87.0%)] Loss: 0.1371 Acc: 0.9688
2025-11-24 16:05:11,425 - VGG_MNIST_logger - INFO - Epoch 3 [1641/1875 (87.5%)] Loss: 0.0050 Acc: 1.0000
2025-11-24 16:05:12,047 - VGG_MNIST_logger - INFO - Epoch 3 [1651/1875 (88.1%)] Loss: 0.0577 Acc: 1.0000
2025-11-24 16:05:12,685 - VGG_MNIST_logger - INFO - Epoch 3 [1661/1875 (88.6%)] Loss: 0.0607 Acc: 1.0000
2025-11-24 16:05:13,300 - VGG_MNIST_logger - INFO - Epoch 3 [1671/1875 (89.1%)] Loss: 0.0010 Acc: 1.0000
2025-11-24 16:05:13,908 - VGG_MNIST_logger - INFO - Epoch 3 [1681/1875 (89.7%)] Loss: 0.1981 Acc: 1.0000
2025-11-24 16:05:14,523 - VGG_MNIST_logger - INFO - Epoch 3 [1691/1875 (90.2%)] Loss: 0.0239 Acc: 1.0000
2025-11-24 16:05:15,164 - VGG_MNIST_logger - INFO - Epoch 3 [1701/1875 (90.7%)] Loss: 0.0479 Acc: 0.9688
2025-11-24 16:05:15,927 - VGG_MNIST_logger - INFO - Epoch 3 [1711/1875 (91.3%)] Loss: 0.0191 Acc: 1.0000
2025-11-24 16:05:16,552 - VGG_MNIST_logger - INFO - Epoch 3 [1721/1875 (91.8%)] Loss: 0.0002 Acc: 1.0000
2025-11-24 16:05:17,162 - VGG_MNIST_logger - INFO - Epoch 3 [1731/1875 (92.3%)] Loss: 0.0007 Acc: 1.0000
2025-11-24 16:05:17,801 - VGG_MNIST_logger - INFO - Epoch 3 [1741/1875 (92.9%)] Loss: 0.0060 Acc: 1.0000
2025-11-24 16:05:18,446 - VGG_MNIST_logger - INFO - Epoch 3 [1751/1875 (93.4%)] Loss: 0.0001 Acc: 1.0000
2025-11-24 16:05:19,093 - VGG_MNIST_logger - INFO - Epoch 3 [1761/1875 (93.9%)] Loss: 0.0226 Acc: 1.0000
2025-11-24 16:05:19,717 - VGG_MNIST_logger - INFO - Epoch 3 [1771/1875 (94.5%)] Loss: 0.4289 Acc: 0.9688
2025-11-24 16:05:20,345 - VGG_MNIST_logger - INFO - Epoch 3 [1781/1875 (95.0%)] Loss: 0.3148 Acc: 0.9375
2025-11-24 16:05:21,002 - VGG_MNIST_logger - INFO - Epoch 3 [1791/1875 (95.5%)] Loss: 0.0025 Acc: 1.0000
2025-11-24 16:05:21,728 - VGG_MNIST_logger - INFO - Epoch 3 [1801/1875 (96.1%)] Loss: 0.1229 Acc: 0.9688
2025-11-24 16:05:22,460 - VGG_MNIST_logger - INFO - Epoch 3 [1811/1875 (96.6%)] Loss: 0.0018 Acc: 1.0000
2025-11-24 16:05:23,338 - VGG_MNIST_logger - INFO - Epoch 3 [1821/1875 (97.1%)] Loss: 0.0004 Acc: 1.0000
2025-11-24 16:05:24,080 - VGG_MNIST_logger - INFO - Epoch 3 [1831/1875 (97.7%)] Loss: 0.0104 Acc: 1.0000
2025-11-24 16:05:24,699 - VGG_MNIST_logger - INFO - Epoch 3 [1841/1875 (98.2%)] Loss: 0.0039 Acc: 1.0000
2025-11-24 16:05:25,340 - VGG_MNIST_logger - INFO - Epoch 3 [1851/1875 (98.7%)] Loss: 0.0226 Acc: 1.0000
2025-11-24 16:05:26,006 - VGG_MNIST_logger - INFO - Epoch 3 [1861/1875 (99.3%)] Loss: 0.0883 Acc: 1.0000
2025-11-24 16:05:26,640 - VGG_MNIST_logger - INFO - Epoch 3 [1871/1875 (99.8%)] Loss: 0.0030 Acc: 1.0000
2025-11-24 16:06:05,550 - VGG_MNIST_logger - INFO - Epoch   3 | Train Loss: 0.0494 | Train Acc: 0.9933 | Val Loss: 0.0309 | Val Acc: 0.0309
2025-11-24 16:06:05,664 - VGG_MNIST_logger - INFO - Epoch 4 [1/1875 (0.1%)] Loss: 0.0717 Acc: 1.0000
2025-11-24 16:06:06,304 - VGG_MNIST_logger - INFO - Epoch 4 [11/1875 (0.6%)] Loss: 0.0355 Acc: 1.0000
2025-11-24 16:06:07,046 - VGG_MNIST_logger - INFO - Epoch 4 [21/1875 (1.1%)] Loss: 0.0017 Acc: 1.0000
2025-11-24 16:06:07,676 - VGG_MNIST_logger - INFO - Epoch 4 [31/1875 (1.7%)] Loss: 0.0076 Acc: 1.0000
2025-11-24 16:06:08,357 - VGG_MNIST_logger - INFO - Epoch 4 [41/1875 (2.2%)] Loss: 0.0280 Acc: 1.0000
2025-11-24 16:06:09,115 - VGG_MNIST_logger - INFO - Epoch 4 [51/1875 (2.7%)] Loss: 0.0027 Acc: 1.0000
2025-11-24 16:06:10,086 - VGG_MNIST_logger - INFO - Epoch 4 [61/1875 (3.3%)] Loss: 0.0008 Acc: 1.0000
2025-11-24 16:06:10,735 - VGG_MNIST_logger - INFO - Epoch 4 [71/1875 (3.8%)] Loss: 0.0275 Acc: 1.0000
2025-11-24 16:06:11,402 - VGG_MNIST_logger - INFO - Epoch 4 [81/1875 (4.3%)] Loss: 0.0103 Acc: 1.0000
2025-11-24 16:06:12,040 - VGG_MNIST_logger - INFO - Epoch 4 [91/1875 (4.9%)] Loss: 0.0002 Acc: 1.0000
2025-11-24 16:06:12,701 - VGG_MNIST_logger - INFO - Epoch 4 [101/1875 (5.4%)] Loss: 0.0027 Acc: 1.0000
2025-11-24 16:06:13,354 - VGG_MNIST_logger - INFO - Epoch 4 [111/1875 (5.9%)] Loss: 0.0017 Acc: 1.0000
2025-11-24 16:06:13,986 - VGG_MNIST_logger - INFO - Epoch 4 [121/1875 (6.5%)] Loss: 0.0002 Acc: 1.0000
2025-11-24 16:06:14,624 - VGG_MNIST_logger - INFO - Epoch 4 [131/1875 (7.0%)] Loss: 0.0018 Acc: 1.0000
2025-11-24 16:06:15,360 - VGG_MNIST_logger - INFO - Epoch 4 [141/1875 (7.5%)] Loss: 0.0013 Acc: 1.0000
2025-11-24 16:06:15,995 - VGG_MNIST_logger - INFO - Epoch 4 [151/1875 (8.1%)] Loss: 0.0030 Acc: 1.0000
2025-11-24 16:06:16,632 - VGG_MNIST_logger - INFO - Epoch 4 [161/1875 (8.6%)] Loss: 0.0923 Acc: 0.9688
2025-11-24 16:06:17,280 - VGG_MNIST_logger - INFO - Epoch 4 [171/1875 (9.1%)] Loss: 0.0155 Acc: 0.9688
2025-11-24 16:06:17,985 - VGG_MNIST_logger - INFO - Epoch 4 [181/1875 (9.7%)] Loss: 0.4819 Acc: 0.9688
2025-11-24 16:06:18,790 - VGG_MNIST_logger - INFO - Epoch 4 [191/1875 (10.2%)] Loss: 0.0790 Acc: 1.0000
2025-11-24 16:06:19,387 - VGG_MNIST_logger - INFO - Epoch 4 [201/1875 (10.7%)] Loss: 0.0110 Acc: 1.0000
2025-11-24 16:06:20,063 - VGG_MNIST_logger - INFO - Epoch 4 [211/1875 (11.3%)] Loss: 0.0014 Acc: 1.0000
2025-11-24 16:06:20,747 - VGG_MNIST_logger - INFO - Epoch 4 [221/1875 (11.8%)] Loss: 0.0004 Acc: 1.0000
2025-11-24 16:06:21,427 - VGG_MNIST_logger - INFO - Epoch 4 [231/1875 (12.3%)] Loss: 0.0485 Acc: 1.0000
2025-11-24 16:06:22,164 - VGG_MNIST_logger - INFO - Epoch 4 [241/1875 (12.9%)] Loss: 0.0056 Acc: 0.9688
2025-11-24 16:06:23,244 - VGG_MNIST_logger - INFO - Epoch 4 [251/1875 (13.4%)] Loss: 0.0462 Acc: 0.9688
2025-11-24 16:06:24,076 - VGG_MNIST_logger - INFO - Epoch 4 [261/1875 (13.9%)] Loss: 0.0016 Acc: 1.0000
2025-11-24 16:06:24,799 - VGG_MNIST_logger - INFO - Epoch 4 [271/1875 (14.5%)] Loss: 0.0002 Acc: 1.0000
2025-11-24 16:06:25,503 - VGG_MNIST_logger - INFO - Epoch 4 [281/1875 (15.0%)] Loss: 0.0283 Acc: 1.0000
2025-11-24 16:06:26,215 - VGG_MNIST_logger - INFO - Epoch 4 [291/1875 (15.5%)] Loss: 0.1441 Acc: 0.9688
2025-11-24 16:06:26,910 - VGG_MNIST_logger - INFO - Epoch 4 [301/1875 (16.1%)] Loss: 0.0258 Acc: 0.9688
2025-11-24 16:06:27,572 - VGG_MNIST_logger - INFO - Epoch 4 [311/1875 (16.6%)] Loss: 0.0310 Acc: 1.0000
2025-11-24 16:06:28,236 - VGG_MNIST_logger - INFO - Epoch 4 [321/1875 (17.1%)] Loss: 0.0066 Acc: 1.0000
2025-11-24 16:06:28,964 - VGG_MNIST_logger - INFO - Epoch 4 [331/1875 (17.7%)] Loss: 0.1371 Acc: 0.9688
2025-11-24 16:06:29,682 - VGG_MNIST_logger - INFO - Epoch 4 [341/1875 (18.2%)] Loss: 0.0289 Acc: 1.0000
2025-11-24 16:06:30,302 - VGG_MNIST_logger - INFO - Epoch 4 [351/1875 (18.7%)] Loss: 0.0004 Acc: 1.0000
2025-11-24 16:06:31,037 - VGG_MNIST_logger - INFO - Epoch 4 [361/1875 (19.3%)] Loss: 0.0019 Acc: 1.0000
2025-11-24 16:06:31,726 - VGG_MNIST_logger - INFO - Epoch 4 [371/1875 (19.8%)] Loss: 0.0100 Acc: 1.0000
2025-11-24 16:06:32,363 - VGG_MNIST_logger - INFO - Epoch 4 [381/1875 (20.3%)] Loss: 0.0168 Acc: 1.0000
2025-11-24 16:06:32,979 - VGG_MNIST_logger - INFO - Epoch 4 [391/1875 (20.9%)] Loss: 0.0294 Acc: 1.0000
2025-11-24 16:06:33,603 - VGG_MNIST_logger - INFO - Epoch 4 [401/1875 (21.4%)] Loss: 0.1084 Acc: 1.0000
2025-11-24 16:06:34,871 - VGG_MNIST_logger - INFO - Epoch 4 [411/1875 (21.9%)] Loss: 0.0426 Acc: 1.0000
2025-11-24 16:06:35,483 - VGG_MNIST_logger - INFO - Epoch 4 [421/1875 (22.5%)] Loss: 0.0260 Acc: 0.9688
2025-11-24 16:06:36,200 - VGG_MNIST_logger - INFO - Epoch 4 [431/1875 (23.0%)] Loss: 0.0058 Acc: 1.0000
2025-11-24 16:06:36,902 - VGG_MNIST_logger - INFO - Epoch 4 [441/1875 (23.5%)] Loss: 0.0376 Acc: 1.0000
2025-11-24 16:06:37,614 - VGG_MNIST_logger - INFO - Epoch 4 [451/1875 (24.1%)] Loss: 0.0001 Acc: 1.0000
2025-11-24 16:06:38,305 - VGG_MNIST_logger - INFO - Epoch 4 [461/1875 (24.6%)] Loss: 0.0060 Acc: 1.0000
2025-11-24 16:06:38,970 - VGG_MNIST_logger - INFO - Epoch 4 [471/1875 (25.1%)] Loss: 0.0022 Acc: 1.0000
2025-11-24 16:06:39,777 - VGG_MNIST_logger - INFO - Epoch 4 [481/1875 (25.7%)] Loss: 0.0043 Acc: 1.0000
2025-11-24 16:06:40,476 - VGG_MNIST_logger - INFO - Epoch 4 [491/1875 (26.2%)] Loss: 0.0155 Acc: 1.0000
2025-11-24 16:06:41,103 - VGG_MNIST_logger - INFO - Epoch 4 [501/1875 (26.7%)] Loss: 0.0008 Acc: 1.0000
2025-11-24 16:06:41,682 - VGG_MNIST_logger - INFO - Epoch 4 [511/1875 (27.3%)] Loss: 0.1342 Acc: 1.0000
2025-11-24 16:06:42,276 - VGG_MNIST_logger - INFO - Epoch 4 [521/1875 (27.8%)] Loss: 0.0002 Acc: 1.0000
2025-11-24 16:06:42,882 - VGG_MNIST_logger - INFO - Epoch 4 [531/1875 (28.3%)] Loss: 0.0033 Acc: 1.0000
2025-11-24 16:06:43,485 - VGG_MNIST_logger - INFO - Epoch 4 [541/1875 (28.9%)] Loss: 0.0087 Acc: 1.0000
2025-11-24 16:06:44,064 - VGG_MNIST_logger - INFO - Epoch 4 [551/1875 (29.4%)] Loss: 0.0006 Acc: 1.0000
2025-11-24 16:06:44,656 - VGG_MNIST_logger - INFO - Epoch 4 [561/1875 (29.9%)] Loss: 0.0036 Acc: 1.0000
2025-11-24 16:06:45,249 - VGG_MNIST_logger - INFO - Epoch 4 [571/1875 (30.5%)] Loss: 0.0217 Acc: 1.0000
2025-11-24 16:06:45,841 - VGG_MNIST_logger - INFO - Epoch 4 [581/1875 (31.0%)] Loss: 0.0062 Acc: 1.0000
2025-11-24 16:06:46,428 - VGG_MNIST_logger - INFO - Epoch 4 [591/1875 (31.5%)] Loss: 0.0026 Acc: 1.0000
2025-11-24 16:06:47,026 - VGG_MNIST_logger - INFO - Epoch 4 [601/1875 (32.1%)] Loss: 0.0038 Acc: 1.0000
2025-11-24 16:06:47,637 - VGG_MNIST_logger - INFO - Epoch 4 [611/1875 (32.6%)] Loss: 0.0415 Acc: 1.0000
2025-11-24 16:06:48,228 - VGG_MNIST_logger - INFO - Epoch 4 [621/1875 (33.1%)] Loss: 0.0620 Acc: 0.9688
2025-11-24 16:06:48,821 - VGG_MNIST_logger - INFO - Epoch 4 [631/1875 (33.7%)] Loss: 0.0461 Acc: 1.0000
2025-11-24 16:06:49,423 - VGG_MNIST_logger - INFO - Epoch 4 [641/1875 (34.2%)] Loss: 0.2444 Acc: 0.9688
2025-11-24 16:06:50,183 - VGG_MNIST_logger - INFO - Epoch 4 [651/1875 (34.7%)] Loss: 0.0054 Acc: 1.0000
2025-11-24 16:06:50,881 - VGG_MNIST_logger - INFO - Epoch 4 [661/1875 (35.3%)] Loss: 0.0030 Acc: 1.0000
2025-11-24 16:06:51,479 - VGG_MNIST_logger - INFO - Epoch 4 [671/1875 (35.8%)] Loss: 0.0184 Acc: 1.0000
2025-11-24 16:06:52,101 - VGG_MNIST_logger - INFO - Epoch 4 [681/1875 (36.3%)] Loss: 0.0065 Acc: 1.0000
2025-11-24 16:06:52,718 - VGG_MNIST_logger - INFO - Epoch 4 [691/1875 (36.9%)] Loss: 0.0077 Acc: 1.0000
2025-11-24 16:06:53,339 - VGG_MNIST_logger - INFO - Epoch 4 [701/1875 (37.4%)] Loss: 0.0543 Acc: 1.0000
2025-11-24 16:06:53,950 - VGG_MNIST_logger - INFO - Epoch 4 [711/1875 (37.9%)] Loss: 0.0006 Acc: 1.0000
2025-11-24 16:06:54,555 - VGG_MNIST_logger - INFO - Epoch 4 [721/1875 (38.5%)] Loss: 0.0023 Acc: 1.0000
2025-11-24 16:06:55,167 - VGG_MNIST_logger - INFO - Epoch 4 [731/1875 (39.0%)] Loss: 0.1068 Acc: 1.0000
2025-11-24 16:06:55,759 - VGG_MNIST_logger - INFO - Epoch 4 [741/1875 (39.5%)] Loss: 0.0002 Acc: 1.0000
2025-11-24 16:06:56,355 - VGG_MNIST_logger - INFO - Epoch 4 [751/1875 (40.1%)] Loss: 0.0001 Acc: 1.0000
2025-11-24 16:06:56,963 - VGG_MNIST_logger - INFO - Epoch 4 [761/1875 (40.6%)] Loss: 0.0571 Acc: 0.9688
2025-11-24 16:06:57,550 - VGG_MNIST_logger - INFO - Epoch 4 [771/1875 (41.1%)] Loss: 0.0898 Acc: 1.0000
2025-11-24 16:06:58,167 - VGG_MNIST_logger - INFO - Epoch 4 [781/1875 (41.7%)] Loss: 0.0277 Acc: 1.0000
2025-11-24 16:06:59,344 - VGG_MNIST_logger - INFO - Epoch 4 [791/1875 (42.2%)] Loss: 0.0111 Acc: 0.9688
2025-11-24 16:07:00,028 - VGG_MNIST_logger - INFO - Epoch 4 [801/1875 (42.7%)] Loss: 0.0056 Acc: 1.0000
2025-11-24 16:07:00,622 - VGG_MNIST_logger - INFO - Epoch 4 [811/1875 (43.3%)] Loss: 0.0248 Acc: 1.0000
2025-11-24 16:07:01,247 - VGG_MNIST_logger - INFO - Epoch 4 [821/1875 (43.8%)] Loss: 0.0050 Acc: 1.0000
2025-11-24 16:07:01,843 - VGG_MNIST_logger - INFO - Epoch 4 [831/1875 (44.3%)] Loss: 0.0035 Acc: 1.0000
2025-11-24 16:07:02,435 - VGG_MNIST_logger - INFO - Epoch 4 [841/1875 (44.9%)] Loss: 0.0011 Acc: 1.0000
2025-11-24 16:07:03,071 - VGG_MNIST_logger - INFO - Epoch 4 [851/1875 (45.4%)] Loss: 0.0114 Acc: 1.0000
2025-11-24 16:07:03,678 - VGG_MNIST_logger - INFO - Epoch 4 [861/1875 (45.9%)] Loss: 0.0119 Acc: 1.0000
2025-11-24 16:07:04,286 - VGG_MNIST_logger - INFO - Epoch 4 [871/1875 (46.5%)] Loss: 0.0034 Acc: 1.0000
2025-11-24 16:07:04,874 - VGG_MNIST_logger - INFO - Epoch 4 [881/1875 (47.0%)] Loss: 0.0269 Acc: 1.0000
2025-11-24 16:07:05,476 - VGG_MNIST_logger - INFO - Epoch 4 [891/1875 (47.5%)] Loss: 0.0007 Acc: 1.0000
2025-11-24 16:07:06,122 - VGG_MNIST_logger - INFO - Epoch 4 [901/1875 (48.1%)] Loss: 0.0152 Acc: 1.0000
2025-11-24 16:07:06,731 - VGG_MNIST_logger - INFO - Epoch 4 [911/1875 (48.6%)] Loss: 0.1803 Acc: 1.0000
2025-11-24 16:07:07,318 - VGG_MNIST_logger - INFO - Epoch 4 [921/1875 (49.1%)] Loss: 0.1378 Acc: 0.9688
2025-11-24 16:07:07,924 - VGG_MNIST_logger - INFO - Epoch 4 [931/1875 (49.7%)] Loss: 0.0325 Acc: 1.0000
2025-11-24 16:07:08,510 - VGG_MNIST_logger - INFO - Epoch 4 [941/1875 (50.2%)] Loss: 0.0010 Acc: 1.0000
2025-11-24 16:07:09,102 - VGG_MNIST_logger - INFO - Epoch 4 [951/1875 (50.7%)] Loss: 0.0356 Acc: 1.0000
2025-11-24 16:07:09,686 - VGG_MNIST_logger - INFO - Epoch 4 [961/1875 (51.3%)] Loss: 0.0476 Acc: 1.0000
2025-11-24 16:07:10,268 - VGG_MNIST_logger - INFO - Epoch 4 [971/1875 (51.8%)] Loss: 0.1165 Acc: 0.9688
2025-11-24 16:07:10,862 - VGG_MNIST_logger - INFO - Epoch 4 [981/1875 (52.3%)] Loss: 0.0127 Acc: 1.0000
2025-11-24 16:07:11,472 - VGG_MNIST_logger - INFO - Epoch 4 [991/1875 (52.9%)] Loss: 0.0432 Acc: 1.0000
2025-11-24 16:07:12,072 - VGG_MNIST_logger - INFO - Epoch 4 [1001/1875 (53.4%)] Loss: 0.0006 Acc: 1.0000
2025-11-24 16:07:12,671 - VGG_MNIST_logger - INFO - Epoch 4 [1011/1875 (53.9%)] Loss: 0.1626 Acc: 0.9688
2025-11-24 16:07:13,264 - VGG_MNIST_logger - INFO - Epoch 4 [1021/1875 (54.5%)] Loss: 0.0094 Acc: 1.0000
2025-11-24 16:07:13,864 - VGG_MNIST_logger - INFO - Epoch 4 [1031/1875 (55.0%)] Loss: 0.0184 Acc: 1.0000
2025-11-24 16:07:14,454 - VGG_MNIST_logger - INFO - Epoch 4 [1041/1875 (55.5%)] Loss: 0.0008 Acc: 1.0000
2025-11-24 16:07:15,053 - VGG_MNIST_logger - INFO - Epoch 4 [1051/1875 (56.1%)] Loss: 0.0084 Acc: 1.0000
2025-11-24 16:07:15,634 - VGG_MNIST_logger - INFO - Epoch 4 [1061/1875 (56.6%)] Loss: 0.0149 Acc: 1.0000
2025-11-24 16:07:16,235 - VGG_MNIST_logger - INFO - Epoch 4 [1071/1875 (57.1%)] Loss: 0.0003 Acc: 1.0000
2025-11-24 16:07:16,827 - VGG_MNIST_logger - INFO - Epoch 4 [1081/1875 (57.7%)] Loss: 0.0010 Acc: 1.0000
2025-11-24 16:07:17,439 - VGG_MNIST_logger - INFO - Epoch 4 [1091/1875 (58.2%)] Loss: 0.0006 Acc: 1.0000
2025-11-24 16:07:18,051 - VGG_MNIST_logger - INFO - Epoch 4 [1101/1875 (58.7%)] Loss: 0.0033 Acc: 1.0000
2025-11-24 16:07:18,815 - VGG_MNIST_logger - INFO - Epoch 4 [1111/1875 (59.3%)] Loss: 0.0076 Acc: 1.0000
2025-11-24 16:07:19,504 - VGG_MNIST_logger - INFO - Epoch 4 [1121/1875 (59.8%)] Loss: 0.0113 Acc: 1.0000
2025-11-24 16:07:20,101 - VGG_MNIST_logger - INFO - Epoch 4 [1131/1875 (60.3%)] Loss: 0.0024 Acc: 1.0000
2025-11-24 16:07:20,879 - VGG_MNIST_logger - INFO - Epoch 4 [1141/1875 (60.9%)] Loss: 0.1222 Acc: 0.9688
2025-11-24 16:07:21,532 - VGG_MNIST_logger - INFO - Epoch 4 [1151/1875 (61.4%)] Loss: 0.0262 Acc: 1.0000
2025-11-24 16:07:22,239 - VGG_MNIST_logger - INFO - Epoch 4 [1161/1875 (61.9%)] Loss: 0.1798 Acc: 1.0000
2025-11-24 16:07:22,867 - VGG_MNIST_logger - INFO - Epoch 4 [1171/1875 (62.5%)] Loss: 0.2230 Acc: 1.0000
2025-11-24 16:07:23,524 - VGG_MNIST_logger - INFO - Epoch 4 [1181/1875 (63.0%)] Loss: 0.3577 Acc: 0.9688
2025-11-24 16:07:24,145 - VGG_MNIST_logger - INFO - Epoch 4 [1191/1875 (63.5%)] Loss: 0.0007 Acc: 1.0000
2025-11-24 16:07:24,744 - VGG_MNIST_logger - INFO - Epoch 4 [1201/1875 (64.1%)] Loss: 0.0019 Acc: 1.0000
2025-11-24 16:07:25,330 - VGG_MNIST_logger - INFO - Epoch 4 [1211/1875 (64.6%)] Loss: 0.0729 Acc: 1.0000
2025-11-24 16:07:25,918 - VGG_MNIST_logger - INFO - Epoch 4 [1221/1875 (65.1%)] Loss: 0.0116 Acc: 1.0000
2025-11-24 16:07:26,556 - VGG_MNIST_logger - INFO - Epoch 4 [1231/1875 (65.7%)] Loss: 0.2303 Acc: 0.9688
2025-11-24 16:07:27,162 - VGG_MNIST_logger - INFO - Epoch 4 [1241/1875 (66.2%)] Loss: 0.0026 Acc: 1.0000
2025-11-24 16:07:27,781 - VGG_MNIST_logger - INFO - Epoch 4 [1251/1875 (66.7%)] Loss: 0.0575 Acc: 0.9688
2025-11-24 16:07:28,366 - VGG_MNIST_logger - INFO - Epoch 4 [1261/1875 (67.3%)] Loss: 0.0140 Acc: 1.0000
2025-11-24 16:07:28,964 - VGG_MNIST_logger - INFO - Epoch 4 [1271/1875 (67.8%)] Loss: 0.0024 Acc: 1.0000
2025-11-24 16:07:29,568 - VGG_MNIST_logger - INFO - Epoch 4 [1281/1875 (68.3%)] Loss: 0.0129 Acc: 1.0000
2025-11-24 16:07:30,196 - VGG_MNIST_logger - INFO - Epoch 4 [1291/1875 (68.9%)] Loss: 0.0744 Acc: 1.0000
2025-11-24 16:07:30,825 - VGG_MNIST_logger - INFO - Epoch 4 [1301/1875 (69.4%)] Loss: 0.4183 Acc: 0.9688
2025-11-24 16:07:31,431 - VGG_MNIST_logger - INFO - Epoch 4 [1311/1875 (69.9%)] Loss: 0.0501 Acc: 1.0000
2025-11-24 16:07:32,069 - VGG_MNIST_logger - INFO - Epoch 4 [1321/1875 (70.5%)] Loss: 0.0353 Acc: 1.0000
2025-11-24 16:07:32,716 - VGG_MNIST_logger - INFO - Epoch 4 [1331/1875 (71.0%)] Loss: 0.0031 Acc: 1.0000
2025-11-24 16:07:33,310 - VGG_MNIST_logger - INFO - Epoch 4 [1341/1875 (71.5%)] Loss: 0.0245 Acc: 1.0000
2025-11-24 16:07:33,904 - VGG_MNIST_logger - INFO - Epoch 4 [1351/1875 (72.1%)] Loss: 0.0035 Acc: 1.0000
2025-11-24 16:07:34,480 - VGG_MNIST_logger - INFO - Epoch 4 [1361/1875 (72.6%)] Loss: 0.0052 Acc: 1.0000
2025-11-24 16:07:35,084 - VGG_MNIST_logger - INFO - Epoch 4 [1371/1875 (73.1%)] Loss: 0.0139 Acc: 1.0000
2025-11-24 16:07:35,691 - VGG_MNIST_logger - INFO - Epoch 4 [1381/1875 (73.7%)] Loss: 0.0674 Acc: 1.0000
2025-11-24 16:07:36,305 - VGG_MNIST_logger - INFO - Epoch 4 [1391/1875 (74.2%)] Loss: 0.0803 Acc: 1.0000
2025-11-24 16:07:36,908 - VGG_MNIST_logger - INFO - Epoch 4 [1401/1875 (74.7%)] Loss: 0.0516 Acc: 0.9688
2025-11-24 16:07:37,534 - VGG_MNIST_logger - INFO - Epoch 4 [1411/1875 (75.3%)] Loss: 0.0081 Acc: 1.0000
2025-11-24 16:07:38,151 - VGG_MNIST_logger - INFO - Epoch 4 [1421/1875 (75.8%)] Loss: 0.1307 Acc: 0.9688
2025-11-24 16:07:38,740 - VGG_MNIST_logger - INFO - Epoch 4 [1431/1875 (76.3%)] Loss: 0.0450 Acc: 1.0000
2025-11-24 16:07:39,333 - VGG_MNIST_logger - INFO - Epoch 4 [1441/1875 (76.9%)] Loss: 0.0335 Acc: 1.0000
2025-11-24 16:07:39,955 - VGG_MNIST_logger - INFO - Epoch 4 [1451/1875 (77.4%)] Loss: 0.0013 Acc: 1.0000
2025-11-24 16:07:40,619 - VGG_MNIST_logger - INFO - Epoch 4 [1461/1875 (77.9%)] Loss: 0.0036 Acc: 1.0000
2025-11-24 16:07:41,517 - VGG_MNIST_logger - INFO - Epoch 4 [1471/1875 (78.5%)] Loss: 0.0433 Acc: 1.0000
2025-11-24 16:07:42,189 - VGG_MNIST_logger - INFO - Epoch 4 [1481/1875 (79.0%)] Loss: 0.0478 Acc: 1.0000
2025-11-24 16:07:42,789 - VGG_MNIST_logger - INFO - Epoch 4 [1491/1875 (79.5%)] Loss: 0.0067 Acc: 1.0000
2025-11-24 16:07:43,395 - VGG_MNIST_logger - INFO - Epoch 4 [1501/1875 (80.1%)] Loss: 0.0565 Acc: 0.9688
2025-11-24 16:07:43,991 - VGG_MNIST_logger - INFO - Epoch 4 [1511/1875 (80.6%)] Loss: 0.0032 Acc: 1.0000
2025-11-24 16:07:44,576 - VGG_MNIST_logger - INFO - Epoch 4 [1521/1875 (81.1%)] Loss: 0.0040 Acc: 0.9688
2025-11-24 16:07:45,189 - VGG_MNIST_logger - INFO - Epoch 4 [1531/1875 (81.7%)] Loss: 0.0064 Acc: 1.0000
2025-11-24 16:07:45,820 - VGG_MNIST_logger - INFO - Epoch 4 [1541/1875 (82.2%)] Loss: 0.1852 Acc: 0.9688
2025-11-24 16:07:46,444 - VGG_MNIST_logger - INFO - Epoch 4 [1551/1875 (82.7%)] Loss: 0.0043 Acc: 1.0000
2025-11-24 16:07:47,055 - VGG_MNIST_logger - INFO - Epoch 4 [1561/1875 (83.3%)] Loss: 0.0021 Acc: 1.0000
2025-11-24 16:07:47,687 - VGG_MNIST_logger - INFO - Epoch 4 [1571/1875 (83.8%)] Loss: 0.0040 Acc: 1.0000
2025-11-24 16:07:48,305 - VGG_MNIST_logger - INFO - Epoch 4 [1581/1875 (84.3%)] Loss: 0.0031 Acc: 1.0000
2025-11-24 16:07:48,900 - VGG_MNIST_logger - INFO - Epoch 4 [1591/1875 (84.9%)] Loss: 0.0882 Acc: 1.0000
2025-11-24 16:07:49,482 - VGG_MNIST_logger - INFO - Epoch 4 [1601/1875 (85.4%)] Loss: 0.0034 Acc: 1.0000
2025-11-24 16:07:50,259 - VGG_MNIST_logger - INFO - Epoch 4 [1611/1875 (85.9%)] Loss: 0.0254 Acc: 1.0000
2025-11-24 16:07:51,282 - VGG_MNIST_logger - INFO - Epoch 4 [1621/1875 (86.5%)] Loss: 0.0543 Acc: 0.9375
2025-11-24 16:07:51,936 - VGG_MNIST_logger - INFO - Epoch 4 [1631/1875 (87.0%)] Loss: 0.0007 Acc: 1.0000
2025-11-24 16:07:52,691 - VGG_MNIST_logger - INFO - Epoch 4 [1641/1875 (87.5%)] Loss: 0.0014 Acc: 1.0000
2025-11-24 16:07:53,334 - VGG_MNIST_logger - INFO - Epoch 4 [1651/1875 (88.1%)] Loss: 0.0292 Acc: 1.0000
2025-11-24 16:07:53,942 - VGG_MNIST_logger - INFO - Epoch 4 [1661/1875 (88.6%)] Loss: 0.0013 Acc: 1.0000
2025-11-24 16:07:54,530 - VGG_MNIST_logger - INFO - Epoch 4 [1671/1875 (89.1%)] Loss: 0.0051 Acc: 1.0000
2025-11-24 16:07:55,313 - VGG_MNIST_logger - INFO - Epoch 4 [1681/1875 (89.7%)] Loss: 0.0061 Acc: 1.0000
2025-11-24 16:07:55,951 - VGG_MNIST_logger - INFO - Epoch 4 [1691/1875 (90.2%)] Loss: 0.0398 Acc: 1.0000
2025-11-24 16:07:56,609 - VGG_MNIST_logger - INFO - Epoch 4 [1701/1875 (90.7%)] Loss: 0.0142 Acc: 1.0000
2025-11-24 16:07:57,333 - VGG_MNIST_logger - INFO - Epoch 4 [1711/1875 (91.3%)] Loss: 0.0013 Acc: 1.0000
2025-11-24 16:07:58,184 - VGG_MNIST_logger - INFO - Epoch 4 [1721/1875 (91.8%)] Loss: 0.0052 Acc: 1.0000
2025-11-24 16:07:58,782 - VGG_MNIST_logger - INFO - Epoch 4 [1731/1875 (92.3%)] Loss: 0.0012 Acc: 1.0000
2025-11-24 16:07:59,397 - VGG_MNIST_logger - INFO - Epoch 4 [1741/1875 (92.9%)] Loss: 0.0277 Acc: 1.0000
2025-11-24 16:07:59,971 - VGG_MNIST_logger - INFO - Epoch 4 [1751/1875 (93.4%)] Loss: 0.0005 Acc: 1.0000
2025-11-24 16:08:00,644 - VGG_MNIST_logger - INFO - Epoch 4 [1761/1875 (93.9%)] Loss: 0.0313 Acc: 1.0000
2025-11-24 16:08:01,317 - VGG_MNIST_logger - INFO - Epoch 4 [1771/1875 (94.5%)] Loss: 0.0032 Acc: 1.0000
2025-11-24 16:08:01,969 - VGG_MNIST_logger - INFO - Epoch 4 [1781/1875 (95.0%)] Loss: 0.0155 Acc: 1.0000
2025-11-24 16:08:02,659 - VGG_MNIST_logger - INFO - Epoch 4 [1791/1875 (95.5%)] Loss: 0.0018 Acc: 1.0000
2025-11-24 16:08:03,309 - VGG_MNIST_logger - INFO - Epoch 4 [1801/1875 (96.1%)] Loss: 0.0021 Acc: 1.0000
2025-11-24 16:08:03,917 - VGG_MNIST_logger - INFO - Epoch 4 [1811/1875 (96.6%)] Loss: 0.5194 Acc: 0.9688
2025-11-24 16:08:04,517 - VGG_MNIST_logger - INFO - Epoch 4 [1821/1875 (97.1%)] Loss: 0.0004 Acc: 1.0000
2025-11-24 16:08:05,113 - VGG_MNIST_logger - INFO - Epoch 4 [1831/1875 (97.7%)] Loss: 0.0005 Acc: 1.0000
2025-11-24 16:08:05,740 - VGG_MNIST_logger - INFO - Epoch 4 [1841/1875 (98.2%)] Loss: 0.0062 Acc: 1.0000
2025-11-24 16:08:06,453 - VGG_MNIST_logger - INFO - Epoch 4 [1851/1875 (98.7%)] Loss: 0.0008 Acc: 1.0000
2025-11-24 16:08:07,215 - VGG_MNIST_logger - INFO - Epoch 4 [1861/1875 (99.3%)] Loss: 0.0721 Acc: 0.9688
2025-11-24 16:08:07,822 - VGG_MNIST_logger - INFO - Epoch 4 [1871/1875 (99.8%)] Loss: 0.2420 Acc: 0.9688
2025-11-24 16:08:44,542 - VGG_MNIST_logger - INFO - Epoch   4 | Train Loss: 0.0420 | Train Acc: 0.9945 | Val Loss: 0.0291 | Val Acc: 0.0291
2025-11-24 16:08:44,620 - VGG_MNIST_logger - INFO - Epoch 5 [1/1875 (0.1%)] Loss: 0.0015 Acc: 1.0000
2025-11-24 16:08:45,233 - VGG_MNIST_logger - INFO - Epoch 5 [11/1875 (0.6%)] Loss: 0.0002 Acc: 1.0000
2025-11-24 16:08:45,834 - VGG_MNIST_logger - INFO - Epoch 5 [21/1875 (1.1%)] Loss: 0.0218 Acc: 1.0000
2025-11-24 16:08:46,414 - VGG_MNIST_logger - INFO - Epoch 5 [31/1875 (1.7%)] Loss: 0.0067 Acc: 1.0000
2025-11-24 16:08:47,024 - VGG_MNIST_logger - INFO - Epoch 5 [41/1875 (2.2%)] Loss: 0.0013 Acc: 1.0000
2025-11-24 16:08:47,619 - VGG_MNIST_logger - INFO - Epoch 5 [51/1875 (2.7%)] Loss: 0.0146 Acc: 1.0000
2025-11-24 16:08:48,229 - VGG_MNIST_logger - INFO - Epoch 5 [61/1875 (3.3%)] Loss: 0.0052 Acc: 1.0000
2025-11-24 16:08:48,808 - VGG_MNIST_logger - INFO - Epoch 5 [71/1875 (3.8%)] Loss: 0.0009 Acc: 1.0000
2025-11-24 16:08:49,492 - VGG_MNIST_logger - INFO - Epoch 5 [81/1875 (4.3%)] Loss: 0.0004 Acc: 1.0000
2025-11-24 16:08:50,326 - VGG_MNIST_logger - INFO - Epoch 5 [91/1875 (4.9%)] Loss: 0.0068 Acc: 1.0000
2025-11-24 16:08:50,992 - VGG_MNIST_logger - INFO - Epoch 5 [101/1875 (5.4%)] Loss: 0.1314 Acc: 1.0000
2025-11-24 16:08:51,779 - VGG_MNIST_logger - INFO - Epoch 5 [111/1875 (5.9%)] Loss: 0.0051 Acc: 1.0000
2025-11-24 16:08:52,493 - VGG_MNIST_logger - INFO - Epoch 5 [121/1875 (6.5%)] Loss: 0.0002 Acc: 1.0000
2025-11-24 16:08:53,175 - VGG_MNIST_logger - INFO - Epoch 5 [131/1875 (7.0%)] Loss: 0.0029 Acc: 1.0000
2025-11-24 16:08:53,817 - VGG_MNIST_logger - INFO - Epoch 5 [141/1875 (7.5%)] Loss: 0.1263 Acc: 1.0000
2025-11-24 16:08:54,433 - VGG_MNIST_logger - INFO - Epoch 5 [151/1875 (8.1%)] Loss: 0.0001 Acc: 1.0000
2025-11-24 16:08:55,023 - VGG_MNIST_logger - INFO - Epoch 5 [161/1875 (8.6%)] Loss: 0.0043 Acc: 1.0000
2025-11-24 16:08:55,622 - VGG_MNIST_logger - INFO - Epoch 5 [171/1875 (9.1%)] Loss: 0.2360 Acc: 0.9688
2025-11-24 16:08:56,211 - VGG_MNIST_logger - INFO - Epoch 5 [181/1875 (9.7%)] Loss: 0.0472 Acc: 0.9688
2025-11-24 16:08:56,899 - VGG_MNIST_logger - INFO - Epoch 5 [191/1875 (10.2%)] Loss: 0.0268 Acc: 1.0000
2025-11-24 16:08:57,526 - VGG_MNIST_logger - INFO - Epoch 5 [201/1875 (10.7%)] Loss: 0.0034 Acc: 1.0000
2025-11-24 16:08:58,154 - VGG_MNIST_logger - INFO - Epoch 5 [211/1875 (11.3%)] Loss: 0.0589 Acc: 1.0000
2025-11-24 16:08:58,788 - VGG_MNIST_logger - INFO - Epoch 5 [221/1875 (11.8%)] Loss: 0.0064 Acc: 1.0000
2025-11-24 16:08:59,454 - VGG_MNIST_logger - INFO - Epoch 5 [231/1875 (12.3%)] Loss: 0.0033 Acc: 1.0000
2025-11-24 16:09:00,041 - VGG_MNIST_logger - INFO - Epoch 5 [241/1875 (12.9%)] Loss: 0.0002 Acc: 1.0000
2025-11-24 16:09:00,660 - VGG_MNIST_logger - INFO - Epoch 5 [251/1875 (13.4%)] Loss: 0.0079 Acc: 1.0000
2025-11-24 16:09:01,269 - VGG_MNIST_logger - INFO - Epoch 5 [261/1875 (13.9%)] Loss: 0.6302 Acc: 0.9688
2025-11-24 16:09:02,050 - VGG_MNIST_logger - INFO - Epoch 5 [271/1875 (14.5%)] Loss: 0.0006 Acc: 1.0000
2025-11-24 16:09:02,753 - VGG_MNIST_logger - INFO - Epoch 5 [281/1875 (15.0%)] Loss: 0.0097 Acc: 1.0000
2025-11-24 16:09:03,532 - VGG_MNIST_logger - INFO - Epoch 5 [291/1875 (15.5%)] Loss: 0.0038 Acc: 1.0000
2025-11-24 16:09:04,195 - VGG_MNIST_logger - INFO - Epoch 5 [301/1875 (16.1%)] Loss: 0.0076 Acc: 1.0000
2025-11-24 16:09:04,809 - VGG_MNIST_logger - INFO - Epoch 5 [311/1875 (16.6%)] Loss: 0.0047 Acc: 1.0000
2025-11-24 16:09:05,392 - VGG_MNIST_logger - INFO - Epoch 5 [321/1875 (17.1%)] Loss: 0.0598 Acc: 0.9688
2025-11-24 16:09:05,996 - VGG_MNIST_logger - INFO - Epoch 5 [331/1875 (17.7%)] Loss: 0.0068 Acc: 1.0000
2025-11-24 16:09:06,570 - VGG_MNIST_logger - INFO - Epoch 5 [341/1875 (18.2%)] Loss: 0.0068 Acc: 1.0000
2025-11-24 16:09:07,158 - VGG_MNIST_logger - INFO - Epoch 5 [351/1875 (18.7%)] Loss: 0.0647 Acc: 1.0000
2025-11-24 16:09:07,746 - VGG_MNIST_logger - INFO - Epoch 5 [361/1875 (19.3%)] Loss: 0.0581 Acc: 1.0000
2025-11-24 16:09:08,386 - VGG_MNIST_logger - INFO - Epoch 5 [371/1875 (19.8%)] Loss: 0.0259 Acc: 1.0000
2025-11-24 16:09:09,016 - VGG_MNIST_logger - INFO - Epoch 5 [381/1875 (20.3%)] Loss: 0.0996 Acc: 0.9688
2025-11-24 16:09:09,637 - VGG_MNIST_logger - INFO - Epoch 5 [391/1875 (20.9%)] Loss: 0.0021 Acc: 1.0000
2025-11-24 16:09:10,231 - VGG_MNIST_logger - INFO - Epoch 5 [401/1875 (21.4%)] Loss: 0.0044 Acc: 1.0000
2025-11-24 16:09:10,816 - VGG_MNIST_logger - INFO - Epoch 5 [411/1875 (21.9%)] Loss: 0.0109 Acc: 1.0000
2025-11-24 16:09:11,416 - VGG_MNIST_logger - INFO - Epoch 5 [421/1875 (22.5%)] Loss: 0.0074 Acc: 1.0000
2025-11-24 16:09:12,004 - VGG_MNIST_logger - INFO - Epoch 5 [431/1875 (23.0%)] Loss: 0.0345 Acc: 1.0000
2025-11-24 16:09:12,629 - VGG_MNIST_logger - INFO - Epoch 5 [441/1875 (23.5%)] Loss: 0.0027 Acc: 1.0000
2025-11-24 16:09:13,439 - VGG_MNIST_logger - INFO - Epoch 5 [451/1875 (24.1%)] Loss: 0.0134 Acc: 1.0000
2025-11-24 16:09:14,051 - VGG_MNIST_logger - INFO - Epoch 5 [461/1875 (24.6%)] Loss: 0.0001 Acc: 1.0000
2025-11-24 16:09:14,664 - VGG_MNIST_logger - INFO - Epoch 5 [471/1875 (25.1%)] Loss: 0.0276 Acc: 1.0000
2025-11-24 16:09:15,293 - VGG_MNIST_logger - INFO - Epoch 5 [481/1875 (25.7%)] Loss: 0.1980 Acc: 1.0000
2025-11-24 16:09:15,913 - VGG_MNIST_logger - INFO - Epoch 5 [491/1875 (26.2%)] Loss: 0.0003 Acc: 1.0000
2025-11-24 16:09:16,529 - VGG_MNIST_logger - INFO - Epoch 5 [501/1875 (26.7%)] Loss: 0.0727 Acc: 0.9688
2025-11-24 16:09:17,115 - VGG_MNIST_logger - INFO - Epoch 5 [511/1875 (27.3%)] Loss: 0.2207 Acc: 0.9688
2025-11-24 16:09:17,713 - VGG_MNIST_logger - INFO - Epoch 5 [521/1875 (27.8%)] Loss: 0.0069 Acc: 1.0000
2025-11-24 16:09:18,297 - VGG_MNIST_logger - INFO - Epoch 5 [531/1875 (28.3%)] Loss: 0.0105 Acc: 1.0000
2025-11-24 16:09:18,884 - VGG_MNIST_logger - INFO - Epoch 5 [541/1875 (28.9%)] Loss: 0.0337 Acc: 1.0000
2025-11-24 16:09:19,469 - VGG_MNIST_logger - INFO - Epoch 5 [551/1875 (29.4%)] Loss: 0.0075 Acc: 1.0000
2025-11-24 16:09:20,154 - VGG_MNIST_logger - INFO - Epoch 5 [561/1875 (29.9%)] Loss: 0.0009 Acc: 1.0000
2025-11-24 16:09:20,901 - VGG_MNIST_logger - INFO - Epoch 5 [571/1875 (30.5%)] Loss: 0.0150 Acc: 1.0000
2025-11-24 16:09:21,501 - VGG_MNIST_logger - INFO - Epoch 5 [581/1875 (31.0%)] Loss: 0.0014 Acc: 1.0000
2025-11-24 16:09:22,128 - VGG_MNIST_logger - INFO - Epoch 5 [591/1875 (31.5%)] Loss: 0.0150 Acc: 0.9688
2025-11-24 16:09:22,727 - VGG_MNIST_logger - INFO - Epoch 5 [601/1875 (32.1%)] Loss: 0.0030 Acc: 1.0000
2025-11-24 16:09:23,314 - VGG_MNIST_logger - INFO - Epoch 5 [611/1875 (32.6%)] Loss: 0.0096 Acc: 1.0000
2025-11-24 16:09:23,911 - VGG_MNIST_logger - INFO - Epoch 5 [621/1875 (33.1%)] Loss: 0.0016 Acc: 1.0000
2025-11-24 16:09:24,520 - VGG_MNIST_logger - INFO - Epoch 5 [631/1875 (33.7%)] Loss: 0.0040 Acc: 1.0000
2025-11-24 16:09:25,105 - VGG_MNIST_logger - INFO - Epoch 5 [641/1875 (34.2%)] Loss: 0.0128 Acc: 1.0000
2025-11-24 16:09:25,685 - VGG_MNIST_logger - INFO - Epoch 5 [651/1875 (34.7%)] Loss: 0.0005 Acc: 1.0000
2025-11-24 16:09:26,272 - VGG_MNIST_logger - INFO - Epoch 5 [661/1875 (35.3%)] Loss: 0.0001 Acc: 1.0000
2025-11-24 16:09:26,877 - VGG_MNIST_logger - INFO - Epoch 5 [671/1875 (35.8%)] Loss: 0.0029 Acc: 1.0000
2025-11-24 16:09:27,495 - VGG_MNIST_logger - INFO - Epoch 5 [681/1875 (36.3%)] Loss: 0.0002 Acc: 1.0000
2025-11-24 16:09:28,147 - VGG_MNIST_logger - INFO - Epoch 5 [691/1875 (36.9%)] Loss: 0.0168 Acc: 1.0000
2025-11-24 16:09:28,821 - VGG_MNIST_logger - INFO - Epoch 5 [701/1875 (37.4%)] Loss: 0.0012 Acc: 1.0000
2025-11-24 16:09:29,485 - VGG_MNIST_logger - INFO - Epoch 5 [711/1875 (37.9%)] Loss: 0.0012 Acc: 1.0000
2025-11-24 16:09:30,263 - VGG_MNIST_logger - INFO - Epoch 5 [721/1875 (38.5%)] Loss: 0.0017 Acc: 1.0000
2025-11-24 16:09:30,956 - VGG_MNIST_logger - INFO - Epoch 5 [731/1875 (39.0%)] Loss: 0.0436 Acc: 0.9688
2025-11-24 16:09:31,670 - VGG_MNIST_logger - INFO - Epoch 5 [741/1875 (39.5%)] Loss: 0.1883 Acc: 1.0000
2025-11-24 16:09:32,393 - VGG_MNIST_logger - INFO - Epoch 5 [751/1875 (40.1%)] Loss: 0.0109 Acc: 1.0000
2025-11-24 16:09:33,115 - VGG_MNIST_logger - INFO - Epoch 5 [761/1875 (40.6%)] Loss: 0.0000 Acc: 1.0000
2025-11-24 16:09:33,724 - VGG_MNIST_logger - INFO - Epoch 5 [771/1875 (41.1%)] Loss: 0.0274 Acc: 1.0000
2025-11-24 16:09:34,348 - VGG_MNIST_logger - INFO - Epoch 5 [781/1875 (41.7%)] Loss: 0.0202 Acc: 1.0000
2025-11-24 16:09:34,926 - VGG_MNIST_logger - INFO - Epoch 5 [791/1875 (42.2%)] Loss: 0.1444 Acc: 1.0000
2025-11-24 16:09:35,535 - VGG_MNIST_logger - INFO - Epoch 5 [801/1875 (42.7%)] Loss: 0.0253 Acc: 1.0000
2025-11-24 16:09:36,156 - VGG_MNIST_logger - INFO - Epoch 5 [811/1875 (43.3%)] Loss: 0.0000 Acc: 1.0000
2025-11-24 16:09:36,761 - VGG_MNIST_logger - INFO - Epoch 5 [821/1875 (43.8%)] Loss: 0.2433 Acc: 0.9688
2025-11-24 16:09:37,340 - VGG_MNIST_logger - INFO - Epoch 5 [831/1875 (44.3%)] Loss: 0.0286 Acc: 1.0000
2025-11-24 16:09:37,934 - VGG_MNIST_logger - INFO - Epoch 5 [841/1875 (44.9%)] Loss: 0.0130 Acc: 1.0000
2025-11-24 16:09:38,527 - VGG_MNIST_logger - INFO - Epoch 5 [851/1875 (45.4%)] Loss: 0.0038 Acc: 0.9688
2025-11-24 16:09:39,107 - VGG_MNIST_logger - INFO - Epoch 5 [861/1875 (45.9%)] Loss: 0.0116 Acc: 1.0000
2025-11-24 16:09:39,701 - VGG_MNIST_logger - INFO - Epoch 5 [871/1875 (46.5%)] Loss: 0.0080 Acc: 1.0000
2025-11-24 16:09:40,290 - VGG_MNIST_logger - INFO - Epoch 5 [881/1875 (47.0%)] Loss: 0.0127 Acc: 1.0000
2025-11-24 16:09:40,889 - VGG_MNIST_logger - INFO - Epoch 5 [891/1875 (47.5%)] Loss: 0.0017 Acc: 1.0000
2025-11-24 16:09:41,470 - VGG_MNIST_logger - INFO - Epoch 5 [901/1875 (48.1%)] Loss: 0.0752 Acc: 1.0000
2025-11-24 16:09:42,053 - VGG_MNIST_logger - INFO - Epoch 5 [911/1875 (48.6%)] Loss: 0.1349 Acc: 0.9688
2025-11-24 16:09:42,640 - VGG_MNIST_logger - INFO - Epoch 5 [921/1875 (49.1%)] Loss: 0.0019 Acc: 1.0000
2025-11-24 16:09:43,241 - VGG_MNIST_logger - INFO - Epoch 5 [931/1875 (49.7%)] Loss: 0.0107 Acc: 1.0000
2025-11-24 16:09:43,840 - VGG_MNIST_logger - INFO - Epoch 5 [941/1875 (50.2%)] Loss: 0.0003 Acc: 1.0000
2025-11-24 16:09:44,418 - VGG_MNIST_logger - INFO - Epoch 5 [951/1875 (50.7%)] Loss: 0.0579 Acc: 1.0000
2025-11-24 16:09:45,012 - VGG_MNIST_logger - INFO - Epoch 5 [961/1875 (51.3%)] Loss: 0.2558 Acc: 0.9375
2025-11-24 16:09:45,599 - VGG_MNIST_logger - INFO - Epoch 5 [971/1875 (51.8%)] Loss: 0.0207 Acc: 1.0000
2025-11-24 16:09:46,196 - VGG_MNIST_logger - INFO - Epoch 5 [981/1875 (52.3%)] Loss: 0.0022 Acc: 0.9688
2025-11-24 16:09:46,782 - VGG_MNIST_logger - INFO - Epoch 5 [991/1875 (52.9%)] Loss: 0.0464 Acc: 1.0000
2025-11-24 16:09:47,378 - VGG_MNIST_logger - INFO - Epoch 5 [1001/1875 (53.4%)] Loss: 0.0005 Acc: 1.0000
2025-11-24 16:09:47,979 - VGG_MNIST_logger - INFO - Epoch 5 [1011/1875 (53.9%)] Loss: 0.0160 Acc: 1.0000
2025-11-24 16:09:48,569 - VGG_MNIST_logger - INFO - Epoch 5 [1021/1875 (54.5%)] Loss: 0.0003 Acc: 1.0000
2025-11-24 16:09:49,193 - VGG_MNIST_logger - INFO - Epoch 5 [1031/1875 (55.0%)] Loss: 0.0018 Acc: 1.0000
2025-11-24 16:09:49,813 - VGG_MNIST_logger - INFO - Epoch 5 [1041/1875 (55.5%)] Loss: 0.0002 Acc: 1.0000
2025-11-24 16:09:50,446 - VGG_MNIST_logger - INFO - Epoch 5 [1051/1875 (56.1%)] Loss: 0.0024 Acc: 1.0000
2025-11-24 16:09:51,047 - VGG_MNIST_logger - INFO - Epoch 5 [1061/1875 (56.6%)] Loss: 0.0861 Acc: 1.0000
2025-11-24 16:09:51,637 - VGG_MNIST_logger - INFO - Epoch 5 [1071/1875 (57.1%)] Loss: 0.0237 Acc: 0.9688
2025-11-24 16:09:52,232 - VGG_MNIST_logger - INFO - Epoch 5 [1081/1875 (57.7%)] Loss: 0.1021 Acc: 1.0000
2025-11-24 16:09:52,823 - VGG_MNIST_logger - INFO - Epoch 5 [1091/1875 (58.2%)] Loss: 0.0116 Acc: 1.0000
2025-11-24 16:09:53,416 - VGG_MNIST_logger - INFO - Epoch 5 [1101/1875 (58.7%)] Loss: 0.3537 Acc: 0.9688
2025-11-24 16:09:53,998 - VGG_MNIST_logger - INFO - Epoch 5 [1111/1875 (59.3%)] Loss: 0.0009 Acc: 1.0000
2025-11-24 16:09:54,598 - VGG_MNIST_logger - INFO - Epoch 5 [1121/1875 (59.8%)] Loss: 0.0016 Acc: 1.0000
2025-11-24 16:09:55,462 - VGG_MNIST_logger - INFO - Epoch 5 [1131/1875 (60.3%)] Loss: 0.0583 Acc: 1.0000
2025-11-24 16:09:56,061 - VGG_MNIST_logger - INFO - Epoch 5 [1141/1875 (60.9%)] Loss: 0.0523 Acc: 1.0000
2025-11-24 16:09:56,651 - VGG_MNIST_logger - INFO - Epoch 5 [1151/1875 (61.4%)] Loss: 0.0170 Acc: 1.0000
2025-11-24 16:09:57,246 - VGG_MNIST_logger - INFO - Epoch 5 [1161/1875 (61.9%)] Loss: 0.3983 Acc: 0.9688
2025-11-24 16:09:57,850 - VGG_MNIST_logger - INFO - Epoch 5 [1171/1875 (62.5%)] Loss: 0.0181 Acc: 1.0000
2025-11-24 16:09:58,426 - VGG_MNIST_logger - INFO - Epoch 5 [1181/1875 (63.0%)] Loss: 0.0473 Acc: 1.0000
2025-11-24 16:09:59,031 - VGG_MNIST_logger - INFO - Epoch 5 [1191/1875 (63.5%)] Loss: 0.0008 Acc: 1.0000
2025-11-24 16:09:59,647 - VGG_MNIST_logger - INFO - Epoch 5 [1201/1875 (64.1%)] Loss: 0.0425 Acc: 1.0000
2025-11-24 16:10:00,235 - VGG_MNIST_logger - INFO - Epoch 5 [1211/1875 (64.6%)] Loss: 0.0279 Acc: 0.9688
2025-11-24 16:10:00,841 - VGG_MNIST_logger - INFO - Epoch 5 [1221/1875 (65.1%)] Loss: 0.0002 Acc: 1.0000
2025-11-24 16:10:01,441 - VGG_MNIST_logger - INFO - Epoch 5 [1231/1875 (65.7%)] Loss: 0.0036 Acc: 1.0000
2025-11-24 16:10:02,029 - VGG_MNIST_logger - INFO - Epoch 5 [1241/1875 (66.2%)] Loss: 0.2555 Acc: 0.9688
2025-11-24 16:10:02,644 - VGG_MNIST_logger - INFO - Epoch 5 [1251/1875 (66.7%)] Loss: 0.0011 Acc: 1.0000
2025-11-24 16:10:03,256 - VGG_MNIST_logger - INFO - Epoch 5 [1261/1875 (67.3%)] Loss: 0.0025 Acc: 1.0000
2025-11-24 16:10:03,848 - VGG_MNIST_logger - INFO - Epoch 5 [1271/1875 (67.8%)] Loss: 0.0017 Acc: 1.0000
2025-11-24 16:10:04,443 - VGG_MNIST_logger - INFO - Epoch 5 [1281/1875 (68.3%)] Loss: 0.0007 Acc: 1.0000
2025-11-24 16:10:05,032 - VGG_MNIST_logger - INFO - Epoch 5 [1291/1875 (68.9%)] Loss: 0.1518 Acc: 0.9688
2025-11-24 16:10:05,620 - VGG_MNIST_logger - INFO - Epoch 5 [1301/1875 (69.4%)] Loss: 0.0536 Acc: 0.9375
2025-11-24 16:10:06,211 - VGG_MNIST_logger - INFO - Epoch 5 [1311/1875 (69.9%)] Loss: 0.0014 Acc: 1.0000
2025-11-24 16:10:06,784 - VGG_MNIST_logger - INFO - Epoch 5 [1321/1875 (70.5%)] Loss: 0.0002 Acc: 1.0000
2025-11-24 16:10:07,371 - VGG_MNIST_logger - INFO - Epoch 5 [1331/1875 (71.0%)] Loss: 0.0006 Acc: 1.0000
2025-11-24 16:10:08,018 - VGG_MNIST_logger - INFO - Epoch 5 [1341/1875 (71.5%)] Loss: 0.0201 Acc: 1.0000
2025-11-24 16:10:08,868 - VGG_MNIST_logger - INFO - Epoch 5 [1351/1875 (72.1%)] Loss: 0.0038 Acc: 1.0000
2025-11-24 16:10:09,622 - VGG_MNIST_logger - INFO - Epoch 5 [1361/1875 (72.6%)] Loss: 0.0001 Acc: 1.0000
2025-11-24 16:10:10,437 - VGG_MNIST_logger - INFO - Epoch 5 [1371/1875 (73.1%)] Loss: 0.0061 Acc: 1.0000
2025-11-24 16:10:11,093 - VGG_MNIST_logger - INFO - Epoch 5 [1381/1875 (73.7%)] Loss: 0.0040 Acc: 1.0000
2025-11-24 16:10:11,715 - VGG_MNIST_logger - INFO - Epoch 5 [1391/1875 (74.2%)] Loss: 0.6061 Acc: 0.9688
2025-11-24 16:10:12,361 - VGG_MNIST_logger - INFO - Epoch 5 [1401/1875 (74.7%)] Loss: 0.0137 Acc: 1.0000
2025-11-24 16:10:13,035 - VGG_MNIST_logger - INFO - Epoch 5 [1411/1875 (75.3%)] Loss: 0.0006 Acc: 1.0000
2025-11-24 16:10:13,704 - VGG_MNIST_logger - INFO - Epoch 5 [1421/1875 (75.8%)] Loss: 0.0075 Acc: 1.0000
2025-11-24 16:10:14,404 - VGG_MNIST_logger - INFO - Epoch 5 [1431/1875 (76.3%)] Loss: 0.0146 Acc: 1.0000
2025-11-24 16:10:15,096 - VGG_MNIST_logger - INFO - Epoch 5 [1441/1875 (76.9%)] Loss: 0.0398 Acc: 0.9688
2025-11-24 16:10:15,770 - VGG_MNIST_logger - INFO - Epoch 5 [1451/1875 (77.4%)] Loss: 0.0004 Acc: 1.0000
2025-11-24 16:10:16,467 - VGG_MNIST_logger - INFO - Epoch 5 [1461/1875 (77.9%)] Loss: 0.0012 Acc: 1.0000
2025-11-24 16:10:17,131 - VGG_MNIST_logger - INFO - Epoch 5 [1471/1875 (78.5%)] Loss: 0.2681 Acc: 0.9688
2025-11-24 16:10:17,808 - VGG_MNIST_logger - INFO - Epoch 5 [1481/1875 (79.0%)] Loss: 0.0205 Acc: 0.9688
2025-11-24 16:10:18,473 - VGG_MNIST_logger - INFO - Epoch 5 [1491/1875 (79.5%)] Loss: 0.0071 Acc: 1.0000
2025-11-24 16:10:19,148 - VGG_MNIST_logger - INFO - Epoch 5 [1501/1875 (80.1%)] Loss: 0.0506 Acc: 1.0000
2025-11-24 16:10:19,833 - VGG_MNIST_logger - INFO - Epoch 5 [1511/1875 (80.6%)] Loss: 0.0005 Acc: 1.0000
2025-11-24 16:10:20,525 - VGG_MNIST_logger - INFO - Epoch 5 [1521/1875 (81.1%)] Loss: 0.0901 Acc: 1.0000
2025-11-24 16:10:21,196 - VGG_MNIST_logger - INFO - Epoch 5 [1531/1875 (81.7%)] Loss: 0.0009 Acc: 1.0000
2025-11-24 16:10:21,833 - VGG_MNIST_logger - INFO - Epoch 5 [1541/1875 (82.2%)] Loss: 0.0032 Acc: 1.0000
2025-11-24 16:10:22,515 - VGG_MNIST_logger - INFO - Epoch 5 [1551/1875 (82.7%)] Loss: 0.0154 Acc: 1.0000
2025-11-24 16:10:23,382 - VGG_MNIST_logger - INFO - Epoch 5 [1561/1875 (83.3%)] Loss: 0.0012 Acc: 1.0000
2025-11-24 16:10:24,128 - VGG_MNIST_logger - INFO - Epoch 5 [1571/1875 (83.8%)] Loss: 0.2541 Acc: 0.9688
2025-11-24 16:10:24,713 - VGG_MNIST_logger - INFO - Epoch 5 [1581/1875 (84.3%)] Loss: 0.0107 Acc: 1.0000
2025-11-24 16:10:25,321 - VGG_MNIST_logger - INFO - Epoch 5 [1591/1875 (84.9%)] Loss: 0.0039 Acc: 1.0000
2025-11-24 16:10:25,969 - VGG_MNIST_logger - INFO - Epoch 5 [1601/1875 (85.4%)] Loss: 0.0222 Acc: 1.0000
2025-11-24 16:10:26,615 - VGG_MNIST_logger - INFO - Epoch 5 [1611/1875 (85.9%)] Loss: 0.0021 Acc: 1.0000
2025-11-24 16:10:27,284 - VGG_MNIST_logger - INFO - Epoch 5 [1621/1875 (86.5%)] Loss: 0.0005 Acc: 1.0000
2025-11-24 16:10:27,898 - VGG_MNIST_logger - INFO - Epoch 5 [1631/1875 (87.0%)] Loss: 0.0201 Acc: 1.0000
2025-11-24 16:10:28,514 - VGG_MNIST_logger - INFO - Epoch 5 [1641/1875 (87.5%)] Loss: 0.0043 Acc: 1.0000
2025-11-24 16:10:29,133 - VGG_MNIST_logger - INFO - Epoch 5 [1651/1875 (88.1%)] Loss: 0.0009 Acc: 1.0000
2025-11-24 16:10:29,731 - VGG_MNIST_logger - INFO - Epoch 5 [1661/1875 (88.6%)] Loss: 0.0805 Acc: 1.0000
2025-11-24 16:10:30,534 - VGG_MNIST_logger - INFO - Epoch 5 [1671/1875 (89.1%)] Loss: 0.0042 Acc: 1.0000
2025-11-24 16:10:31,246 - VGG_MNIST_logger - INFO - Epoch 5 [1681/1875 (89.7%)] Loss: 0.0006 Acc: 1.0000
2025-11-24 16:10:31,857 - VGG_MNIST_logger - INFO - Epoch 5 [1691/1875 (90.2%)] Loss: 0.0000 Acc: 1.0000
2025-11-24 16:10:32,559 - VGG_MNIST_logger - INFO - Epoch 5 [1701/1875 (90.7%)] Loss: 0.0002 Acc: 1.0000
2025-11-24 16:10:33,196 - VGG_MNIST_logger - INFO - Epoch 5 [1711/1875 (91.3%)] Loss: 0.0055 Acc: 1.0000
2025-11-24 16:10:33,852 - VGG_MNIST_logger - INFO - Epoch 5 [1721/1875 (91.8%)] Loss: 0.2032 Acc: 0.9688
2025-11-24 16:10:34,436 - VGG_MNIST_logger - INFO - Epoch 5 [1731/1875 (92.3%)] Loss: 0.0023 Acc: 1.0000
2025-11-24 16:10:35,033 - VGG_MNIST_logger - INFO - Epoch 5 [1741/1875 (92.9%)] Loss: 0.0336 Acc: 0.9688
2025-11-24 16:10:35,619 - VGG_MNIST_logger - INFO - Epoch 5 [1751/1875 (93.4%)] Loss: 0.0012 Acc: 1.0000
2025-11-24 16:10:36,236 - VGG_MNIST_logger - INFO - Epoch 5 [1761/1875 (93.9%)] Loss: 0.0020 Acc: 1.0000
2025-11-24 16:10:36,852 - VGG_MNIST_logger - INFO - Epoch 5 [1771/1875 (94.5%)] Loss: 0.0004 Acc: 1.0000
2025-11-24 16:10:37,471 - VGG_MNIST_logger - INFO - Epoch 5 [1781/1875 (95.0%)] Loss: 0.0019 Acc: 1.0000
2025-11-24 16:10:38,073 - VGG_MNIST_logger - INFO - Epoch 5 [1791/1875 (95.5%)] Loss: 0.0063 Acc: 1.0000
2025-11-24 16:10:38,664 - VGG_MNIST_logger - INFO - Epoch 5 [1801/1875 (96.1%)] Loss: 0.0002 Acc: 1.0000
2025-11-24 16:10:39,303 - VGG_MNIST_logger - INFO - Epoch 5 [1811/1875 (96.6%)] Loss: 0.0072 Acc: 1.0000
2025-11-24 16:10:39,948 - VGG_MNIST_logger - INFO - Epoch 5 [1821/1875 (97.1%)] Loss: 0.0435 Acc: 1.0000
2025-11-24 16:10:40,558 - VGG_MNIST_logger - INFO - Epoch 5 [1831/1875 (97.7%)] Loss: 0.0412 Acc: 1.0000
2025-11-24 16:10:41,179 - VGG_MNIST_logger - INFO - Epoch 5 [1841/1875 (98.2%)] Loss: 0.0762 Acc: 1.0000
2025-11-24 16:10:42,053 - VGG_MNIST_logger - INFO - Epoch 5 [1851/1875 (98.7%)] Loss: 0.0200 Acc: 1.0000
2025-11-24 16:10:42,679 - VGG_MNIST_logger - INFO - Epoch 5 [1861/1875 (99.3%)] Loss: 0.0047 Acc: 1.0000
2025-11-24 16:10:43,426 - VGG_MNIST_logger - INFO - Epoch 5 [1871/1875 (99.8%)] Loss: 0.0003 Acc: 1.0000
2025-11-24 16:11:24,809 - VGG_MNIST_logger - INFO - Epoch   5 | Train Loss: 0.0378 | Train Acc: 0.9945 | Val Loss: 0.0325 | Val Acc: 0.0325
2025-11-24 16:11:30,314 - VGG_MNIST_logger - INFO - ============================================================
2025-11-24 16:11:30,314 - VGG_MNIST_logger - INFO - 训练完成！最终性能指标:
2025-11-24 16:11:30,316 - VGG_MNIST_logger - INFO -   test_accuracy: 0.9923
2025-11-24 16:11:30,316 - VGG_MNIST_logger - INFO -   test_loss: 0.0325
2025-11-24 16:11:30,316 - VGG_MNIST_logger - INFO -   training_time: 781.7037
2025-11-24 16:11:30,316 - VGG_MNIST_logger - INFO - ============================================================
2025-11-24 16:11:30,317 - VGG_MNIST_logger - INFO - 训练结束时间: 2025-11-24 16:11:30
2025-11-24 16:11:30,317 - VGG_MNIST_logger - INFO - 总训练时间: 00:13:07
2025-11-24 16:11:30,317 - VGG_MNIST_logger - INFO - 日志文件: assets/logs/VGG_MNIST_20251124_155823.log
2025-11-24 16:11:30,317 - VGG_MNIST_logger - INFO - ============================================================
