2025-11-23 22:31:17,730 - VGG_MNIST_logger - INFO - ============================================================
2025-11-23 22:31:17,731 - VGG_MNIST_logger - INFO - 开始训练模型: VGG_MNIST
2025-11-23 22:31:17,731 - VGG_MNIST_logger - INFO - 训练开始时间: 2025-11-23 22:31:17
2025-11-23 22:31:17,731 - VGG_MNIST_logger - INFO - 训练配置:
2025-11-23 22:31:17,731 - VGG_MNIST_logger - INFO -   model_type: VGG_MNIST
2025-11-23 22:31:17,731 - VGG_MNIST_logger - INFO -   learning_rate: 0.001
2025-11-23 22:31:17,731 - VGG_MNIST_logger - INFO -   batch_size: 32
2025-11-23 22:31:17,731 - VGG_MNIST_logger - INFO -   epochs: 5
2025-11-23 22:31:17,731 - VGG_MNIST_logger - INFO -   activation: ReLU
2025-11-23 22:31:17,731 - VGG_MNIST_logger - INFO -   device: cpu
2025-11-23 22:31:17,731 - VGG_MNIST_logger - INFO - ============================================================
2025-11-23 22:31:18,126 - VGG_MNIST_logger - INFO - Epoch 1 [1/1875 (0.1%)] Loss: 2.3089 Acc: 0.0625
2025-11-23 22:31:18,717 - VGG_MNIST_logger - INFO - Epoch 1 [11/1875 (0.6%)] Loss: 2.2531 Acc: 0.1562
2025-11-23 22:31:19,385 - VGG_MNIST_logger - INFO - Epoch 1 [21/1875 (1.1%)] Loss: 2.3178 Acc: 0.0938
2025-11-23 22:31:19,976 - VGG_MNIST_logger - INFO - Epoch 1 [31/1875 (1.7%)] Loss: 2.2836 Acc: 0.2812
2025-11-23 22:31:20,581 - VGG_MNIST_logger - INFO - Epoch 1 [41/1875 (2.2%)] Loss: 2.0985 Acc: 0.3750
2025-11-23 22:31:21,177 - VGG_MNIST_logger - INFO - Epoch 1 [51/1875 (2.7%)] Loss: 1.8005 Acc: 0.6250
2025-11-23 22:31:21,779 - VGG_MNIST_logger - INFO - Epoch 1 [61/1875 (3.3%)] Loss: 1.2615 Acc: 0.7188
2025-11-23 22:31:22,376 - VGG_MNIST_logger - INFO - Epoch 1 [71/1875 (3.8%)] Loss: 1.3364 Acc: 0.8750
2025-11-23 22:31:22,979 - VGG_MNIST_logger - INFO - Epoch 1 [81/1875 (4.3%)] Loss: 1.1768 Acc: 0.8750
2025-11-23 22:31:23,584 - VGG_MNIST_logger - INFO - Epoch 1 [91/1875 (4.9%)] Loss: 0.9261 Acc: 0.8125
2025-11-23 22:31:24,179 - VGG_MNIST_logger - INFO - Epoch 1 [101/1875 (5.4%)] Loss: 0.5364 Acc: 0.8750
2025-11-23 22:31:24,780 - VGG_MNIST_logger - INFO - Epoch 1 [111/1875 (5.9%)] Loss: 1.0781 Acc: 0.9062
2025-11-23 22:31:25,457 - VGG_MNIST_logger - INFO - Epoch 1 [121/1875 (6.5%)] Loss: 0.6162 Acc: 0.9375
2025-11-23 22:31:26,060 - VGG_MNIST_logger - INFO - Epoch 1 [131/1875 (7.0%)] Loss: 0.5578 Acc: 0.9062
2025-11-23 22:31:26,663 - VGG_MNIST_logger - INFO - Epoch 1 [141/1875 (7.5%)] Loss: 0.3496 Acc: 0.9062
2025-11-23 22:31:27,267 - VGG_MNIST_logger - INFO - Epoch 1 [151/1875 (8.1%)] Loss: 0.4456 Acc: 0.9375
2025-11-23 22:31:27,869 - VGG_MNIST_logger - INFO - Epoch 1 [161/1875 (8.6%)] Loss: 0.5898 Acc: 0.8750
2025-11-23 22:31:28,465 - VGG_MNIST_logger - INFO - Epoch 1 [171/1875 (9.1%)] Loss: 0.5278 Acc: 0.9688
2025-11-23 22:31:29,066 - VGG_MNIST_logger - INFO - Epoch 1 [181/1875 (9.7%)] Loss: 0.4811 Acc: 0.9062
2025-11-23 22:31:29,662 - VGG_MNIST_logger - INFO - Epoch 1 [191/1875 (10.2%)] Loss: 0.2432 Acc: 1.0000
2025-11-23 22:31:30,265 - VGG_MNIST_logger - INFO - Epoch 1 [201/1875 (10.7%)] Loss: 0.2176 Acc: 0.9688
2025-11-23 22:31:30,864 - VGG_MNIST_logger - INFO - Epoch 1 [211/1875 (11.3%)] Loss: 0.3895 Acc: 0.9688
2025-11-23 22:31:31,541 - VGG_MNIST_logger - INFO - Epoch 1 [221/1875 (11.8%)] Loss: 0.1299 Acc: 0.9688
2025-11-23 22:31:32,147 - VGG_MNIST_logger - INFO - Epoch 1 [231/1875 (12.3%)] Loss: 0.4379 Acc: 0.8438
2025-11-23 22:31:32,745 - VGG_MNIST_logger - INFO - Epoch 1 [241/1875 (12.9%)] Loss: 0.2331 Acc: 1.0000
2025-11-23 22:31:33,347 - VGG_MNIST_logger - INFO - Epoch 1 [251/1875 (13.4%)] Loss: 0.4243 Acc: 0.9688
2025-11-23 22:31:33,947 - VGG_MNIST_logger - INFO - Epoch 1 [261/1875 (13.9%)] Loss: 0.4013 Acc: 0.9062
2025-11-23 22:31:34,548 - VGG_MNIST_logger - INFO - Epoch 1 [271/1875 (14.5%)] Loss: 0.3277 Acc: 0.9688
2025-11-23 22:31:35,149 - VGG_MNIST_logger - INFO - Epoch 1 [281/1875 (15.0%)] Loss: 0.3312 Acc: 0.9688
2025-11-23 22:31:35,758 - VGG_MNIST_logger - INFO - Epoch 1 [291/1875 (15.5%)] Loss: 0.1024 Acc: 1.0000
2025-11-23 22:31:36,360 - VGG_MNIST_logger - INFO - Epoch 1 [301/1875 (16.1%)] Loss: 0.2823 Acc: 0.9688
2025-11-23 22:31:36,960 - VGG_MNIST_logger - INFO - Epoch 1 [311/1875 (16.6%)] Loss: 0.1575 Acc: 0.9688
2025-11-23 22:31:37,636 - VGG_MNIST_logger - INFO - Epoch 1 [321/1875 (17.1%)] Loss: 0.2176 Acc: 0.9375
2025-11-23 22:31:38,238 - VGG_MNIST_logger - INFO - Epoch 1 [331/1875 (17.7%)] Loss: 0.1490 Acc: 0.9688
2025-11-23 22:31:38,843 - VGG_MNIST_logger - INFO - Epoch 1 [341/1875 (18.2%)] Loss: 0.0338 Acc: 1.0000
2025-11-23 22:31:39,442 - VGG_MNIST_logger - INFO - Epoch 1 [351/1875 (18.7%)] Loss: 0.1171 Acc: 0.9688
2025-11-23 22:31:40,042 - VGG_MNIST_logger - INFO - Epoch 1 [361/1875 (19.3%)] Loss: 0.1544 Acc: 1.0000
2025-11-23 22:31:40,644 - VGG_MNIST_logger - INFO - Epoch 1 [371/1875 (19.8%)] Loss: 0.2259 Acc: 0.9688
2025-11-23 22:31:41,238 - VGG_MNIST_logger - INFO - Epoch 1 [381/1875 (20.3%)] Loss: 0.1943 Acc: 1.0000
2025-11-23 22:31:41,848 - VGG_MNIST_logger - INFO - Epoch 1 [391/1875 (20.9%)] Loss: 0.1726 Acc: 0.9688
2025-11-23 22:31:42,449 - VGG_MNIST_logger - INFO - Epoch 1 [401/1875 (21.4%)] Loss: 0.0389 Acc: 1.0000
2025-11-23 22:31:43,051 - VGG_MNIST_logger - INFO - Epoch 1 [411/1875 (21.9%)] Loss: 0.2183 Acc: 1.0000
2025-11-23 22:31:43,719 - VGG_MNIST_logger - INFO - Epoch 1 [421/1875 (22.5%)] Loss: 0.0980 Acc: 1.0000
2025-11-23 22:31:44,320 - VGG_MNIST_logger - INFO - Epoch 1 [431/1875 (23.0%)] Loss: 0.1828 Acc: 0.9375
2025-11-23 22:31:44,930 - VGG_MNIST_logger - INFO - Epoch 1 [441/1875 (23.5%)] Loss: 0.1891 Acc: 0.9688
2025-11-23 22:31:45,527 - VGG_MNIST_logger - INFO - Epoch 1 [451/1875 (24.1%)] Loss: 0.0472 Acc: 1.0000
2025-11-23 22:31:46,128 - VGG_MNIST_logger - INFO - Epoch 1 [461/1875 (24.6%)] Loss: 0.0942 Acc: 1.0000
2025-11-23 22:31:46,756 - VGG_MNIST_logger - INFO - Epoch 1 [471/1875 (25.1%)] Loss: 0.1784 Acc: 1.0000
2025-11-23 22:31:47,365 - VGG_MNIST_logger - INFO - Epoch 1 [481/1875 (25.7%)] Loss: 0.1530 Acc: 1.0000
2025-11-23 22:31:47,970 - VGG_MNIST_logger - INFO - Epoch 1 [491/1875 (26.2%)] Loss: 0.2896 Acc: 1.0000
2025-11-23 22:31:48,573 - VGG_MNIST_logger - INFO - Epoch 1 [501/1875 (26.7%)] Loss: 0.2045 Acc: 1.0000
2025-11-23 22:31:49,178 - VGG_MNIST_logger - INFO - Epoch 1 [511/1875 (27.3%)] Loss: 0.0831 Acc: 1.0000
2025-11-23 22:31:49,844 - VGG_MNIST_logger - INFO - Epoch 1 [521/1875 (27.8%)] Loss: 0.1695 Acc: 0.9375
2025-11-23 22:31:50,443 - VGG_MNIST_logger - INFO - Epoch 1 [531/1875 (28.3%)] Loss: 0.2402 Acc: 0.9375
2025-11-23 22:31:51,045 - VGG_MNIST_logger - INFO - Epoch 1 [541/1875 (28.9%)] Loss: 0.4047 Acc: 0.9375
2025-11-23 22:31:51,653 - VGG_MNIST_logger - INFO - Epoch 1 [551/1875 (29.4%)] Loss: 0.1298 Acc: 1.0000
2025-11-23 22:31:52,254 - VGG_MNIST_logger - INFO - Epoch 1 [561/1875 (29.9%)] Loss: 0.1323 Acc: 0.9688
2025-11-23 22:31:52,864 - VGG_MNIST_logger - INFO - Epoch 1 [571/1875 (30.5%)] Loss: 0.1185 Acc: 1.0000
2025-11-23 22:31:53,465 - VGG_MNIST_logger - INFO - Epoch 1 [581/1875 (31.0%)] Loss: 0.0589 Acc: 1.0000
2025-11-23 22:31:54,056 - VGG_MNIST_logger - INFO - Epoch 1 [591/1875 (31.5%)] Loss: 0.3578 Acc: 0.9375
2025-11-23 22:31:54,655 - VGG_MNIST_logger - INFO - Epoch 1 [601/1875 (32.1%)] Loss: 0.1217 Acc: 0.9688
2025-11-23 22:31:55,253 - VGG_MNIST_logger - INFO - Epoch 1 [611/1875 (32.6%)] Loss: 0.1473 Acc: 0.9688
2025-11-23 22:31:55,933 - VGG_MNIST_logger - INFO - Epoch 1 [621/1875 (33.1%)] Loss: 0.2346 Acc: 0.9688
2025-11-23 22:31:56,537 - VGG_MNIST_logger - INFO - Epoch 1 [631/1875 (33.7%)] Loss: 0.0313 Acc: 1.0000
2025-11-23 22:31:57,135 - VGG_MNIST_logger - INFO - Epoch 1 [641/1875 (34.2%)] Loss: 0.3719 Acc: 0.9375
2025-11-23 22:31:57,737 - VGG_MNIST_logger - INFO - Epoch 1 [651/1875 (34.7%)] Loss: 0.0428 Acc: 0.9375
2025-11-23 22:31:58,339 - VGG_MNIST_logger - INFO - Epoch 1 [661/1875 (35.3%)] Loss: 0.0380 Acc: 1.0000
2025-11-23 22:31:58,945 - VGG_MNIST_logger - INFO - Epoch 1 [671/1875 (35.8%)] Loss: 0.0225 Acc: 1.0000
2025-11-23 22:31:59,544 - VGG_MNIST_logger - INFO - Epoch 1 [681/1875 (36.3%)] Loss: 0.1100 Acc: 0.9688
2025-11-23 22:32:00,151 - VGG_MNIST_logger - INFO - Epoch 1 [691/1875 (36.9%)] Loss: 0.0439 Acc: 1.0000
2025-11-23 22:32:00,756 - VGG_MNIST_logger - INFO - Epoch 1 [701/1875 (37.4%)] Loss: 0.0580 Acc: 1.0000
2025-11-23 22:32:01,351 - VGG_MNIST_logger - INFO - Epoch 1 [711/1875 (37.9%)] Loss: 0.0529 Acc: 1.0000
2025-11-23 22:32:02,036 - VGG_MNIST_logger - INFO - Epoch 1 [721/1875 (38.5%)] Loss: 0.5317 Acc: 0.9688
2025-11-23 22:32:02,634 - VGG_MNIST_logger - INFO - Epoch 1 [731/1875 (39.0%)] Loss: 0.0976 Acc: 1.0000
2025-11-23 22:32:03,237 - VGG_MNIST_logger - INFO - Epoch 1 [741/1875 (39.5%)] Loss: 0.2664 Acc: 0.9375
2025-11-23 22:32:03,838 - VGG_MNIST_logger - INFO - Epoch 1 [751/1875 (40.1%)] Loss: 0.3412 Acc: 1.0000
2025-11-23 22:32:04,442 - VGG_MNIST_logger - INFO - Epoch 1 [761/1875 (40.6%)] Loss: 0.2437 Acc: 0.9688
2025-11-23 22:32:05,043 - VGG_MNIST_logger - INFO - Epoch 1 [771/1875 (41.1%)] Loss: 0.1061 Acc: 1.0000
2025-11-23 22:32:05,640 - VGG_MNIST_logger - INFO - Epoch 1 [781/1875 (41.7%)] Loss: 0.1286 Acc: 0.9688
2025-11-23 22:32:06,246 - VGG_MNIST_logger - INFO - Epoch 1 [791/1875 (42.2%)] Loss: 0.2102 Acc: 0.9375
2025-11-23 22:32:06,850 - VGG_MNIST_logger - INFO - Epoch 1 [801/1875 (42.7%)] Loss: 0.4451 Acc: 0.9688
2025-11-23 22:32:07,457 - VGG_MNIST_logger - INFO - Epoch 1 [811/1875 (43.3%)] Loss: 0.1037 Acc: 1.0000
2025-11-23 22:32:08,122 - VGG_MNIST_logger - INFO - Epoch 1 [821/1875 (43.8%)] Loss: 0.2184 Acc: 0.9375
2025-11-23 22:32:08,732 - VGG_MNIST_logger - INFO - Epoch 1 [831/1875 (44.3%)] Loss: 0.0313 Acc: 1.0000
2025-11-23 22:32:09,337 - VGG_MNIST_logger - INFO - Epoch 1 [841/1875 (44.9%)] Loss: 0.0151 Acc: 1.0000
2025-11-23 22:32:09,935 - VGG_MNIST_logger - INFO - Epoch 1 [851/1875 (45.4%)] Loss: 0.7103 Acc: 0.9688
2025-11-23 22:32:10,541 - VGG_MNIST_logger - INFO - Epoch 1 [861/1875 (45.9%)] Loss: 0.1104 Acc: 0.9688
2025-11-23 22:32:11,141 - VGG_MNIST_logger - INFO - Epoch 1 [871/1875 (46.5%)] Loss: 0.2461 Acc: 1.0000
2025-11-23 22:32:11,750 - VGG_MNIST_logger - INFO - Epoch 1 [881/1875 (47.0%)] Loss: 0.0191 Acc: 1.0000
2025-11-23 22:32:12,345 - VGG_MNIST_logger - INFO - Epoch 1 [891/1875 (47.5%)] Loss: 0.1345 Acc: 0.9688
2025-11-23 22:32:12,947 - VGG_MNIST_logger - INFO - Epoch 1 [901/1875 (48.1%)] Loss: 0.0308 Acc: 1.0000
2025-11-23 22:32:13,556 - VGG_MNIST_logger - INFO - Epoch 1 [911/1875 (48.6%)] Loss: 0.3361 Acc: 0.9688
2025-11-23 22:32:14,231 - VGG_MNIST_logger - INFO - Epoch 1 [921/1875 (49.1%)] Loss: 0.0951 Acc: 0.9688
2025-11-23 22:32:14,841 - VGG_MNIST_logger - INFO - Epoch 1 [931/1875 (49.7%)] Loss: 0.2868 Acc: 1.0000
2025-11-23 22:32:15,440 - VGG_MNIST_logger - INFO - Epoch 1 [941/1875 (50.2%)] Loss: 0.0477 Acc: 0.9688
2025-11-23 22:32:16,046 - VGG_MNIST_logger - INFO - Epoch 1 [951/1875 (50.7%)] Loss: 0.1037 Acc: 1.0000
2025-11-23 22:32:16,642 - VGG_MNIST_logger - INFO - Epoch 1 [961/1875 (51.3%)] Loss: 0.0927 Acc: 1.0000
2025-11-23 22:32:17,244 - VGG_MNIST_logger - INFO - Epoch 1 [971/1875 (51.8%)] Loss: 0.1155 Acc: 1.0000
2025-11-23 22:32:17,846 - VGG_MNIST_logger - INFO - Epoch 1 [981/1875 (52.3%)] Loss: 0.0280 Acc: 1.0000
2025-11-23 22:32:18,446 - VGG_MNIST_logger - INFO - Epoch 1 [991/1875 (52.9%)] Loss: 0.0509 Acc: 1.0000
2025-11-23 22:32:19,046 - VGG_MNIST_logger - INFO - Epoch 1 [1001/1875 (53.4%)] Loss: 0.3370 Acc: 0.9688
2025-11-23 22:32:19,649 - VGG_MNIST_logger - INFO - Epoch 1 [1011/1875 (53.9%)] Loss: 0.0545 Acc: 1.0000
2025-11-23 22:32:20,329 - VGG_MNIST_logger - INFO - Epoch 1 [1021/1875 (54.5%)] Loss: 0.0086 Acc: 0.9688
2025-11-23 22:32:20,932 - VGG_MNIST_logger - INFO - Epoch 1 [1031/1875 (55.0%)] Loss: 0.0404 Acc: 1.0000
2025-11-23 22:32:21,536 - VGG_MNIST_logger - INFO - Epoch 1 [1041/1875 (55.5%)] Loss: 0.4388 Acc: 0.9375
2025-11-23 22:32:22,138 - VGG_MNIST_logger - INFO - Epoch 1 [1051/1875 (56.1%)] Loss: 0.0503 Acc: 1.0000
2025-11-23 22:32:22,737 - VGG_MNIST_logger - INFO - Epoch 1 [1061/1875 (56.6%)] Loss: 0.5627 Acc: 0.9062
2025-11-23 22:32:23,340 - VGG_MNIST_logger - INFO - Epoch 1 [1071/1875 (57.1%)] Loss: 0.4743 Acc: 0.9375
2025-11-23 22:32:23,937 - VGG_MNIST_logger - INFO - Epoch 1 [1081/1875 (57.7%)] Loss: 0.1341 Acc: 0.9688
2025-11-23 22:32:24,544 - VGG_MNIST_logger - INFO - Epoch 1 [1091/1875 (58.2%)] Loss: 0.1705 Acc: 0.9688
2025-11-23 22:32:25,138 - VGG_MNIST_logger - INFO - Epoch 1 [1101/1875 (58.7%)] Loss: 0.2367 Acc: 1.0000
2025-11-23 22:32:25,747 - VGG_MNIST_logger - INFO - Epoch 1 [1111/1875 (59.3%)] Loss: 0.1093 Acc: 0.9688
2025-11-23 22:32:26,422 - VGG_MNIST_logger - INFO - Epoch 1 [1121/1875 (59.8%)] Loss: 0.0214 Acc: 0.9688
2025-11-23 22:32:27,048 - VGG_MNIST_logger - INFO - Epoch 1 [1131/1875 (60.3%)] Loss: 0.0733 Acc: 1.0000
2025-11-23 22:32:27,664 - VGG_MNIST_logger - INFO - Epoch 1 [1141/1875 (60.9%)] Loss: 0.0469 Acc: 0.9688
2025-11-23 22:32:28,265 - VGG_MNIST_logger - INFO - Epoch 1 [1151/1875 (61.4%)] Loss: 0.0225 Acc: 1.0000
2025-11-23 22:32:28,871 - VGG_MNIST_logger - INFO - Epoch 1 [1161/1875 (61.9%)] Loss: 0.0394 Acc: 1.0000
2025-11-23 22:32:29,472 - VGG_MNIST_logger - INFO - Epoch 1 [1171/1875 (62.5%)] Loss: 0.2546 Acc: 0.9688
2025-11-23 22:32:30,066 - VGG_MNIST_logger - INFO - Epoch 1 [1181/1875 (63.0%)] Loss: 0.0190 Acc: 1.0000
2025-11-23 22:32:30,671 - VGG_MNIST_logger - INFO - Epoch 1 [1191/1875 (63.5%)] Loss: 0.1156 Acc: 1.0000
2025-11-23 22:32:31,273 - VGG_MNIST_logger - INFO - Epoch 1 [1201/1875 (64.1%)] Loss: 0.1045 Acc: 1.0000
2025-11-23 22:32:31,881 - VGG_MNIST_logger - INFO - Epoch 1 [1211/1875 (64.6%)] Loss: 0.1442 Acc: 0.9688
2025-11-23 22:32:32,555 - VGG_MNIST_logger - INFO - Epoch 1 [1221/1875 (65.1%)] Loss: 0.0063 Acc: 1.0000
2025-11-23 22:32:33,157 - VGG_MNIST_logger - INFO - Epoch 1 [1231/1875 (65.7%)] Loss: 0.2257 Acc: 0.9062
2025-11-23 22:32:33,763 - VGG_MNIST_logger - INFO - Epoch 1 [1241/1875 (66.2%)] Loss: 0.1923 Acc: 0.9062
2025-11-23 22:32:34,362 - VGG_MNIST_logger - INFO - Epoch 1 [1251/1875 (66.7%)] Loss: 0.3011 Acc: 0.9375
2025-11-23 22:32:34,966 - VGG_MNIST_logger - INFO - Epoch 1 [1261/1875 (67.3%)] Loss: 0.1024 Acc: 0.9688
2025-11-23 22:32:35,564 - VGG_MNIST_logger - INFO - Epoch 1 [1271/1875 (67.8%)] Loss: 0.1776 Acc: 1.0000
2025-11-23 22:32:36,165 - VGG_MNIST_logger - INFO - Epoch 1 [1281/1875 (68.3%)] Loss: 0.0842 Acc: 1.0000
2025-11-23 22:32:36,765 - VGG_MNIST_logger - INFO - Epoch 1 [1291/1875 (68.9%)] Loss: 0.0044 Acc: 1.0000
2025-11-23 22:32:37,367 - VGG_MNIST_logger - INFO - Epoch 1 [1301/1875 (69.4%)] Loss: 0.0289 Acc: 1.0000
2025-11-23 22:32:37,969 - VGG_MNIST_logger - INFO - Epoch 1 [1311/1875 (69.9%)] Loss: 0.2591 Acc: 0.9688
2025-11-23 22:32:38,635 - VGG_MNIST_logger - INFO - Epoch 1 [1321/1875 (70.5%)] Loss: 0.0821 Acc: 0.9688
2025-11-23 22:32:39,236 - VGG_MNIST_logger - INFO - Epoch 1 [1331/1875 (71.0%)] Loss: 0.1100 Acc: 0.9688
2025-11-23 22:32:39,833 - VGG_MNIST_logger - INFO - Epoch 1 [1341/1875 (71.5%)] Loss: 0.0232 Acc: 0.9688
2025-11-23 22:32:40,439 - VGG_MNIST_logger - INFO - Epoch 1 [1351/1875 (72.1%)] Loss: 0.0480 Acc: 0.9688
2025-11-23 22:32:41,036 - VGG_MNIST_logger - INFO - Epoch 1 [1361/1875 (72.6%)] Loss: 0.0055 Acc: 1.0000
2025-11-23 22:32:41,646 - VGG_MNIST_logger - INFO - Epoch 1 [1371/1875 (73.1%)] Loss: 0.0635 Acc: 0.9688
2025-11-23 22:32:42,252 - VGG_MNIST_logger - INFO - Epoch 1 [1381/1875 (73.7%)] Loss: 0.5782 Acc: 0.9688
2025-11-23 22:32:42,853 - VGG_MNIST_logger - INFO - Epoch 1 [1391/1875 (74.2%)] Loss: 0.4448 Acc: 0.8750
2025-11-23 22:32:43,451 - VGG_MNIST_logger - INFO - Epoch 1 [1401/1875 (74.7%)] Loss: 0.1280 Acc: 0.9688
2025-11-23 22:32:44,054 - VGG_MNIST_logger - INFO - Epoch 1 [1411/1875 (75.3%)] Loss: 0.2769 Acc: 0.9375
2025-11-23 22:32:44,729 - VGG_MNIST_logger - INFO - Epoch 1 [1421/1875 (75.8%)] Loss: 0.1174 Acc: 0.9688
2025-11-23 22:32:45,329 - VGG_MNIST_logger - INFO - Epoch 1 [1431/1875 (76.3%)] Loss: 0.0601 Acc: 1.0000
2025-11-23 22:32:45,936 - VGG_MNIST_logger - INFO - Epoch 1 [1441/1875 (76.9%)] Loss: 0.0228 Acc: 1.0000
2025-11-23 22:32:46,544 - VGG_MNIST_logger - INFO - Epoch 1 [1451/1875 (77.4%)] Loss: 0.0033 Acc: 1.0000
2025-11-23 22:32:47,144 - VGG_MNIST_logger - INFO - Epoch 1 [1461/1875 (77.9%)] Loss: 0.1660 Acc: 1.0000
2025-11-23 22:32:47,749 - VGG_MNIST_logger - INFO - Epoch 1 [1471/1875 (78.5%)] Loss: 0.1668 Acc: 0.9375
2025-11-23 22:32:48,351 - VGG_MNIST_logger - INFO - Epoch 1 [1481/1875 (79.0%)] Loss: 0.0134 Acc: 1.0000
2025-11-23 22:32:48,952 - VGG_MNIST_logger - INFO - Epoch 1 [1491/1875 (79.5%)] Loss: 0.0296 Acc: 1.0000
2025-11-23 22:32:49,547 - VGG_MNIST_logger - INFO - Epoch 1 [1501/1875 (80.1%)] Loss: 0.0809 Acc: 1.0000
2025-11-23 22:32:50,150 - VGG_MNIST_logger - INFO - Epoch 1 [1511/1875 (80.6%)] Loss: 0.0320 Acc: 1.0000
2025-11-23 22:32:50,821 - VGG_MNIST_logger - INFO - Epoch 1 [1521/1875 (81.1%)] Loss: 0.0230 Acc: 1.0000
2025-11-23 22:32:51,419 - VGG_MNIST_logger - INFO - Epoch 1 [1531/1875 (81.7%)] Loss: 0.0086 Acc: 1.0000
2025-11-23 22:32:52,020 - VGG_MNIST_logger - INFO - Epoch 1 [1541/1875 (82.2%)] Loss: 0.2427 Acc: 0.9688
2025-11-23 22:32:52,615 - VGG_MNIST_logger - INFO - Epoch 1 [1551/1875 (82.7%)] Loss: 0.0533 Acc: 1.0000
2025-11-23 22:32:53,223 - VGG_MNIST_logger - INFO - Epoch 1 [1561/1875 (83.3%)] Loss: 0.0262 Acc: 0.9688
2025-11-23 22:32:53,828 - VGG_MNIST_logger - INFO - Epoch 1 [1571/1875 (83.8%)] Loss: 0.1729 Acc: 1.0000
2025-11-23 22:32:54,432 - VGG_MNIST_logger - INFO - Epoch 1 [1581/1875 (84.3%)] Loss: 0.0317 Acc: 1.0000
2025-11-23 22:32:55,035 - VGG_MNIST_logger - INFO - Epoch 1 [1591/1875 (84.9%)] Loss: 0.0762 Acc: 0.9688
2025-11-23 22:32:55,631 - VGG_MNIST_logger - INFO - Epoch 1 [1601/1875 (85.4%)] Loss: 0.0545 Acc: 1.0000
2025-11-23 22:32:56,233 - VGG_MNIST_logger - INFO - Epoch 1 [1611/1875 (85.9%)] Loss: 0.1752 Acc: 0.9688
2025-11-23 22:32:56,913 - VGG_MNIST_logger - INFO - Epoch 1 [1621/1875 (86.5%)] Loss: 0.1679 Acc: 0.9375
2025-11-23 22:32:57,524 - VGG_MNIST_logger - INFO - Epoch 1 [1631/1875 (87.0%)] Loss: 0.1157 Acc: 1.0000
2025-11-23 22:32:58,132 - VGG_MNIST_logger - INFO - Epoch 1 [1641/1875 (87.5%)] Loss: 0.0147 Acc: 1.0000
2025-11-23 22:32:58,733 - VGG_MNIST_logger - INFO - Epoch 1 [1651/1875 (88.1%)] Loss: 0.0503 Acc: 1.0000
2025-11-23 22:32:59,339 - VGG_MNIST_logger - INFO - Epoch 1 [1661/1875 (88.6%)] Loss: 0.0149 Acc: 1.0000
2025-11-23 22:32:59,941 - VGG_MNIST_logger - INFO - Epoch 1 [1671/1875 (89.1%)] Loss: 0.0744 Acc: 1.0000
2025-11-23 22:33:00,545 - VGG_MNIST_logger - INFO - Epoch 1 [1681/1875 (89.7%)] Loss: 0.0479 Acc: 0.9688
2025-11-23 22:33:01,146 - VGG_MNIST_logger - INFO - Epoch 1 [1691/1875 (90.2%)] Loss: 0.0256 Acc: 1.0000
2025-11-23 22:33:01,757 - VGG_MNIST_logger - INFO - Epoch 1 [1701/1875 (90.7%)] Loss: 0.1301 Acc: 0.9688
2025-11-23 22:33:02,357 - VGG_MNIST_logger - INFO - Epoch 1 [1711/1875 (91.3%)] Loss: 0.0492 Acc: 1.0000
2025-11-23 22:33:03,029 - VGG_MNIST_logger - INFO - Epoch 1 [1721/1875 (91.8%)] Loss: 0.0505 Acc: 1.0000
2025-11-23 22:33:03,639 - VGG_MNIST_logger - INFO - Epoch 1 [1731/1875 (92.3%)] Loss: 0.0521 Acc: 1.0000
2025-11-23 22:33:04,239 - VGG_MNIST_logger - INFO - Epoch 1 [1741/1875 (92.9%)] Loss: 0.0594 Acc: 1.0000
2025-11-23 22:33:04,844 - VGG_MNIST_logger - INFO - Epoch 1 [1751/1875 (93.4%)] Loss: 0.0131 Acc: 1.0000
2025-11-23 22:33:05,440 - VGG_MNIST_logger - INFO - Epoch 1 [1761/1875 (93.9%)] Loss: 0.0619 Acc: 0.9688
2025-11-23 22:33:06,049 - VGG_MNIST_logger - INFO - Epoch 1 [1771/1875 (94.5%)] Loss: 0.0966 Acc: 0.9688
2025-11-23 22:33:06,657 - VGG_MNIST_logger - INFO - Epoch 1 [1781/1875 (95.0%)] Loss: 0.0193 Acc: 1.0000
2025-11-23 22:33:07,257 - VGG_MNIST_logger - INFO - Epoch 1 [1791/1875 (95.5%)] Loss: 0.2302 Acc: 0.9688
2025-11-23 22:33:07,862 - VGG_MNIST_logger - INFO - Epoch 1 [1801/1875 (96.1%)] Loss: 0.1505 Acc: 0.9688
2025-11-23 22:33:08,464 - VGG_MNIST_logger - INFO - Epoch 1 [1811/1875 (96.6%)] Loss: 0.0240 Acc: 1.0000
2025-11-23 22:33:09,142 - VGG_MNIST_logger - INFO - Epoch 1 [1821/1875 (97.1%)] Loss: 0.2235 Acc: 0.9688
2025-11-23 22:33:09,764 - VGG_MNIST_logger - INFO - Epoch 1 [1831/1875 (97.7%)] Loss: 0.0533 Acc: 1.0000
2025-11-23 22:33:10,369 - VGG_MNIST_logger - INFO - Epoch 1 [1841/1875 (98.2%)] Loss: 0.1412 Acc: 0.9688
2025-11-23 22:33:10,971 - VGG_MNIST_logger - INFO - Epoch 1 [1851/1875 (98.7%)] Loss: 0.0384 Acc: 1.0000
2025-11-23 22:33:11,575 - VGG_MNIST_logger - INFO - Epoch 1 [1861/1875 (99.3%)] Loss: 0.2954 Acc: 0.9688
2025-11-23 22:33:12,181 - VGG_MNIST_logger - INFO - Epoch 1 [1871/1875 (99.8%)] Loss: 0.0041 Acc: 1.0000
2025-11-23 22:33:48,119 - VGG_MNIST_logger - INFO - Epoch   1 | Train Loss: 0.2382 | Train Acc: 0.9853 | Val Loss: 0.0413 | Val Acc: 0.0413
2025-11-23 22:33:48,196 - VGG_MNIST_logger - INFO - Epoch 2 [1/1875 (0.1%)] Loss: 0.1615 Acc: 0.9688
2025-11-23 22:33:48,869 - VGG_MNIST_logger - INFO - Epoch 2 [11/1875 (0.6%)] Loss: 0.0069 Acc: 1.0000
2025-11-23 22:33:49,475 - VGG_MNIST_logger - INFO - Epoch 2 [21/1875 (1.1%)] Loss: 0.0116 Acc: 1.0000
2025-11-23 22:33:50,076 - VGG_MNIST_logger - INFO - Epoch 2 [31/1875 (1.7%)] Loss: 0.0194 Acc: 1.0000
2025-11-23 22:33:50,684 - VGG_MNIST_logger - INFO - Epoch 2 [41/1875 (2.2%)] Loss: 0.1729 Acc: 0.9375
2025-11-23 22:33:51,291 - VGG_MNIST_logger - INFO - Epoch 2 [51/1875 (2.7%)] Loss: 0.1186 Acc: 1.0000
2025-11-23 22:33:51,890 - VGG_MNIST_logger - INFO - Epoch 2 [61/1875 (3.3%)] Loss: 0.0496 Acc: 1.0000
2025-11-23 22:33:52,494 - VGG_MNIST_logger - INFO - Epoch 2 [71/1875 (3.8%)] Loss: 0.0384 Acc: 1.0000
2025-11-23 22:33:53,165 - VGG_MNIST_logger - INFO - Epoch 2 [81/1875 (4.3%)] Loss: 0.0664 Acc: 1.0000
2025-11-23 22:33:53,769 - VGG_MNIST_logger - INFO - Epoch 2 [91/1875 (4.9%)] Loss: 0.0905 Acc: 0.9688
2025-11-23 22:33:54,371 - VGG_MNIST_logger - INFO - Epoch 2 [101/1875 (5.4%)] Loss: 0.0108 Acc: 1.0000
2025-11-23 22:33:54,978 - VGG_MNIST_logger - INFO - Epoch 2 [111/1875 (5.9%)] Loss: 0.0337 Acc: 1.0000
2025-11-23 22:33:55,582 - VGG_MNIST_logger - INFO - Epoch 2 [121/1875 (6.5%)] Loss: 0.0554 Acc: 1.0000
2025-11-23 22:33:56,182 - VGG_MNIST_logger - INFO - Epoch 2 [131/1875 (7.0%)] Loss: 0.0184 Acc: 1.0000
2025-11-23 22:33:56,789 - VGG_MNIST_logger - INFO - Epoch 2 [141/1875 (7.5%)] Loss: 0.0524 Acc: 1.0000
2025-11-23 22:33:57,389 - VGG_MNIST_logger - INFO - Epoch 2 [151/1875 (8.1%)] Loss: 0.0152 Acc: 1.0000
2025-11-23 22:33:57,996 - VGG_MNIST_logger - INFO - Epoch 2 [161/1875 (8.6%)] Loss: 0.0279 Acc: 1.0000
2025-11-23 22:33:58,598 - VGG_MNIST_logger - INFO - Epoch 2 [171/1875 (9.1%)] Loss: 0.0034 Acc: 1.0000
2025-11-23 22:33:59,288 - VGG_MNIST_logger - INFO - Epoch 2 [181/1875 (9.7%)] Loss: 0.5192 Acc: 0.9688
2025-11-23 22:33:59,892 - VGG_MNIST_logger - INFO - Epoch 2 [191/1875 (10.2%)] Loss: 0.1170 Acc: 1.0000
2025-11-23 22:34:00,497 - VGG_MNIST_logger - INFO - Epoch 2 [201/1875 (10.7%)] Loss: 0.1351 Acc: 0.9688
2025-11-23 22:34:01,103 - VGG_MNIST_logger - INFO - Epoch 2 [211/1875 (11.3%)] Loss: 0.1567 Acc: 0.9688
2025-11-23 22:34:01,704 - VGG_MNIST_logger - INFO - Epoch 2 [221/1875 (11.8%)] Loss: 0.0671 Acc: 1.0000
2025-11-23 22:34:02,311 - VGG_MNIST_logger - INFO - Epoch 2 [231/1875 (12.3%)] Loss: 0.0124 Acc: 1.0000
2025-11-23 22:34:02,910 - VGG_MNIST_logger - INFO - Epoch 2 [241/1875 (12.9%)] Loss: 0.5329 Acc: 0.9688
2025-11-23 22:34:03,516 - VGG_MNIST_logger - INFO - Epoch 2 [251/1875 (13.4%)] Loss: 0.1826 Acc: 1.0000
2025-11-23 22:34:04,124 - VGG_MNIST_logger - INFO - Epoch 2 [261/1875 (13.9%)] Loss: 0.2604 Acc: 0.9688
2025-11-23 22:34:04,726 - VGG_MNIST_logger - INFO - Epoch 2 [271/1875 (14.5%)] Loss: 0.0333 Acc: 1.0000
2025-11-23 22:34:05,409 - VGG_MNIST_logger - INFO - Epoch 2 [281/1875 (15.0%)] Loss: 0.0139 Acc: 1.0000
2025-11-23 22:34:06,007 - VGG_MNIST_logger - INFO - Epoch 2 [291/1875 (15.5%)] Loss: 0.3749 Acc: 0.9375
2025-11-23 22:34:06,616 - VGG_MNIST_logger - INFO - Epoch 2 [301/1875 (16.1%)] Loss: 0.1583 Acc: 1.0000
2025-11-23 22:34:07,214 - VGG_MNIST_logger - INFO - Epoch 2 [311/1875 (16.6%)] Loss: 0.0774 Acc: 1.0000
2025-11-23 22:34:07,820 - VGG_MNIST_logger - INFO - Epoch 2 [321/1875 (17.1%)] Loss: 0.0292 Acc: 1.0000
2025-11-23 22:34:08,430 - VGG_MNIST_logger - INFO - Epoch 2 [331/1875 (17.7%)] Loss: 0.0075 Acc: 1.0000
2025-11-23 22:34:09,033 - VGG_MNIST_logger - INFO - Epoch 2 [341/1875 (18.2%)] Loss: 0.0860 Acc: 1.0000
2025-11-23 22:34:09,641 - VGG_MNIST_logger - INFO - Epoch 2 [351/1875 (18.7%)] Loss: 0.0002 Acc: 1.0000
2025-11-23 22:34:10,242 - VGG_MNIST_logger - INFO - Epoch 2 [361/1875 (19.3%)] Loss: 0.0781 Acc: 1.0000
2025-11-23 22:34:10,847 - VGG_MNIST_logger - INFO - Epoch 2 [371/1875 (19.8%)] Loss: 0.0018 Acc: 1.0000
2025-11-23 22:34:11,519 - VGG_MNIST_logger - INFO - Epoch 2 [381/1875 (20.3%)] Loss: 0.0777 Acc: 0.9688
2025-11-23 22:34:12,129 - VGG_MNIST_logger - INFO - Epoch 2 [391/1875 (20.9%)] Loss: 0.0219 Acc: 1.0000
2025-11-23 22:34:12,737 - VGG_MNIST_logger - INFO - Epoch 2 [401/1875 (21.4%)] Loss: 0.1269 Acc: 1.0000
2025-11-23 22:34:13,334 - VGG_MNIST_logger - INFO - Epoch 2 [411/1875 (21.9%)] Loss: 0.0676 Acc: 1.0000
2025-11-23 22:34:13,938 - VGG_MNIST_logger - INFO - Epoch 2 [421/1875 (22.5%)] Loss: 0.0599 Acc: 1.0000
2025-11-23 22:34:14,542 - VGG_MNIST_logger - INFO - Epoch 2 [431/1875 (23.0%)] Loss: 0.0348 Acc: 1.0000
2025-11-23 22:34:15,150 - VGG_MNIST_logger - INFO - Epoch 2 [441/1875 (23.5%)] Loss: 0.0015 Acc: 1.0000
2025-11-23 22:34:15,750 - VGG_MNIST_logger - INFO - Epoch 2 [451/1875 (24.1%)] Loss: 0.0860 Acc: 0.9688
2025-11-23 22:34:16,359 - VGG_MNIST_logger - INFO - Epoch 2 [461/1875 (24.6%)] Loss: 0.0545 Acc: 1.0000
2025-11-23 22:34:16,967 - VGG_MNIST_logger - INFO - Epoch 2 [471/1875 (25.1%)] Loss: 0.0184 Acc: 0.9688
2025-11-23 22:34:17,643 - VGG_MNIST_logger - INFO - Epoch 2 [481/1875 (25.7%)] Loss: 0.0050 Acc: 1.0000
2025-11-23 22:34:18,253 - VGG_MNIST_logger - INFO - Epoch 2 [491/1875 (26.2%)] Loss: 0.0126 Acc: 1.0000
2025-11-23 22:34:18,854 - VGG_MNIST_logger - INFO - Epoch 2 [501/1875 (26.7%)] Loss: 0.0417 Acc: 1.0000
2025-11-23 22:34:19,462 - VGG_MNIST_logger - INFO - Epoch 2 [511/1875 (27.3%)] Loss: 0.0019 Acc: 1.0000
2025-11-23 22:34:20,066 - VGG_MNIST_logger - INFO - Epoch 2 [521/1875 (27.8%)] Loss: 0.6436 Acc: 0.9688
2025-11-23 22:34:20,675 - VGG_MNIST_logger - INFO - Epoch 2 [531/1875 (28.3%)] Loss: 0.0148 Acc: 1.0000
2025-11-23 22:34:21,282 - VGG_MNIST_logger - INFO - Epoch 2 [541/1875 (28.9%)] Loss: 0.0589 Acc: 1.0000
2025-11-23 22:34:21,884 - VGG_MNIST_logger - INFO - Epoch 2 [551/1875 (29.4%)] Loss: 0.0231 Acc: 1.0000
2025-11-23 22:34:22,513 - VGG_MNIST_logger - INFO - Epoch 2 [561/1875 (29.9%)] Loss: 0.0001 Acc: 1.0000
2025-11-23 22:34:23,117 - VGG_MNIST_logger - INFO - Epoch 2 [571/1875 (30.5%)] Loss: 0.0072 Acc: 1.0000
2025-11-23 22:34:23,801 - VGG_MNIST_logger - INFO - Epoch 2 [581/1875 (31.0%)] Loss: 0.0252 Acc: 1.0000
2025-11-23 22:34:24,404 - VGG_MNIST_logger - INFO - Epoch 2 [591/1875 (31.5%)] Loss: 0.0546 Acc: 0.9688
2025-11-23 22:34:25,001 - VGG_MNIST_logger - INFO - Epoch 2 [601/1875 (32.1%)] Loss: 0.1293 Acc: 0.9688
2025-11-23 22:34:25,606 - VGG_MNIST_logger - INFO - Epoch 2 [611/1875 (32.6%)] Loss: 0.2286 Acc: 0.9688
2025-11-23 22:34:26,206 - VGG_MNIST_logger - INFO - Epoch 2 [621/1875 (33.1%)] Loss: 0.0071 Acc: 1.0000
2025-11-23 22:34:26,822 - VGG_MNIST_logger - INFO - Epoch 2 [631/1875 (33.7%)] Loss: 0.0144 Acc: 1.0000
2025-11-23 22:34:27,426 - VGG_MNIST_logger - INFO - Epoch 2 [641/1875 (34.2%)] Loss: 0.1042 Acc: 1.0000
2025-11-23 22:34:28,032 - VGG_MNIST_logger - INFO - Epoch 2 [651/1875 (34.7%)] Loss: 0.0776 Acc: 0.9688
2025-11-23 22:34:28,640 - VGG_MNIST_logger - INFO - Epoch 2 [661/1875 (35.3%)] Loss: 0.0737 Acc: 0.9688
2025-11-23 22:34:29,242 - VGG_MNIST_logger - INFO - Epoch 2 [671/1875 (35.8%)] Loss: 0.0056 Acc: 1.0000
2025-11-23 22:34:29,915 - VGG_MNIST_logger - INFO - Epoch 2 [681/1875 (36.3%)] Loss: 0.0613 Acc: 0.9688
2025-11-23 22:34:30,517 - VGG_MNIST_logger - INFO - Epoch 2 [691/1875 (36.9%)] Loss: 0.0260 Acc: 1.0000
2025-11-23 22:34:31,124 - VGG_MNIST_logger - INFO - Epoch 2 [701/1875 (37.4%)] Loss: 0.0004 Acc: 1.0000
2025-11-23 22:34:31,725 - VGG_MNIST_logger - INFO - Epoch 2 [711/1875 (37.9%)] Loss: 0.1447 Acc: 0.9375
2025-11-23 22:34:32,337 - VGG_MNIST_logger - INFO - Epoch 2 [721/1875 (38.5%)] Loss: 0.1912 Acc: 0.9688
2025-11-23 22:34:32,944 - VGG_MNIST_logger - INFO - Epoch 2 [731/1875 (39.0%)] Loss: 0.0831 Acc: 1.0000
2025-11-23 22:34:33,546 - VGG_MNIST_logger - INFO - Epoch 2 [741/1875 (39.5%)] Loss: 0.2756 Acc: 0.9688
2025-11-23 22:34:34,152 - VGG_MNIST_logger - INFO - Epoch 2 [751/1875 (40.1%)] Loss: 0.0049 Acc: 1.0000
2025-11-23 22:34:34,755 - VGG_MNIST_logger - INFO - Epoch 2 [761/1875 (40.6%)] Loss: 0.0051 Acc: 1.0000
2025-11-23 22:34:35,360 - VGG_MNIST_logger - INFO - Epoch 2 [771/1875 (41.1%)] Loss: 0.0162 Acc: 1.0000
2025-11-23 22:34:36,021 - VGG_MNIST_logger - INFO - Epoch 2 [781/1875 (41.7%)] Loss: 0.0061 Acc: 1.0000
2025-11-23 22:34:36,627 - VGG_MNIST_logger - INFO - Epoch 2 [791/1875 (42.2%)] Loss: 0.2629 Acc: 0.9688
2025-11-23 22:34:37,238 - VGG_MNIST_logger - INFO - Epoch 2 [801/1875 (42.7%)] Loss: 0.0112 Acc: 1.0000
2025-11-23 22:34:37,842 - VGG_MNIST_logger - INFO - Epoch 2 [811/1875 (43.3%)] Loss: 0.0137 Acc: 1.0000
2025-11-23 22:34:38,449 - VGG_MNIST_logger - INFO - Epoch 2 [821/1875 (43.8%)] Loss: 0.1327 Acc: 0.9688
2025-11-23 22:34:39,054 - VGG_MNIST_logger - INFO - Epoch 2 [831/1875 (44.3%)] Loss: 0.0052 Acc: 1.0000
2025-11-23 22:34:39,662 - VGG_MNIST_logger - INFO - Epoch 2 [841/1875 (44.9%)] Loss: 0.0058 Acc: 1.0000
2025-11-23 22:34:40,265 - VGG_MNIST_logger - INFO - Epoch 2 [851/1875 (45.4%)] Loss: 0.0122 Acc: 1.0000
2025-11-23 22:34:40,871 - VGG_MNIST_logger - INFO - Epoch 2 [861/1875 (45.9%)] Loss: 0.0177 Acc: 1.0000
2025-11-23 22:34:41,474 - VGG_MNIST_logger - INFO - Epoch 2 [871/1875 (46.5%)] Loss: 0.0446 Acc: 1.0000
2025-11-23 22:34:42,144 - VGG_MNIST_logger - INFO - Epoch 2 [881/1875 (47.0%)] Loss: 0.0046 Acc: 1.0000
2025-11-23 22:34:42,748 - VGG_MNIST_logger - INFO - Epoch 2 [891/1875 (47.5%)] Loss: 0.0661 Acc: 1.0000
2025-11-23 22:34:43,345 - VGG_MNIST_logger - INFO - Epoch 2 [901/1875 (48.1%)] Loss: 0.5681 Acc: 0.9688
2025-11-23 22:34:43,947 - VGG_MNIST_logger - INFO - Epoch 2 [911/1875 (48.6%)] Loss: 0.0834 Acc: 0.9688
2025-11-23 22:34:44,551 - VGG_MNIST_logger - INFO - Epoch 2 [921/1875 (49.1%)] Loss: 0.0323 Acc: 1.0000
2025-11-23 22:34:45,152 - VGG_MNIST_logger - INFO - Epoch 2 [931/1875 (49.7%)] Loss: 0.0540 Acc: 0.9688
2025-11-23 22:34:45,759 - VGG_MNIST_logger - INFO - Epoch 2 [941/1875 (50.2%)] Loss: 0.0499 Acc: 1.0000
2025-11-23 22:34:46,354 - VGG_MNIST_logger - INFO - Epoch 2 [951/1875 (50.7%)] Loss: 0.0767 Acc: 1.0000
2025-11-23 22:34:46,962 - VGG_MNIST_logger - INFO - Epoch 2 [961/1875 (51.3%)] Loss: 0.3031 Acc: 0.9688
2025-11-23 22:34:47,563 - VGG_MNIST_logger - INFO - Epoch 2 [971/1875 (51.8%)] Loss: 0.0384 Acc: 1.0000
2025-11-23 22:34:48,244 - VGG_MNIST_logger - INFO - Epoch 2 [981/1875 (52.3%)] Loss: 0.0189 Acc: 0.9688
2025-11-23 22:34:48,849 - VGG_MNIST_logger - INFO - Epoch 2 [991/1875 (52.9%)] Loss: 0.0844 Acc: 1.0000
2025-11-23 22:34:49,452 - VGG_MNIST_logger - INFO - Epoch 2 [1001/1875 (53.4%)] Loss: 0.0075 Acc: 1.0000
2025-11-23 22:34:50,056 - VGG_MNIST_logger - INFO - Epoch 2 [1011/1875 (53.9%)] Loss: 0.3214 Acc: 1.0000
2025-11-23 22:34:50,653 - VGG_MNIST_logger - INFO - Epoch 2 [1021/1875 (54.5%)] Loss: 0.0180 Acc: 1.0000
2025-11-23 22:34:51,259 - VGG_MNIST_logger - INFO - Epoch 2 [1031/1875 (55.0%)] Loss: 0.1898 Acc: 1.0000
2025-11-23 22:34:51,861 - VGG_MNIST_logger - INFO - Epoch 2 [1041/1875 (55.5%)] Loss: 0.0118 Acc: 1.0000
2025-11-23 22:34:52,468 - VGG_MNIST_logger - INFO - Epoch 2 [1051/1875 (56.1%)] Loss: 0.2172 Acc: 0.9688
2025-11-23 22:34:53,068 - VGG_MNIST_logger - INFO - Epoch 2 [1061/1875 (56.6%)] Loss: 0.0119 Acc: 1.0000
2025-11-23 22:34:53,673 - VGG_MNIST_logger - INFO - Epoch 2 [1071/1875 (57.1%)] Loss: 0.1490 Acc: 1.0000
2025-11-23 22:34:54,349 - VGG_MNIST_logger - INFO - Epoch 2 [1081/1875 (57.7%)] Loss: 0.0153 Acc: 1.0000
2025-11-23 22:34:54,953 - VGG_MNIST_logger - INFO - Epoch 2 [1091/1875 (58.2%)] Loss: 0.3182 Acc: 0.9688
2025-11-23 22:34:55,562 - VGG_MNIST_logger - INFO - Epoch 2 [1101/1875 (58.7%)] Loss: 0.0570 Acc: 1.0000
2025-11-23 22:34:56,161 - VGG_MNIST_logger - INFO - Epoch 2 [1111/1875 (59.3%)] Loss: 0.0023 Acc: 1.0000
2025-11-23 22:34:56,762 - VGG_MNIST_logger - INFO - Epoch 2 [1121/1875 (59.8%)] Loss: 0.0470 Acc: 1.0000
2025-11-23 22:34:57,365 - VGG_MNIST_logger - INFO - Epoch 2 [1131/1875 (60.3%)] Loss: 0.0201 Acc: 1.0000
2025-11-23 22:34:57,968 - VGG_MNIST_logger - INFO - Epoch 2 [1141/1875 (60.9%)] Loss: 0.0374 Acc: 1.0000
2025-11-23 22:34:58,579 - VGG_MNIST_logger - INFO - Epoch 2 [1151/1875 (61.4%)] Loss: 0.0340 Acc: 1.0000
2025-11-23 22:34:59,182 - VGG_MNIST_logger - INFO - Epoch 2 [1161/1875 (61.9%)] Loss: 0.0141 Acc: 1.0000
2025-11-23 22:34:59,793 - VGG_MNIST_logger - INFO - Epoch 2 [1171/1875 (62.5%)] Loss: 0.0420 Acc: 1.0000
2025-11-23 22:35:00,469 - VGG_MNIST_logger - INFO - Epoch 2 [1181/1875 (63.0%)] Loss: 0.0969 Acc: 1.0000
2025-11-23 22:35:01,079 - VGG_MNIST_logger - INFO - Epoch 2 [1191/1875 (63.5%)] Loss: 0.0178 Acc: 1.0000
2025-11-23 22:35:01,689 - VGG_MNIST_logger - INFO - Epoch 2 [1201/1875 (64.1%)] Loss: 0.0612 Acc: 0.9688
2025-11-23 22:35:02,294 - VGG_MNIST_logger - INFO - Epoch 2 [1211/1875 (64.6%)] Loss: 0.0042 Acc: 1.0000
2025-11-23 22:35:02,900 - VGG_MNIST_logger - INFO - Epoch 2 [1221/1875 (65.1%)] Loss: 0.0076 Acc: 1.0000
2025-11-23 22:35:03,501 - VGG_MNIST_logger - INFO - Epoch 2 [1231/1875 (65.7%)] Loss: 0.0085 Acc: 1.0000
2025-11-23 22:35:04,111 - VGG_MNIST_logger - INFO - Epoch 2 [1241/1875 (66.2%)] Loss: 0.1190 Acc: 0.9688
2025-11-23 22:35:04,711 - VGG_MNIST_logger - INFO - Epoch 2 [1251/1875 (66.7%)] Loss: 0.0025 Acc: 1.0000
2025-11-23 22:35:05,321 - VGG_MNIST_logger - INFO - Epoch 2 [1261/1875 (67.3%)] Loss: 0.0048 Acc: 1.0000
2025-11-23 22:35:05,923 - VGG_MNIST_logger - INFO - Epoch 2 [1271/1875 (67.8%)] Loss: 0.1196 Acc: 1.0000
2025-11-23 22:35:06,592 - VGG_MNIST_logger - INFO - Epoch 2 [1281/1875 (68.3%)] Loss: 0.0890 Acc: 1.0000
2025-11-23 22:35:07,199 - VGG_MNIST_logger - INFO - Epoch 2 [1291/1875 (68.9%)] Loss: 0.0213 Acc: 0.9688
2025-11-23 22:35:07,801 - VGG_MNIST_logger - INFO - Epoch 2 [1301/1875 (69.4%)] Loss: 0.0142 Acc: 1.0000
2025-11-23 22:35:08,410 - VGG_MNIST_logger - INFO - Epoch 2 [1311/1875 (69.9%)] Loss: 0.0806 Acc: 0.9688
2025-11-23 22:35:09,011 - VGG_MNIST_logger - INFO - Epoch 2 [1321/1875 (70.5%)] Loss: 0.0045 Acc: 1.0000
2025-11-23 22:35:09,618 - VGG_MNIST_logger - INFO - Epoch 2 [1331/1875 (71.0%)] Loss: 0.1122 Acc: 1.0000
2025-11-23 22:35:10,228 - VGG_MNIST_logger - INFO - Epoch 2 [1341/1875 (71.5%)] Loss: 0.1748 Acc: 1.0000
2025-11-23 22:35:10,835 - VGG_MNIST_logger - INFO - Epoch 2 [1351/1875 (72.1%)] Loss: 0.0468 Acc: 1.0000
2025-11-23 22:35:11,436 - VGG_MNIST_logger - INFO - Epoch 2 [1361/1875 (72.6%)] Loss: 0.0121 Acc: 0.9688
2025-11-23 22:35:12,036 - VGG_MNIST_logger - INFO - Epoch 2 [1371/1875 (73.1%)] Loss: 0.0011 Acc: 1.0000
2025-11-23 22:35:12,727 - VGG_MNIST_logger - INFO - Epoch 2 [1381/1875 (73.7%)] Loss: 0.0358 Acc: 1.0000
2025-11-23 22:35:13,333 - VGG_MNIST_logger - INFO - Epoch 2 [1391/1875 (74.2%)] Loss: 0.0378 Acc: 1.0000
2025-11-23 22:35:13,957 - VGG_MNIST_logger - INFO - Epoch 2 [1401/1875 (74.7%)] Loss: 0.2256 Acc: 0.9688
2025-11-23 22:35:14,569 - VGG_MNIST_logger - INFO - Epoch 2 [1411/1875 (75.3%)] Loss: 0.0120 Acc: 1.0000
2025-11-23 22:35:15,174 - VGG_MNIST_logger - INFO - Epoch 2 [1421/1875 (75.8%)] Loss: 0.0158 Acc: 1.0000
2025-11-23 22:35:15,778 - VGG_MNIST_logger - INFO - Epoch 2 [1431/1875 (76.3%)] Loss: 0.1341 Acc: 0.9375
2025-11-23 22:35:16,379 - VGG_MNIST_logger - INFO - Epoch 2 [1441/1875 (76.9%)] Loss: 0.0839 Acc: 1.0000
2025-11-23 22:35:16,986 - VGG_MNIST_logger - INFO - Epoch 2 [1451/1875 (77.4%)] Loss: 0.0551 Acc: 1.0000
2025-11-23 22:35:17,589 - VGG_MNIST_logger - INFO - Epoch 2 [1461/1875 (77.9%)] Loss: 0.0150 Acc: 1.0000
2025-11-23 22:35:18,189 - VGG_MNIST_logger - INFO - Epoch 2 [1471/1875 (78.5%)] Loss: 0.0888 Acc: 1.0000
2025-11-23 22:35:18,863 - VGG_MNIST_logger - INFO - Epoch 2 [1481/1875 (79.0%)] Loss: 0.0261 Acc: 1.0000
2025-11-23 22:35:19,467 - VGG_MNIST_logger - INFO - Epoch 2 [1491/1875 (79.5%)] Loss: 0.2289 Acc: 0.9375
2025-11-23 22:35:20,073 - VGG_MNIST_logger - INFO - Epoch 2 [1501/1875 (80.1%)] Loss: 0.0029 Acc: 1.0000
2025-11-23 22:35:20,667 - VGG_MNIST_logger - INFO - Epoch 2 [1511/1875 (80.6%)] Loss: 0.1936 Acc: 1.0000
2025-11-23 22:35:21,274 - VGG_MNIST_logger - INFO - Epoch 2 [1521/1875 (81.1%)] Loss: 0.0636 Acc: 0.9688
2025-11-23 22:35:21,882 - VGG_MNIST_logger - INFO - Epoch 2 [1531/1875 (81.7%)] Loss: 0.0101 Acc: 1.0000
2025-11-23 22:35:22,483 - VGG_MNIST_logger - INFO - Epoch 2 [1541/1875 (82.2%)] Loss: 0.0904 Acc: 0.9688
2025-11-23 22:35:23,093 - VGG_MNIST_logger - INFO - Epoch 2 [1551/1875 (82.7%)] Loss: 0.0894 Acc: 0.9688
2025-11-23 22:35:23,692 - VGG_MNIST_logger - INFO - Epoch 2 [1561/1875 (83.3%)] Loss: 0.0544 Acc: 1.0000
2025-11-23 22:35:24,296 - VGG_MNIST_logger - INFO - Epoch 2 [1571/1875 (83.8%)] Loss: 0.0120 Acc: 1.0000
2025-11-23 22:35:24,970 - VGG_MNIST_logger - INFO - Epoch 2 [1581/1875 (84.3%)] Loss: 0.0299 Acc: 1.0000
2025-11-23 22:35:25,584 - VGG_MNIST_logger - INFO - Epoch 2 [1591/1875 (84.9%)] Loss: 0.3973 Acc: 0.9375
2025-11-23 22:35:26,192 - VGG_MNIST_logger - INFO - Epoch 2 [1601/1875 (85.4%)] Loss: 0.0078 Acc: 1.0000
2025-11-23 22:35:26,812 - VGG_MNIST_logger - INFO - Epoch 2 [1611/1875 (85.9%)] Loss: 0.0342 Acc: 1.0000
2025-11-23 22:35:27,427 - VGG_MNIST_logger - INFO - Epoch 2 [1621/1875 (86.5%)] Loss: 0.0278 Acc: 1.0000
2025-11-23 22:35:28,028 - VGG_MNIST_logger - INFO - Epoch 2 [1631/1875 (87.0%)] Loss: 0.0352 Acc: 1.0000
2025-11-23 22:35:28,638 - VGG_MNIST_logger - INFO - Epoch 2 [1641/1875 (87.5%)] Loss: 0.0148 Acc: 1.0000
2025-11-23 22:35:29,240 - VGG_MNIST_logger - INFO - Epoch 2 [1651/1875 (88.1%)] Loss: 0.0326 Acc: 1.0000
2025-11-23 22:35:29,841 - VGG_MNIST_logger - INFO - Epoch 2 [1661/1875 (88.6%)] Loss: 0.0018 Acc: 1.0000
2025-11-23 22:35:30,443 - VGG_MNIST_logger - INFO - Epoch 2 [1671/1875 (89.1%)] Loss: 0.0459 Acc: 1.0000
2025-11-23 22:35:31,106 - VGG_MNIST_logger - INFO - Epoch 2 [1681/1875 (89.7%)] Loss: 0.1626 Acc: 1.0000
2025-11-23 22:35:31,732 - VGG_MNIST_logger - INFO - Epoch 2 [1691/1875 (90.2%)] Loss: 0.0094 Acc: 1.0000
2025-11-23 22:35:32,327 - VGG_MNIST_logger - INFO - Epoch 2 [1701/1875 (90.7%)] Loss: 0.0610 Acc: 1.0000
2025-11-23 22:35:32,927 - VGG_MNIST_logger - INFO - Epoch 2 [1711/1875 (91.3%)] Loss: 0.0178 Acc: 1.0000
2025-11-23 22:35:33,527 - VGG_MNIST_logger - INFO - Epoch 2 [1721/1875 (91.8%)] Loss: 0.3461 Acc: 0.9688
2025-11-23 22:35:34,131 - VGG_MNIST_logger - INFO - Epoch 2 [1731/1875 (92.3%)] Loss: 0.0922 Acc: 1.0000
2025-11-23 22:35:34,733 - VGG_MNIST_logger - INFO - Epoch 2 [1741/1875 (92.9%)] Loss: 0.0164 Acc: 1.0000
2025-11-23 22:35:35,335 - VGG_MNIST_logger - INFO - Epoch 2 [1751/1875 (93.4%)] Loss: 0.0084 Acc: 1.0000
2025-11-23 22:35:35,936 - VGG_MNIST_logger - INFO - Epoch 2 [1761/1875 (93.9%)] Loss: 0.0240 Acc: 0.9688
2025-11-23 22:35:36,538 - VGG_MNIST_logger - INFO - Epoch 2 [1771/1875 (94.5%)] Loss: 0.0106 Acc: 1.0000
2025-11-23 22:35:37,225 - VGG_MNIST_logger - INFO - Epoch 2 [1781/1875 (95.0%)] Loss: 0.2442 Acc: 0.9688
2025-11-23 22:35:37,831 - VGG_MNIST_logger - INFO - Epoch 2 [1791/1875 (95.5%)] Loss: 0.0145 Acc: 1.0000
2025-11-23 22:35:38,428 - VGG_MNIST_logger - INFO - Epoch 2 [1801/1875 (96.1%)] Loss: 0.0014 Acc: 1.0000
2025-11-23 22:35:39,031 - VGG_MNIST_logger - INFO - Epoch 2 [1811/1875 (96.6%)] Loss: 0.0386 Acc: 1.0000
2025-11-23 22:35:39,628 - VGG_MNIST_logger - INFO - Epoch 2 [1821/1875 (97.1%)] Loss: 0.0053 Acc: 1.0000
2025-11-23 22:35:40,233 - VGG_MNIST_logger - INFO - Epoch 2 [1831/1875 (97.7%)] Loss: 0.1233 Acc: 0.9688
2025-11-23 22:35:40,831 - VGG_MNIST_logger - INFO - Epoch 2 [1841/1875 (98.2%)] Loss: 0.0024 Acc: 1.0000
2025-11-23 22:35:41,434 - VGG_MNIST_logger - INFO - Epoch 2 [1851/1875 (98.7%)] Loss: 0.0450 Acc: 1.0000
2025-11-23 22:35:42,030 - VGG_MNIST_logger - INFO - Epoch 2 [1861/1875 (99.3%)] Loss: 0.0075 Acc: 1.0000
2025-11-23 22:35:42,635 - VGG_MNIST_logger - INFO - Epoch 2 [1871/1875 (99.8%)] Loss: 0.0278 Acc: 1.0000
2025-11-23 22:36:18,717 - VGG_MNIST_logger - INFO - Epoch   2 | Train Loss: 0.0696 | Train Acc: 0.9929 | Val Loss: 0.0231 | Val Acc: 0.0231
2025-11-23 22:36:18,792 - VGG_MNIST_logger - INFO - Epoch 3 [1/1875 (0.1%)] Loss: 0.0067 Acc: 1.0000
2025-11-23 22:36:19,467 - VGG_MNIST_logger - INFO - Epoch 3 [11/1875 (0.6%)] Loss: 0.0034 Acc: 1.0000
2025-11-23 22:36:20,069 - VGG_MNIST_logger - INFO - Epoch 3 [21/1875 (1.1%)] Loss: 0.0054 Acc: 1.0000
2025-11-23 22:36:20,673 - VGG_MNIST_logger - INFO - Epoch 3 [31/1875 (1.7%)] Loss: 0.0093 Acc: 1.0000
2025-11-23 22:36:21,270 - VGG_MNIST_logger - INFO - Epoch 3 [41/1875 (2.2%)] Loss: 0.0022 Acc: 1.0000
2025-11-23 22:36:21,875 - VGG_MNIST_logger - INFO - Epoch 3 [51/1875 (2.7%)] Loss: 0.0184 Acc: 1.0000
2025-11-23 22:36:22,469 - VGG_MNIST_logger - INFO - Epoch 3 [61/1875 (3.3%)] Loss: 0.0039 Acc: 1.0000
2025-11-23 22:36:23,146 - VGG_MNIST_logger - INFO - Epoch 3 [71/1875 (3.8%)] Loss: 0.0073 Acc: 1.0000
2025-11-23 22:36:23,750 - VGG_MNIST_logger - INFO - Epoch 3 [81/1875 (4.3%)] Loss: 0.0216 Acc: 1.0000
2025-11-23 22:36:24,344 - VGG_MNIST_logger - INFO - Epoch 3 [91/1875 (4.9%)] Loss: 0.1282 Acc: 0.9688
2025-11-23 22:36:24,950 - VGG_MNIST_logger - INFO - Epoch 3 [101/1875 (5.4%)] Loss: 0.0045 Acc: 1.0000
2025-11-23 22:36:25,551 - VGG_MNIST_logger - INFO - Epoch 3 [111/1875 (5.9%)] Loss: 0.0092 Acc: 1.0000
2025-11-23 22:36:26,160 - VGG_MNIST_logger - INFO - Epoch 3 [121/1875 (6.5%)] Loss: 0.0482 Acc: 1.0000
2025-11-23 22:36:26,768 - VGG_MNIST_logger - INFO - Epoch 3 [131/1875 (7.0%)] Loss: 0.0028 Acc: 1.0000
2025-11-23 22:36:27,375 - VGG_MNIST_logger - INFO - Epoch 3 [141/1875 (7.5%)] Loss: 0.0493 Acc: 1.0000
2025-11-23 22:36:27,983 - VGG_MNIST_logger - INFO - Epoch 3 [151/1875 (8.1%)] Loss: 0.0008 Acc: 1.0000
2025-11-23 22:36:28,580 - VGG_MNIST_logger - INFO - Epoch 3 [161/1875 (8.6%)] Loss: 0.0104 Acc: 1.0000
2025-11-23 22:36:29,251 - VGG_MNIST_logger - INFO - Epoch 3 [171/1875 (9.1%)] Loss: 0.0119 Acc: 1.0000
2025-11-23 22:36:29,855 - VGG_MNIST_logger - INFO - Epoch 3 [181/1875 (9.7%)] Loss: 0.0701 Acc: 1.0000
2025-11-23 22:36:30,466 - VGG_MNIST_logger - INFO - Epoch 3 [191/1875 (10.2%)] Loss: 0.0125 Acc: 1.0000
2025-11-23 22:36:31,072 - VGG_MNIST_logger - INFO - Epoch 3 [201/1875 (10.7%)] Loss: 0.0551 Acc: 1.0000
2025-11-23 22:36:31,673 - VGG_MNIST_logger - INFO - Epoch 3 [211/1875 (11.3%)] Loss: 0.1949 Acc: 0.9688
2025-11-23 22:36:32,281 - VGG_MNIST_logger - INFO - Epoch 3 [221/1875 (11.8%)] Loss: 0.0734 Acc: 1.0000
2025-11-23 22:36:32,882 - VGG_MNIST_logger - INFO - Epoch 3 [231/1875 (12.3%)] Loss: 0.0026 Acc: 1.0000
2025-11-23 22:36:33,504 - VGG_MNIST_logger - INFO - Epoch 3 [241/1875 (12.9%)] Loss: 0.0693 Acc: 1.0000
2025-11-23 22:36:34,114 - VGG_MNIST_logger - INFO - Epoch 3 [251/1875 (13.4%)] Loss: 0.3938 Acc: 0.9688
2025-11-23 22:36:34,719 - VGG_MNIST_logger - INFO - Epoch 3 [261/1875 (13.9%)] Loss: 0.0071 Acc: 1.0000
2025-11-23 22:36:35,396 - VGG_MNIST_logger - INFO - Epoch 3 [271/1875 (14.5%)] Loss: 0.0021 Acc: 1.0000
2025-11-23 22:36:35,997 - VGG_MNIST_logger - INFO - Epoch 3 [281/1875 (15.0%)] Loss: 0.0116 Acc: 1.0000
2025-11-23 22:36:36,608 - VGG_MNIST_logger - INFO - Epoch 3 [291/1875 (15.5%)] Loss: 0.0121 Acc: 1.0000
2025-11-23 22:36:37,208 - VGG_MNIST_logger - INFO - Epoch 3 [301/1875 (16.1%)] Loss: 0.4389 Acc: 0.9688
2025-11-23 22:36:37,814 - VGG_MNIST_logger - INFO - Epoch 3 [311/1875 (16.6%)] Loss: 0.0907 Acc: 1.0000
2025-11-23 22:36:38,414 - VGG_MNIST_logger - INFO - Epoch 3 [321/1875 (17.1%)] Loss: 0.0050 Acc: 1.0000
2025-11-23 22:36:39,019 - VGG_MNIST_logger - INFO - Epoch 3 [331/1875 (17.7%)] Loss: 0.0017 Acc: 1.0000
2025-11-23 22:36:39,622 - VGG_MNIST_logger - INFO - Epoch 3 [341/1875 (18.2%)] Loss: 0.0220 Acc: 1.0000
2025-11-23 22:36:40,224 - VGG_MNIST_logger - INFO - Epoch 3 [351/1875 (18.7%)] Loss: 0.1341 Acc: 0.9688
2025-11-23 22:36:40,830 - VGG_MNIST_logger - INFO - Epoch 3 [361/1875 (19.3%)] Loss: 0.0878 Acc: 1.0000
2025-11-23 22:36:41,501 - VGG_MNIST_logger - INFO - Epoch 3 [371/1875 (19.8%)] Loss: 0.0370 Acc: 1.0000
2025-11-23 22:36:42,108 - VGG_MNIST_logger - INFO - Epoch 3 [381/1875 (20.3%)] Loss: 0.0095 Acc: 1.0000
2025-11-23 22:36:42,710 - VGG_MNIST_logger - INFO - Epoch 3 [391/1875 (20.9%)] Loss: 0.0057 Acc: 1.0000
2025-11-23 22:36:43,312 - VGG_MNIST_logger - INFO - Epoch 3 [401/1875 (21.4%)] Loss: 0.0049 Acc: 1.0000
2025-11-23 22:36:43,915 - VGG_MNIST_logger - INFO - Epoch 3 [411/1875 (21.9%)] Loss: 0.0081 Acc: 1.0000
2025-11-23 22:36:44,510 - VGG_MNIST_logger - INFO - Epoch 3 [421/1875 (22.5%)] Loss: 0.0109 Acc: 1.0000
2025-11-23 22:36:45,124 - VGG_MNIST_logger - INFO - Epoch 3 [431/1875 (23.0%)] Loss: 0.0528 Acc: 1.0000
2025-11-23 22:36:45,725 - VGG_MNIST_logger - INFO - Epoch 3 [441/1875 (23.5%)] Loss: 0.0330 Acc: 1.0000
2025-11-23 22:36:46,359 - VGG_MNIST_logger - INFO - Epoch 3 [451/1875 (24.1%)] Loss: 0.1275 Acc: 0.9688
2025-11-23 22:36:46,960 - VGG_MNIST_logger - INFO - Epoch 3 [461/1875 (24.6%)] Loss: 0.0116 Acc: 1.0000
2025-11-23 22:36:47,647 - VGG_MNIST_logger - INFO - Epoch 3 [471/1875 (25.1%)] Loss: 0.0970 Acc: 1.0000
2025-11-23 22:36:48,257 - VGG_MNIST_logger - INFO - Epoch 3 [481/1875 (25.7%)] Loss: 0.0675 Acc: 1.0000
2025-11-23 22:36:48,867 - VGG_MNIST_logger - INFO - Epoch 3 [491/1875 (26.2%)] Loss: 0.2135 Acc: 0.9688
2025-11-23 22:36:49,477 - VGG_MNIST_logger - INFO - Epoch 3 [501/1875 (26.7%)] Loss: 0.0009 Acc: 1.0000
2025-11-23 22:36:50,077 - VGG_MNIST_logger - INFO - Epoch 3 [511/1875 (27.3%)] Loss: 0.0102 Acc: 0.9688
2025-11-23 22:36:50,681 - VGG_MNIST_logger - INFO - Epoch 3 [521/1875 (27.8%)] Loss: 0.0087 Acc: 1.0000
2025-11-23 22:36:51,281 - VGG_MNIST_logger - INFO - Epoch 3 [531/1875 (28.3%)] Loss: 0.0083 Acc: 1.0000
2025-11-23 22:36:51,885 - VGG_MNIST_logger - INFO - Epoch 3 [541/1875 (28.9%)] Loss: 0.0211 Acc: 1.0000
2025-11-23 22:36:52,492 - VGG_MNIST_logger - INFO - Epoch 3 [551/1875 (29.4%)] Loss: 0.0023 Acc: 1.0000
2025-11-23 22:36:53,094 - VGG_MNIST_logger - INFO - Epoch 3 [561/1875 (29.9%)] Loss: 0.0160 Acc: 1.0000
2025-11-23 22:36:53,768 - VGG_MNIST_logger - INFO - Epoch 3 [571/1875 (30.5%)] Loss: 0.0095 Acc: 1.0000
2025-11-23 22:36:54,365 - VGG_MNIST_logger - INFO - Epoch 3 [581/1875 (31.0%)] Loss: 0.0414 Acc: 1.0000
2025-11-23 22:36:54,971 - VGG_MNIST_logger - INFO - Epoch 3 [591/1875 (31.5%)] Loss: 0.0007 Acc: 1.0000
2025-11-23 22:36:55,575 - VGG_MNIST_logger - INFO - Epoch 3 [601/1875 (32.1%)] Loss: 0.0075 Acc: 1.0000
2025-11-23 22:36:56,175 - VGG_MNIST_logger - INFO - Epoch 3 [611/1875 (32.6%)] Loss: 0.0998 Acc: 1.0000
2025-11-23 22:36:56,781 - VGG_MNIST_logger - INFO - Epoch 3 [621/1875 (33.1%)] Loss: 0.0396 Acc: 1.0000
2025-11-23 22:36:57,379 - VGG_MNIST_logger - INFO - Epoch 3 [631/1875 (33.7%)] Loss: 0.0223 Acc: 1.0000
2025-11-23 22:36:57,984 - VGG_MNIST_logger - INFO - Epoch 3 [641/1875 (34.2%)] Loss: 0.0013 Acc: 1.0000
2025-11-23 22:36:58,586 - VGG_MNIST_logger - INFO - Epoch 3 [651/1875 (34.7%)] Loss: 0.0229 Acc: 0.9688
2025-11-23 22:36:59,192 - VGG_MNIST_logger - INFO - Epoch 3 [661/1875 (35.3%)] Loss: 0.0010 Acc: 1.0000
2025-11-23 22:36:59,871 - VGG_MNIST_logger - INFO - Epoch 3 [671/1875 (35.8%)] Loss: 0.0028 Acc: 1.0000
2025-11-23 22:37:00,480 - VGG_MNIST_logger - INFO - Epoch 3 [681/1875 (36.3%)] Loss: 0.1440 Acc: 0.9375
2025-11-23 22:37:01,082 - VGG_MNIST_logger - INFO - Epoch 3 [691/1875 (36.9%)] Loss: 0.2019 Acc: 0.9688
2025-11-23 22:37:01,683 - VGG_MNIST_logger - INFO - Epoch 3 [701/1875 (37.4%)] Loss: 0.0660 Acc: 1.0000
2025-11-23 22:37:02,290 - VGG_MNIST_logger - INFO - Epoch 3 [711/1875 (37.9%)] Loss: 0.0338 Acc: 1.0000
2025-11-23 22:37:02,888 - VGG_MNIST_logger - INFO - Epoch 3 [721/1875 (38.5%)] Loss: 0.1569 Acc: 0.9688
2025-11-23 22:37:03,492 - VGG_MNIST_logger - INFO - Epoch 3 [731/1875 (39.0%)] Loss: 0.0038 Acc: 1.0000
2025-11-23 22:37:04,095 - VGG_MNIST_logger - INFO - Epoch 3 [741/1875 (39.5%)] Loss: 0.0057 Acc: 1.0000
2025-11-23 22:37:04,695 - VGG_MNIST_logger - INFO - Epoch 3 [751/1875 (40.1%)] Loss: 0.0023 Acc: 1.0000
2025-11-23 22:37:05,302 - VGG_MNIST_logger - INFO - Epoch 3 [761/1875 (40.6%)] Loss: 0.0183 Acc: 1.0000
2025-11-23 22:37:05,978 - VGG_MNIST_logger - INFO - Epoch 3 [771/1875 (41.1%)] Loss: 0.0415 Acc: 0.9688
2025-11-23 22:37:06,582 - VGG_MNIST_logger - INFO - Epoch 3 [781/1875 (41.7%)] Loss: 0.0094 Acc: 1.0000
2025-11-23 22:37:07,181 - VGG_MNIST_logger - INFO - Epoch 3 [791/1875 (42.2%)] Loss: 0.0593 Acc: 0.9688
2025-11-23 22:37:07,788 - VGG_MNIST_logger - INFO - Epoch 3 [801/1875 (42.7%)] Loss: 0.0051 Acc: 1.0000
2025-11-23 22:37:08,396 - VGG_MNIST_logger - INFO - Epoch 3 [811/1875 (43.3%)] Loss: 0.0329 Acc: 1.0000
2025-11-23 22:37:08,996 - VGG_MNIST_logger - INFO - Epoch 3 [821/1875 (43.8%)] Loss: 0.0049 Acc: 1.0000
2025-11-23 22:37:09,600 - VGG_MNIST_logger - INFO - Epoch 3 [831/1875 (44.3%)] Loss: 0.0323 Acc: 0.9688
2025-11-23 22:37:10,202 - VGG_MNIST_logger - INFO - Epoch 3 [841/1875 (44.9%)] Loss: 0.3189 Acc: 0.9688
2025-11-23 22:37:10,808 - VGG_MNIST_logger - INFO - Epoch 3 [851/1875 (45.4%)] Loss: 0.0546 Acc: 1.0000
2025-11-23 22:37:11,414 - VGG_MNIST_logger - INFO - Epoch 3 [861/1875 (45.9%)] Loss: 0.0256 Acc: 1.0000
2025-11-23 22:37:12,097 - VGG_MNIST_logger - INFO - Epoch 3 [871/1875 (46.5%)] Loss: 0.0118 Acc: 1.0000
2025-11-23 22:37:12,704 - VGG_MNIST_logger - INFO - Epoch 3 [881/1875 (47.0%)] Loss: 0.0038 Acc: 1.0000
2025-11-23 22:37:13,305 - VGG_MNIST_logger - INFO - Epoch 3 [891/1875 (47.5%)] Loss: 0.0953 Acc: 0.9688
2025-11-23 22:37:13,910 - VGG_MNIST_logger - INFO - Epoch 3 [901/1875 (48.1%)] Loss: 0.0032 Acc: 1.0000
2025-11-23 22:37:14,508 - VGG_MNIST_logger - INFO - Epoch 3 [911/1875 (48.6%)] Loss: 0.0011 Acc: 1.0000
2025-11-23 22:37:15,117 - VGG_MNIST_logger - INFO - Epoch 3 [921/1875 (49.1%)] Loss: 0.0017 Acc: 1.0000
2025-11-23 22:37:15,720 - VGG_MNIST_logger - INFO - Epoch 3 [931/1875 (49.7%)] Loss: 0.2190 Acc: 1.0000
2025-11-23 22:37:16,325 - VGG_MNIST_logger - INFO - Epoch 3 [941/1875 (50.2%)] Loss: 0.0179 Acc: 1.0000
2025-11-23 22:37:16,935 - VGG_MNIST_logger - INFO - Epoch 3 [951/1875 (50.7%)] Loss: 0.0007 Acc: 1.0000
2025-11-23 22:37:17,536 - VGG_MNIST_logger - INFO - Epoch 3 [961/1875 (51.3%)] Loss: 0.0211 Acc: 1.0000
2025-11-23 22:37:18,213 - VGG_MNIST_logger - INFO - Epoch 3 [971/1875 (51.8%)] Loss: 0.0088 Acc: 1.0000
2025-11-23 22:37:18,811 - VGG_MNIST_logger - INFO - Epoch 3 [981/1875 (52.3%)] Loss: 0.0011 Acc: 1.0000
2025-11-23 22:37:19,414 - VGG_MNIST_logger - INFO - Epoch 3 [991/1875 (52.9%)] Loss: 0.0651 Acc: 1.0000
2025-11-23 22:37:20,018 - VGG_MNIST_logger - INFO - Epoch 3 [1001/1875 (53.4%)] Loss: 0.0396 Acc: 1.0000
2025-11-23 22:37:20,625 - VGG_MNIST_logger - INFO - Epoch 3 [1011/1875 (53.9%)] Loss: 0.0059 Acc: 1.0000
2025-11-23 22:37:21,235 - VGG_MNIST_logger - INFO - Epoch 3 [1021/1875 (54.5%)] Loss: 0.0305 Acc: 1.0000
2025-11-23 22:37:21,837 - VGG_MNIST_logger - INFO - Epoch 3 [1031/1875 (55.0%)] Loss: 0.1250 Acc: 1.0000
2025-11-23 22:37:22,441 - VGG_MNIST_logger - INFO - Epoch 3 [1041/1875 (55.5%)] Loss: 0.0027 Acc: 1.0000
2025-11-23 22:37:23,045 - VGG_MNIST_logger - INFO - Epoch 3 [1051/1875 (56.1%)] Loss: 0.1146 Acc: 1.0000
2025-11-23 22:37:23,654 - VGG_MNIST_logger - INFO - Epoch 3 [1061/1875 (56.6%)] Loss: 0.0059 Acc: 0.9688
2025-11-23 22:37:24,320 - VGG_MNIST_logger - INFO - Epoch 3 [1071/1875 (57.1%)] Loss: 0.1447 Acc: 0.9688
2025-11-23 22:37:24,928 - VGG_MNIST_logger - INFO - Epoch 3 [1081/1875 (57.7%)] Loss: 0.0142 Acc: 0.9688
2025-11-23 22:37:25,531 - VGG_MNIST_logger - INFO - Epoch 3 [1091/1875 (58.2%)] Loss: 0.1624 Acc: 0.9688
2025-11-23 22:37:26,134 - VGG_MNIST_logger - INFO - Epoch 3 [1101/1875 (58.7%)] Loss: 0.0475 Acc: 1.0000
2025-11-23 22:37:26,770 - VGG_MNIST_logger - INFO - Epoch 3 [1111/1875 (59.3%)] Loss: 0.0140 Acc: 1.0000
2025-11-23 22:37:27,370 - VGG_MNIST_logger - INFO - Epoch 3 [1121/1875 (59.8%)] Loss: 0.0061 Acc: 1.0000
2025-11-23 22:37:27,976 - VGG_MNIST_logger - INFO - Epoch 3 [1131/1875 (60.3%)] Loss: 0.0877 Acc: 0.9688
2025-11-23 22:37:28,577 - VGG_MNIST_logger - INFO - Epoch 3 [1141/1875 (60.9%)] Loss: 0.0558 Acc: 1.0000
2025-11-23 22:37:29,183 - VGG_MNIST_logger - INFO - Epoch 3 [1151/1875 (61.4%)] Loss: 0.0154 Acc: 1.0000
2025-11-23 22:37:29,786 - VGG_MNIST_logger - INFO - Epoch 3 [1161/1875 (61.9%)] Loss: 0.0156 Acc: 1.0000
2025-11-23 22:37:30,467 - VGG_MNIST_logger - INFO - Epoch 3 [1171/1875 (62.5%)] Loss: 0.0336 Acc: 1.0000
2025-11-23 22:37:31,075 - VGG_MNIST_logger - INFO - Epoch 3 [1181/1875 (63.0%)] Loss: 0.1140 Acc: 1.0000
2025-11-23 22:37:31,676 - VGG_MNIST_logger - INFO - Epoch 3 [1191/1875 (63.5%)] Loss: 0.0623 Acc: 1.0000
2025-11-23 22:37:32,281 - VGG_MNIST_logger - INFO - Epoch 3 [1201/1875 (64.1%)] Loss: 0.0003 Acc: 1.0000
2025-11-23 22:37:32,885 - VGG_MNIST_logger - INFO - Epoch 3 [1211/1875 (64.6%)] Loss: 0.0005 Acc: 1.0000
2025-11-23 22:37:33,490 - VGG_MNIST_logger - INFO - Epoch 3 [1221/1875 (65.1%)] Loss: 0.0133 Acc: 1.0000
2025-11-23 22:37:34,098 - VGG_MNIST_logger - INFO - Epoch 3 [1231/1875 (65.7%)] Loss: 0.0006 Acc: 1.0000
2025-11-23 22:37:34,696 - VGG_MNIST_logger - INFO - Epoch 3 [1241/1875 (66.2%)] Loss: 0.0103 Acc: 1.0000
2025-11-23 22:37:35,309 - VGG_MNIST_logger - INFO - Epoch 3 [1251/1875 (66.7%)] Loss: 0.1436 Acc: 0.9688
2025-11-23 22:37:35,908 - VGG_MNIST_logger - INFO - Epoch 3 [1261/1875 (67.3%)] Loss: 0.0600 Acc: 1.0000
2025-11-23 22:37:36,596 - VGG_MNIST_logger - INFO - Epoch 3 [1271/1875 (67.8%)] Loss: 0.0060 Acc: 1.0000
2025-11-23 22:37:37,202 - VGG_MNIST_logger - INFO - Epoch 3 [1281/1875 (68.3%)] Loss: 0.2414 Acc: 1.0000
2025-11-23 22:37:37,801 - VGG_MNIST_logger - INFO - Epoch 3 [1291/1875 (68.9%)] Loss: 0.0117 Acc: 1.0000
2025-11-23 22:37:38,407 - VGG_MNIST_logger - INFO - Epoch 3 [1301/1875 (69.4%)] Loss: 0.0458 Acc: 1.0000
2025-11-23 22:37:39,004 - VGG_MNIST_logger - INFO - Epoch 3 [1311/1875 (69.9%)] Loss: 0.0213 Acc: 1.0000
2025-11-23 22:37:39,608 - VGG_MNIST_logger - INFO - Epoch 3 [1321/1875 (70.5%)] Loss: 0.0006 Acc: 1.0000
2025-11-23 22:37:40,211 - VGG_MNIST_logger - INFO - Epoch 3 [1331/1875 (71.0%)] Loss: 0.0868 Acc: 1.0000
2025-11-23 22:37:40,818 - VGG_MNIST_logger - INFO - Epoch 3 [1341/1875 (71.5%)] Loss: 0.1347 Acc: 0.9688
2025-11-23 22:37:41,423 - VGG_MNIST_logger - INFO - Epoch 3 [1351/1875 (72.1%)] Loss: 0.0079 Acc: 1.0000
2025-11-23 22:37:42,027 - VGG_MNIST_logger - INFO - Epoch 3 [1361/1875 (72.6%)] Loss: 0.0034 Acc: 1.0000
2025-11-23 22:37:42,700 - VGG_MNIST_logger - INFO - Epoch 3 [1371/1875 (73.1%)] Loss: 0.0144 Acc: 1.0000
2025-11-23 22:37:43,305 - VGG_MNIST_logger - INFO - Epoch 3 [1381/1875 (73.7%)] Loss: 0.3044 Acc: 0.9688
2025-11-23 22:37:43,909 - VGG_MNIST_logger - INFO - Epoch 3 [1391/1875 (74.2%)] Loss: 0.2380 Acc: 0.9375
2025-11-23 22:37:44,507 - VGG_MNIST_logger - INFO - Epoch 3 [1401/1875 (74.7%)] Loss: 0.0813 Acc: 0.9688
2025-11-23 22:37:45,113 - VGG_MNIST_logger - INFO - Epoch 3 [1411/1875 (75.3%)] Loss: 0.1229 Acc: 1.0000
2025-11-23 22:37:45,721 - VGG_MNIST_logger - INFO - Epoch 3 [1421/1875 (75.8%)] Loss: 0.0203 Acc: 1.0000
2025-11-23 22:37:46,322 - VGG_MNIST_logger - INFO - Epoch 3 [1431/1875 (76.3%)] Loss: 0.0069 Acc: 1.0000
2025-11-23 22:37:46,930 - VGG_MNIST_logger - INFO - Epoch 3 [1441/1875 (76.9%)] Loss: 0.0203 Acc: 1.0000
2025-11-23 22:37:47,524 - VGG_MNIST_logger - INFO - Epoch 3 [1451/1875 (77.4%)] Loss: 0.1714 Acc: 0.9688
2025-11-23 22:37:48,128 - VGG_MNIST_logger - INFO - Epoch 3 [1461/1875 (77.9%)] Loss: 0.1001 Acc: 0.9688
2025-11-23 22:37:48,796 - VGG_MNIST_logger - INFO - Epoch 3 [1471/1875 (78.5%)] Loss: 0.0783 Acc: 0.9688
2025-11-23 22:37:49,403 - VGG_MNIST_logger - INFO - Epoch 3 [1481/1875 (79.0%)] Loss: 0.0430 Acc: 1.0000
2025-11-23 22:37:50,009 - VGG_MNIST_logger - INFO - Epoch 3 [1491/1875 (79.5%)] Loss: 0.0095 Acc: 1.0000
2025-11-23 22:37:50,607 - VGG_MNIST_logger - INFO - Epoch 3 [1501/1875 (80.1%)] Loss: 0.0005 Acc: 1.0000
2025-11-23 22:37:51,214 - VGG_MNIST_logger - INFO - Epoch 3 [1511/1875 (80.6%)] Loss: 0.0477 Acc: 0.9688
2025-11-23 22:37:51,813 - VGG_MNIST_logger - INFO - Epoch 3 [1521/1875 (81.1%)] Loss: 0.0232 Acc: 1.0000
2025-11-23 22:37:52,423 - VGG_MNIST_logger - INFO - Epoch 3 [1531/1875 (81.7%)] Loss: 0.0133 Acc: 1.0000
2025-11-23 22:37:53,025 - VGG_MNIST_logger - INFO - Epoch 3 [1541/1875 (82.2%)] Loss: 0.0128 Acc: 1.0000
2025-11-23 22:37:53,630 - VGG_MNIST_logger - INFO - Epoch 3 [1551/1875 (82.7%)] Loss: 0.0018 Acc: 1.0000
2025-11-23 22:37:54,228 - VGG_MNIST_logger - INFO - Epoch 3 [1561/1875 (83.3%)] Loss: 0.0038 Acc: 1.0000
2025-11-23 22:37:54,901 - VGG_MNIST_logger - INFO - Epoch 3 [1571/1875 (83.8%)] Loss: 0.0359 Acc: 1.0000
2025-11-23 22:37:55,505 - VGG_MNIST_logger - INFO - Epoch 3 [1581/1875 (84.3%)] Loss: 0.0081 Acc: 1.0000
2025-11-23 22:37:56,101 - VGG_MNIST_logger - INFO - Epoch 3 [1591/1875 (84.9%)] Loss: 0.0319 Acc: 1.0000
2025-11-23 22:37:56,708 - VGG_MNIST_logger - INFO - Epoch 3 [1601/1875 (85.4%)] Loss: 0.0030 Acc: 1.0000
2025-11-23 22:37:57,306 - VGG_MNIST_logger - INFO - Epoch 3 [1611/1875 (85.9%)] Loss: 0.0046 Acc: 1.0000
2025-11-23 22:37:57,910 - VGG_MNIST_logger - INFO - Epoch 3 [1621/1875 (86.5%)] Loss: 0.4843 Acc: 0.9688
2025-11-23 22:37:58,516 - VGG_MNIST_logger - INFO - Epoch 3 [1631/1875 (87.0%)] Loss: 0.0012 Acc: 1.0000
2025-11-23 22:37:59,115 - VGG_MNIST_logger - INFO - Epoch 3 [1641/1875 (87.5%)] Loss: 0.0526 Acc: 1.0000
2025-11-23 22:37:59,725 - VGG_MNIST_logger - INFO - Epoch 3 [1651/1875 (88.1%)] Loss: 0.3171 Acc: 0.9688
2025-11-23 22:38:00,326 - VGG_MNIST_logger - INFO - Epoch 3 [1661/1875 (88.6%)] Loss: 0.0789 Acc: 1.0000
2025-11-23 22:38:01,005 - VGG_MNIST_logger - INFO - Epoch 3 [1671/1875 (89.1%)] Loss: 0.0478 Acc: 1.0000
2025-11-23 22:38:01,603 - VGG_MNIST_logger - INFO - Epoch 3 [1681/1875 (89.7%)] Loss: 0.0247 Acc: 1.0000
2025-11-23 22:38:02,209 - VGG_MNIST_logger - INFO - Epoch 3 [1691/1875 (90.2%)] Loss: 0.0716 Acc: 0.9688
2025-11-23 22:38:02,818 - VGG_MNIST_logger - INFO - Epoch 3 [1701/1875 (90.7%)] Loss: 0.0260 Acc: 1.0000
2025-11-23 22:38:03,416 - VGG_MNIST_logger - INFO - Epoch 3 [1711/1875 (91.3%)] Loss: 0.0757 Acc: 0.9688
2025-11-23 22:38:04,017 - VGG_MNIST_logger - INFO - Epoch 3 [1721/1875 (91.8%)] Loss: 0.0006 Acc: 1.0000
2025-11-23 22:38:04,616 - VGG_MNIST_logger - INFO - Epoch 3 [1731/1875 (92.3%)] Loss: 0.0140 Acc: 1.0000
2025-11-23 22:38:05,221 - VGG_MNIST_logger - INFO - Epoch 3 [1741/1875 (92.9%)] Loss: 0.0437 Acc: 1.0000
2025-11-23 22:38:05,834 - VGG_MNIST_logger - INFO - Epoch 3 [1751/1875 (93.4%)] Loss: 0.0004 Acc: 1.0000
2025-11-23 22:38:06,444 - VGG_MNIST_logger - INFO - Epoch 3 [1761/1875 (93.9%)] Loss: 0.3169 Acc: 0.9062
2025-11-23 22:38:07,119 - VGG_MNIST_logger - INFO - Epoch 3 [1771/1875 (94.5%)] Loss: 0.4853 Acc: 0.9688
2025-11-23 22:38:07,718 - VGG_MNIST_logger - INFO - Epoch 3 [1781/1875 (95.0%)] Loss: 0.0630 Acc: 1.0000
2025-11-23 22:38:08,321 - VGG_MNIST_logger - INFO - Epoch 3 [1791/1875 (95.5%)] Loss: 0.1643 Acc: 0.9688
2025-11-23 22:38:08,920 - VGG_MNIST_logger - INFO - Epoch 3 [1801/1875 (96.1%)] Loss: 0.0076 Acc: 1.0000
2025-11-23 22:38:09,548 - VGG_MNIST_logger - INFO - Epoch 3 [1811/1875 (96.6%)] Loss: 0.0456 Acc: 0.9688
2025-11-23 22:38:10,148 - VGG_MNIST_logger - INFO - Epoch 3 [1821/1875 (97.1%)] Loss: 0.0019 Acc: 1.0000
2025-11-23 22:38:10,753 - VGG_MNIST_logger - INFO - Epoch 3 [1831/1875 (97.7%)] Loss: 0.0021 Acc: 1.0000
2025-11-23 22:38:11,359 - VGG_MNIST_logger - INFO - Epoch 3 [1841/1875 (98.2%)] Loss: 0.0777 Acc: 1.0000
2025-11-23 22:38:11,959 - VGG_MNIST_logger - INFO - Epoch 3 [1851/1875 (98.7%)] Loss: 0.0498 Acc: 0.9688
2025-11-23 22:38:12,570 - VGG_MNIST_logger - INFO - Epoch 3 [1861/1875 (99.3%)] Loss: 0.0143 Acc: 1.0000
2025-11-23 22:38:13,234 - VGG_MNIST_logger - INFO - Epoch 3 [1871/1875 (99.8%)] Loss: 0.0644 Acc: 1.0000
2025-11-23 22:38:49,543 - VGG_MNIST_logger - INFO - Epoch   3 | Train Loss: 0.0545 | Train Acc: 0.9945 | Val Loss: 0.0320 | Val Acc: 0.0320
2025-11-23 22:38:49,696 - VGG_MNIST_logger - INFO - Epoch 4 [1/1875 (0.1%)] Loss: 0.9972 Acc: 0.9375
2025-11-23 22:38:50,300 - VGG_MNIST_logger - INFO - Epoch 4 [11/1875 (0.6%)] Loss: 0.2424 Acc: 0.9375
2025-11-23 22:38:50,910 - VGG_MNIST_logger - INFO - Epoch 4 [21/1875 (1.1%)] Loss: 0.0105 Acc: 1.0000
2025-11-23 22:38:51,511 - VGG_MNIST_logger - INFO - Epoch 4 [31/1875 (1.7%)] Loss: 0.0598 Acc: 1.0000
2025-11-23 22:38:52,121 - VGG_MNIST_logger - INFO - Epoch 4 [41/1875 (2.2%)] Loss: 0.0643 Acc: 1.0000
2025-11-23 22:38:52,727 - VGG_MNIST_logger - INFO - Epoch 4 [51/1875 (2.7%)] Loss: 0.0095 Acc: 0.9688
2025-11-23 22:38:53,327 - VGG_MNIST_logger - INFO - Epoch 4 [61/1875 (3.3%)] Loss: 0.0480 Acc: 1.0000
2025-11-23 22:38:54,003 - VGG_MNIST_logger - INFO - Epoch 4 [71/1875 (3.8%)] Loss: 0.0176 Acc: 1.0000
2025-11-23 22:38:54,602 - VGG_MNIST_logger - INFO - Epoch 4 [81/1875 (4.3%)] Loss: 0.0023 Acc: 1.0000
2025-11-23 22:38:55,211 - VGG_MNIST_logger - INFO - Epoch 4 [91/1875 (4.9%)] Loss: 0.0010 Acc: 1.0000
2025-11-23 22:38:55,816 - VGG_MNIST_logger - INFO - Epoch 4 [101/1875 (5.4%)] Loss: 0.0009 Acc: 1.0000
2025-11-23 22:38:56,424 - VGG_MNIST_logger - INFO - Epoch 4 [111/1875 (5.9%)] Loss: 0.0003 Acc: 1.0000
2025-11-23 22:38:57,028 - VGG_MNIST_logger - INFO - Epoch 4 [121/1875 (6.5%)] Loss: 0.0007 Acc: 1.0000
2025-11-23 22:38:57,631 - VGG_MNIST_logger - INFO - Epoch 4 [131/1875 (7.0%)] Loss: 0.0005 Acc: 1.0000
2025-11-23 22:38:58,237 - VGG_MNIST_logger - INFO - Epoch 4 [141/1875 (7.5%)] Loss: 0.0164 Acc: 1.0000
2025-11-23 22:38:58,837 - VGG_MNIST_logger - INFO - Epoch 4 [151/1875 (8.1%)] Loss: 0.0003 Acc: 1.0000
2025-11-23 22:38:59,442 - VGG_MNIST_logger - INFO - Epoch 4 [161/1875 (8.6%)] Loss: 0.0547 Acc: 1.0000
2025-11-23 22:39:00,109 - VGG_MNIST_logger - INFO - Epoch 4 [171/1875 (9.1%)] Loss: 0.0082 Acc: 1.0000
2025-11-23 22:39:00,711 - VGG_MNIST_logger - INFO - Epoch 4 [181/1875 (9.7%)] Loss: 0.0498 Acc: 1.0000
2025-11-23 22:39:01,316 - VGG_MNIST_logger - INFO - Epoch 4 [191/1875 (10.2%)] Loss: 0.0130 Acc: 1.0000
2025-11-23 22:39:01,919 - VGG_MNIST_logger - INFO - Epoch 4 [201/1875 (10.7%)] Loss: 0.0020 Acc: 1.0000
2025-11-23 22:39:02,526 - VGG_MNIST_logger - INFO - Epoch 4 [211/1875 (11.3%)] Loss: 0.0017 Acc: 1.0000
2025-11-23 22:39:03,126 - VGG_MNIST_logger - INFO - Epoch 4 [221/1875 (11.8%)] Loss: 0.0076 Acc: 1.0000
2025-11-23 22:39:03,734 - VGG_MNIST_logger - INFO - Epoch 4 [231/1875 (12.3%)] Loss: 0.0255 Acc: 1.0000
2025-11-23 22:39:04,336 - VGG_MNIST_logger - INFO - Epoch 4 [241/1875 (12.9%)] Loss: 0.0763 Acc: 1.0000
2025-11-23 22:39:04,942 - VGG_MNIST_logger - INFO - Epoch 4 [251/1875 (13.4%)] Loss: 0.0100 Acc: 1.0000
2025-11-23 22:39:05,548 - VGG_MNIST_logger - INFO - Epoch 4 [261/1875 (13.9%)] Loss: 0.0024 Acc: 1.0000
2025-11-23 22:39:06,228 - VGG_MNIST_logger - INFO - Epoch 4 [271/1875 (14.5%)] Loss: 0.0792 Acc: 1.0000
2025-11-23 22:39:06,834 - VGG_MNIST_logger - INFO - Epoch 4 [281/1875 (15.0%)] Loss: 0.0939 Acc: 1.0000
2025-11-23 22:39:07,434 - VGG_MNIST_logger - INFO - Epoch 4 [291/1875 (15.5%)] Loss: 0.0000 Acc: 1.0000
2025-11-23 22:39:08,042 - VGG_MNIST_logger - INFO - Epoch 4 [301/1875 (16.1%)] Loss: 0.0301 Acc: 1.0000
2025-11-23 22:39:08,642 - VGG_MNIST_logger - INFO - Epoch 4 [311/1875 (16.6%)] Loss: 0.0185 Acc: 1.0000
2025-11-23 22:39:09,251 - VGG_MNIST_logger - INFO - Epoch 4 [321/1875 (17.1%)] Loss: 0.0001 Acc: 1.0000
2025-11-23 22:39:09,860 - VGG_MNIST_logger - INFO - Epoch 4 [331/1875 (17.7%)] Loss: 0.0005 Acc: 1.0000
2025-11-23 22:39:10,460 - VGG_MNIST_logger - INFO - Epoch 4 [341/1875 (18.2%)] Loss: 0.0095 Acc: 1.0000
2025-11-23 22:39:11,068 - VGG_MNIST_logger - INFO - Epoch 4 [351/1875 (18.7%)] Loss: 0.0005 Acc: 1.0000
2025-11-23 22:39:11,666 - VGG_MNIST_logger - INFO - Epoch 4 [361/1875 (19.3%)] Loss: 0.0023 Acc: 1.0000
2025-11-23 22:39:12,352 - VGG_MNIST_logger - INFO - Epoch 4 [371/1875 (19.8%)] Loss: 0.0267 Acc: 1.0000
2025-11-23 22:39:12,955 - VGG_MNIST_logger - INFO - Epoch 4 [381/1875 (20.3%)] Loss: 0.0228 Acc: 1.0000
2025-11-23 22:39:13,551 - VGG_MNIST_logger - INFO - Epoch 4 [391/1875 (20.9%)] Loss: 0.0058 Acc: 1.0000
2025-11-23 22:39:14,157 - VGG_MNIST_logger - INFO - Epoch 4 [401/1875 (21.4%)] Loss: 0.0173 Acc: 1.0000
2025-11-23 22:39:14,755 - VGG_MNIST_logger - INFO - Epoch 4 [411/1875 (21.9%)] Loss: 0.0566 Acc: 0.9688
2025-11-23 22:39:15,355 - VGG_MNIST_logger - INFO - Epoch 4 [421/1875 (22.5%)] Loss: 0.0425 Acc: 1.0000
2025-11-23 22:39:15,956 - VGG_MNIST_logger - INFO - Epoch 4 [431/1875 (23.0%)] Loss: 0.0009 Acc: 1.0000
2025-11-23 22:39:16,563 - VGG_MNIST_logger - INFO - Epoch 4 [441/1875 (23.5%)] Loss: 0.2678 Acc: 1.0000
2025-11-23 22:39:17,163 - VGG_MNIST_logger - INFO - Epoch 4 [451/1875 (24.1%)] Loss: 0.0294 Acc: 1.0000
2025-11-23 22:39:17,769 - VGG_MNIST_logger - INFO - Epoch 4 [461/1875 (24.6%)] Loss: 0.0057 Acc: 1.0000
2025-11-23 22:39:18,445 - VGG_MNIST_logger - INFO - Epoch 4 [471/1875 (25.1%)] Loss: 0.0239 Acc: 1.0000
2025-11-23 22:39:19,045 - VGG_MNIST_logger - INFO - Epoch 4 [481/1875 (25.7%)] Loss: 0.0014 Acc: 1.0000
2025-11-23 22:39:19,670 - VGG_MNIST_logger - INFO - Epoch 4 [491/1875 (26.2%)] Loss: 0.2912 Acc: 0.9688
2025-11-23 22:39:20,273 - VGG_MNIST_logger - INFO - Epoch 4 [501/1875 (26.7%)] Loss: 0.0143 Acc: 1.0000
2025-11-23 22:39:20,886 - VGG_MNIST_logger - INFO - Epoch 4 [511/1875 (27.3%)] Loss: 0.0518 Acc: 1.0000
2025-11-23 22:39:21,491 - VGG_MNIST_logger - INFO - Epoch 4 [521/1875 (27.8%)] Loss: 0.0883 Acc: 1.0000
2025-11-23 22:39:22,093 - VGG_MNIST_logger - INFO - Epoch 4 [531/1875 (28.3%)] Loss: 0.0214 Acc: 1.0000
2025-11-23 22:39:22,697 - VGG_MNIST_logger - INFO - Epoch 4 [541/1875 (28.9%)] Loss: 0.1478 Acc: 0.9688
2025-11-23 22:39:23,292 - VGG_MNIST_logger - INFO - Epoch 4 [551/1875 (29.4%)] Loss: 0.1882 Acc: 0.9688
2025-11-23 22:39:23,898 - VGG_MNIST_logger - INFO - Epoch 4 [561/1875 (29.9%)] Loss: 0.0147 Acc: 1.0000
2025-11-23 22:39:24,577 - VGG_MNIST_logger - INFO - Epoch 4 [571/1875 (30.5%)] Loss: 0.0123 Acc: 1.0000
2025-11-23 22:39:25,187 - VGG_MNIST_logger - INFO - Epoch 4 [581/1875 (31.0%)] Loss: 0.0001 Acc: 1.0000
2025-11-23 22:39:25,796 - VGG_MNIST_logger - INFO - Epoch 4 [591/1875 (31.5%)] Loss: 0.0138 Acc: 1.0000
2025-11-23 22:39:26,393 - VGG_MNIST_logger - INFO - Epoch 4 [601/1875 (32.1%)] Loss: 0.0451 Acc: 1.0000
2025-11-23 22:39:26,998 - VGG_MNIST_logger - INFO - Epoch 4 [611/1875 (32.6%)] Loss: 0.0017 Acc: 1.0000
2025-11-23 22:39:27,597 - VGG_MNIST_logger - INFO - Epoch 4 [621/1875 (33.1%)] Loss: 0.0015 Acc: 1.0000
2025-11-23 22:39:28,201 - VGG_MNIST_logger - INFO - Epoch 4 [631/1875 (33.7%)] Loss: 0.0084 Acc: 1.0000
2025-11-23 22:39:28,799 - VGG_MNIST_logger - INFO - Epoch 4 [641/1875 (34.2%)] Loss: 0.0020 Acc: 1.0000
2025-11-23 22:39:29,410 - VGG_MNIST_logger - INFO - Epoch 4 [651/1875 (34.7%)] Loss: 0.0022 Acc: 1.0000
2025-11-23 22:39:30,017 - VGG_MNIST_logger - INFO - Epoch 4 [661/1875 (35.3%)] Loss: 0.0012 Acc: 1.0000
2025-11-23 22:39:30,694 - VGG_MNIST_logger - INFO - Epoch 4 [671/1875 (35.8%)] Loss: 0.0003 Acc: 1.0000
2025-11-23 22:39:31,303 - VGG_MNIST_logger - INFO - Epoch 4 [681/1875 (36.3%)] Loss: 0.0046 Acc: 1.0000
2025-11-23 22:39:31,907 - VGG_MNIST_logger - INFO - Epoch 4 [691/1875 (36.9%)] Loss: 0.0699 Acc: 1.0000
2025-11-23 22:39:32,520 - VGG_MNIST_logger - INFO - Epoch 4 [701/1875 (37.4%)] Loss: 0.1290 Acc: 1.0000
2025-11-23 22:39:33,119 - VGG_MNIST_logger - INFO - Epoch 4 [711/1875 (37.9%)] Loss: 0.0022 Acc: 1.0000
2025-11-23 22:39:33,725 - VGG_MNIST_logger - INFO - Epoch 4 [721/1875 (38.5%)] Loss: 0.1884 Acc: 1.0000
2025-11-23 22:39:34,330 - VGG_MNIST_logger - INFO - Epoch 4 [731/1875 (39.0%)] Loss: 0.0532 Acc: 0.9688
2025-11-23 22:39:34,935 - VGG_MNIST_logger - INFO - Epoch 4 [741/1875 (39.5%)] Loss: 0.0001 Acc: 1.0000
2025-11-23 22:39:35,537 - VGG_MNIST_logger - INFO - Epoch 4 [751/1875 (40.1%)] Loss: 0.0498 Acc: 1.0000
2025-11-23 22:39:36,138 - VGG_MNIST_logger - INFO - Epoch 4 [761/1875 (40.6%)] Loss: 0.0369 Acc: 1.0000
2025-11-23 22:39:36,835 - VGG_MNIST_logger - INFO - Epoch 4 [771/1875 (41.1%)] Loss: 0.0746 Acc: 1.0000
2025-11-23 22:39:37,445 - VGG_MNIST_logger - INFO - Epoch 4 [781/1875 (41.7%)] Loss: 0.1099 Acc: 1.0000
2025-11-23 22:39:38,045 - VGG_MNIST_logger - INFO - Epoch 4 [791/1875 (42.2%)] Loss: 0.0044 Acc: 1.0000
2025-11-23 22:39:38,654 - VGG_MNIST_logger - INFO - Epoch 4 [801/1875 (42.7%)] Loss: 0.0149 Acc: 1.0000
2025-11-23 22:39:39,259 - VGG_MNIST_logger - INFO - Epoch 4 [811/1875 (43.3%)] Loss: 0.0247 Acc: 1.0000
2025-11-23 22:39:39,866 - VGG_MNIST_logger - INFO - Epoch 4 [821/1875 (43.8%)] Loss: 0.0429 Acc: 1.0000
2025-11-23 22:39:40,471 - VGG_MNIST_logger - INFO - Epoch 4 [831/1875 (44.3%)] Loss: 0.0017 Acc: 1.0000
2025-11-23 22:39:41,078 - VGG_MNIST_logger - INFO - Epoch 4 [841/1875 (44.9%)] Loss: 0.2399 Acc: 0.9688
2025-11-23 22:39:41,685 - VGG_MNIST_logger - INFO - Epoch 4 [851/1875 (45.4%)] Loss: 0.1318 Acc: 0.9688
2025-11-23 22:39:42,288 - VGG_MNIST_logger - INFO - Epoch 4 [861/1875 (45.9%)] Loss: 0.0459 Acc: 1.0000
2025-11-23 22:39:42,977 - VGG_MNIST_logger - INFO - Epoch 4 [871/1875 (46.5%)] Loss: 0.1525 Acc: 1.0000
2025-11-23 22:39:43,577 - VGG_MNIST_logger - INFO - Epoch 4 [881/1875 (47.0%)] Loss: 0.0010 Acc: 1.0000
2025-11-23 22:39:44,185 - VGG_MNIST_logger - INFO - Epoch 4 [891/1875 (47.5%)] Loss: 0.0038 Acc: 1.0000
2025-11-23 22:39:44,784 - VGG_MNIST_logger - INFO - Epoch 4 [901/1875 (48.1%)] Loss: 0.0001 Acc: 1.0000
2025-11-23 22:39:45,388 - VGG_MNIST_logger - INFO - Epoch 4 [911/1875 (48.6%)] Loss: 0.1602 Acc: 0.9688
2025-11-23 22:39:46,001 - VGG_MNIST_logger - INFO - Epoch 4 [921/1875 (49.1%)] Loss: 0.1498 Acc: 0.9688
2025-11-23 22:39:46,603 - VGG_MNIST_logger - INFO - Epoch 4 [931/1875 (49.7%)] Loss: 0.0356 Acc: 1.0000
2025-11-23 22:39:47,209 - VGG_MNIST_logger - INFO - Epoch 4 [941/1875 (50.2%)] Loss: 0.0130 Acc: 1.0000
2025-11-23 22:39:47,811 - VGG_MNIST_logger - INFO - Epoch 4 [951/1875 (50.7%)] Loss: 0.0499 Acc: 1.0000
2025-11-23 22:39:48,421 - VGG_MNIST_logger - INFO - Epoch 4 [961/1875 (51.3%)] Loss: 0.0235 Acc: 1.0000
2025-11-23 22:39:49,092 - VGG_MNIST_logger - INFO - Epoch 4 [971/1875 (51.8%)] Loss: 0.0675 Acc: 1.0000
2025-11-23 22:39:49,694 - VGG_MNIST_logger - INFO - Epoch 4 [981/1875 (52.3%)] Loss: 0.0275 Acc: 1.0000
2025-11-23 22:39:50,299 - VGG_MNIST_logger - INFO - Epoch 4 [991/1875 (52.9%)] Loss: 0.0013 Acc: 1.0000
2025-11-23 22:39:50,902 - VGG_MNIST_logger - INFO - Epoch 4 [1001/1875 (53.4%)] Loss: 0.0607 Acc: 0.9688
2025-11-23 22:39:51,510 - VGG_MNIST_logger - INFO - Epoch 4 [1011/1875 (53.9%)] Loss: 0.1350 Acc: 1.0000
2025-11-23 22:39:52,112 - VGG_MNIST_logger - INFO - Epoch 4 [1021/1875 (54.5%)] Loss: 0.0015 Acc: 1.0000
2025-11-23 22:39:52,720 - VGG_MNIST_logger - INFO - Epoch 4 [1031/1875 (55.0%)] Loss: 0.0063 Acc: 1.0000
2025-11-23 22:39:53,321 - VGG_MNIST_logger - INFO - Epoch 4 [1041/1875 (55.5%)] Loss: 0.0341 Acc: 1.0000
2025-11-23 22:39:53,924 - VGG_MNIST_logger - INFO - Epoch 4 [1051/1875 (56.1%)] Loss: 0.0057 Acc: 1.0000
2025-11-23 22:39:54,531 - VGG_MNIST_logger - INFO - Epoch 4 [1061/1875 (56.6%)] Loss: 0.0578 Acc: 1.0000
2025-11-23 22:39:55,201 - VGG_MNIST_logger - INFO - Epoch 4 [1071/1875 (57.1%)] Loss: 0.0162 Acc: 1.0000
2025-11-23 22:39:55,808 - VGG_MNIST_logger - INFO - Epoch 4 [1081/1875 (57.7%)] Loss: 0.0166 Acc: 1.0000
2025-11-23 22:39:56,406 - VGG_MNIST_logger - INFO - Epoch 4 [1091/1875 (58.2%)] Loss: 0.0008 Acc: 1.0000
2025-11-23 22:39:57,015 - VGG_MNIST_logger - INFO - Epoch 4 [1101/1875 (58.7%)] Loss: 0.0019 Acc: 1.0000
2025-11-23 22:39:57,613 - VGG_MNIST_logger - INFO - Epoch 4 [1111/1875 (59.3%)] Loss: 0.0017 Acc: 1.0000
2025-11-23 22:39:58,223 - VGG_MNIST_logger - INFO - Epoch 4 [1121/1875 (59.8%)] Loss: 0.1723 Acc: 1.0000
2025-11-23 22:39:58,826 - VGG_MNIST_logger - INFO - Epoch 4 [1131/1875 (60.3%)] Loss: 0.0029 Acc: 1.0000
2025-11-23 22:39:59,427 - VGG_MNIST_logger - INFO - Epoch 4 [1141/1875 (60.9%)] Loss: 0.0008 Acc: 1.0000
2025-11-23 22:40:00,034 - VGG_MNIST_logger - INFO - Epoch 4 [1151/1875 (61.4%)] Loss: 0.2048 Acc: 1.0000
2025-11-23 22:40:00,632 - VGG_MNIST_logger - INFO - Epoch 4 [1161/1875 (61.9%)] Loss: 0.0620 Acc: 1.0000
2025-11-23 22:40:01,320 - VGG_MNIST_logger - INFO - Epoch 4 [1171/1875 (62.5%)] Loss: 0.0216 Acc: 1.0000
2025-11-23 22:40:01,950 - VGG_MNIST_logger - INFO - Epoch 4 [1181/1875 (63.0%)] Loss: 0.1405 Acc: 1.0000
2025-11-23 22:40:02,553 - VGG_MNIST_logger - INFO - Epoch 4 [1191/1875 (63.5%)] Loss: 0.0071 Acc: 1.0000
2025-11-23 22:40:03,162 - VGG_MNIST_logger - INFO - Epoch 4 [1201/1875 (64.1%)] Loss: 0.0013 Acc: 1.0000
2025-11-23 22:40:03,760 - VGG_MNIST_logger - INFO - Epoch 4 [1211/1875 (64.6%)] Loss: 0.0025 Acc: 1.0000
2025-11-23 22:40:04,367 - VGG_MNIST_logger - INFO - Epoch 4 [1221/1875 (65.1%)] Loss: 0.0054 Acc: 1.0000
2025-11-23 22:40:04,966 - VGG_MNIST_logger - INFO - Epoch 4 [1231/1875 (65.7%)] Loss: 0.0280 Acc: 1.0000
2025-11-23 22:40:05,571 - VGG_MNIST_logger - INFO - Epoch 4 [1241/1875 (66.2%)] Loss: 0.0095 Acc: 1.0000
2025-11-23 22:40:06,180 - VGG_MNIST_logger - INFO - Epoch 4 [1251/1875 (66.7%)] Loss: 0.0119 Acc: 1.0000
2025-11-23 22:40:06,785 - VGG_MNIST_logger - INFO - Epoch 4 [1261/1875 (67.3%)] Loss: 0.2432 Acc: 1.0000
2025-11-23 22:40:07,461 - VGG_MNIST_logger - INFO - Epoch 4 [1271/1875 (67.8%)] Loss: 0.0009 Acc: 1.0000
2025-11-23 22:40:08,061 - VGG_MNIST_logger - INFO - Epoch 4 [1281/1875 (68.3%)] Loss: 0.0002 Acc: 1.0000
2025-11-23 22:40:08,671 - VGG_MNIST_logger - INFO - Epoch 4 [1291/1875 (68.9%)] Loss: 0.0966 Acc: 1.0000
2025-11-23 22:40:09,275 - VGG_MNIST_logger - INFO - Epoch 4 [1301/1875 (69.4%)] Loss: 0.0646 Acc: 0.9688
2025-11-23 22:40:09,880 - VGG_MNIST_logger - INFO - Epoch 4 [1311/1875 (69.9%)] Loss: 0.0552 Acc: 1.0000
2025-11-23 22:40:10,482 - VGG_MNIST_logger - INFO - Epoch 4 [1321/1875 (70.5%)] Loss: 0.0915 Acc: 1.0000
2025-11-23 22:40:11,085 - VGG_MNIST_logger - INFO - Epoch 4 [1331/1875 (71.0%)] Loss: 0.0003 Acc: 1.0000
2025-11-23 22:40:11,694 - VGG_MNIST_logger - INFO - Epoch 4 [1341/1875 (71.5%)] Loss: 0.0041 Acc: 1.0000
2025-11-23 22:40:12,293 - VGG_MNIST_logger - INFO - Epoch 4 [1351/1875 (72.1%)] Loss: 0.0271 Acc: 1.0000
2025-11-23 22:40:12,897 - VGG_MNIST_logger - INFO - Epoch 4 [1361/1875 (72.6%)] Loss: 0.0053 Acc: 1.0000
2025-11-23 22:40:13,568 - VGG_MNIST_logger - INFO - Epoch 4 [1371/1875 (73.1%)] Loss: 0.0049 Acc: 1.0000
2025-11-23 22:40:14,173 - VGG_MNIST_logger - INFO - Epoch 4 [1381/1875 (73.7%)] Loss: 0.4533 Acc: 0.9688
2025-11-23 22:40:14,778 - VGG_MNIST_logger - INFO - Epoch 4 [1391/1875 (74.2%)] Loss: 0.0108 Acc: 1.0000
2025-11-23 22:40:15,378 - VGG_MNIST_logger - INFO - Epoch 4 [1401/1875 (74.7%)] Loss: 0.0006 Acc: 1.0000
2025-11-23 22:40:15,994 - VGG_MNIST_logger - INFO - Epoch 4 [1411/1875 (75.3%)] Loss: 0.0013 Acc: 1.0000
2025-11-23 22:40:16,594 - VGG_MNIST_logger - INFO - Epoch 4 [1421/1875 (75.8%)] Loss: 0.0989 Acc: 1.0000
2025-11-23 22:40:17,195 - VGG_MNIST_logger - INFO - Epoch 4 [1431/1875 (76.3%)] Loss: 0.1527 Acc: 1.0000
2025-11-23 22:40:17,794 - VGG_MNIST_logger - INFO - Epoch 4 [1441/1875 (76.9%)] Loss: 0.0182 Acc: 1.0000
2025-11-23 22:40:18,399 - VGG_MNIST_logger - INFO - Epoch 4 [1451/1875 (77.4%)] Loss: 0.0910 Acc: 0.9688
2025-11-23 22:40:19,005 - VGG_MNIST_logger - INFO - Epoch 4 [1461/1875 (77.9%)] Loss: 0.0014 Acc: 1.0000
2025-11-23 22:40:19,679 - VGG_MNIST_logger - INFO - Epoch 4 [1471/1875 (78.5%)] Loss: 0.0003 Acc: 1.0000
2025-11-23 22:40:20,284 - VGG_MNIST_logger - INFO - Epoch 4 [1481/1875 (79.0%)] Loss: 0.0044 Acc: 1.0000
2025-11-23 22:40:20,885 - VGG_MNIST_logger - INFO - Epoch 4 [1491/1875 (79.5%)] Loss: 0.0151 Acc: 1.0000
2025-11-23 22:40:21,493 - VGG_MNIST_logger - INFO - Epoch 4 [1501/1875 (80.1%)] Loss: 0.0020 Acc: 1.0000
2025-11-23 22:40:22,093 - VGG_MNIST_logger - INFO - Epoch 4 [1511/1875 (80.6%)] Loss: 0.0504 Acc: 1.0000
2025-11-23 22:40:22,697 - VGG_MNIST_logger - INFO - Epoch 4 [1521/1875 (81.1%)] Loss: 0.0003 Acc: 1.0000
2025-11-23 22:40:23,301 - VGG_MNIST_logger - INFO - Epoch 4 [1531/1875 (81.7%)] Loss: 0.0014 Acc: 1.0000
2025-11-23 22:40:23,895 - VGG_MNIST_logger - INFO - Epoch 4 [1541/1875 (82.2%)] Loss: 0.0898 Acc: 1.0000
2025-11-23 22:40:24,501 - VGG_MNIST_logger - INFO - Epoch 4 [1551/1875 (82.7%)] Loss: 0.0014 Acc: 1.0000
2025-11-23 22:40:25,101 - VGG_MNIST_logger - INFO - Epoch 4 [1561/1875 (83.3%)] Loss: 0.3769 Acc: 0.9688
2025-11-23 22:40:25,783 - VGG_MNIST_logger - INFO - Epoch 4 [1571/1875 (83.8%)] Loss: 0.0876 Acc: 1.0000
2025-11-23 22:40:26,393 - VGG_MNIST_logger - INFO - Epoch 4 [1581/1875 (84.3%)] Loss: 0.0257 Acc: 1.0000
2025-11-23 22:40:26,996 - VGG_MNIST_logger - INFO - Epoch 4 [1591/1875 (84.9%)] Loss: 0.0128 Acc: 1.0000
2025-11-23 22:40:27,604 - VGG_MNIST_logger - INFO - Epoch 4 [1601/1875 (85.4%)] Loss: 0.0122 Acc: 1.0000
2025-11-23 22:40:28,202 - VGG_MNIST_logger - INFO - Epoch 4 [1611/1875 (85.9%)] Loss: 0.0148 Acc: 1.0000
2025-11-23 22:40:28,806 - VGG_MNIST_logger - INFO - Epoch 4 [1621/1875 (86.5%)] Loss: 0.0487 Acc: 1.0000
2025-11-23 22:40:29,404 - VGG_MNIST_logger - INFO - Epoch 4 [1631/1875 (87.0%)] Loss: 0.0281 Acc: 1.0000
2025-11-23 22:40:30,010 - VGG_MNIST_logger - INFO - Epoch 4 [1641/1875 (87.5%)] Loss: 0.0005 Acc: 1.0000
2025-11-23 22:40:30,608 - VGG_MNIST_logger - INFO - Epoch 4 [1651/1875 (88.1%)] Loss: 0.0003 Acc: 1.0000
2025-11-23 22:40:31,212 - VGG_MNIST_logger - INFO - Epoch 4 [1661/1875 (88.6%)] Loss: 0.0053 Acc: 1.0000
2025-11-23 22:40:31,890 - VGG_MNIST_logger - INFO - Epoch 4 [1671/1875 (89.1%)] Loss: 0.0352 Acc: 0.9375
2025-11-23 22:40:32,491 - VGG_MNIST_logger - INFO - Epoch 4 [1681/1875 (89.7%)] Loss: 0.0721 Acc: 1.0000
2025-11-23 22:40:33,094 - VGG_MNIST_logger - INFO - Epoch 4 [1691/1875 (90.2%)] Loss: 0.0523 Acc: 0.9688
2025-11-23 22:40:33,691 - VGG_MNIST_logger - INFO - Epoch 4 [1701/1875 (90.7%)] Loss: 0.1130 Acc: 1.0000
2025-11-23 22:40:34,297 - VGG_MNIST_logger - INFO - Epoch 4 [1711/1875 (91.3%)] Loss: 0.0014 Acc: 1.0000
2025-11-23 22:40:34,899 - VGG_MNIST_logger - INFO - Epoch 4 [1721/1875 (91.8%)] Loss: 0.0489 Acc: 1.0000
2025-11-23 22:40:35,505 - VGG_MNIST_logger - INFO - Epoch 4 [1731/1875 (92.3%)] Loss: 0.1647 Acc: 0.9688
2025-11-23 22:40:36,113 - VGG_MNIST_logger - INFO - Epoch 4 [1741/1875 (92.9%)] Loss: 0.2365 Acc: 0.9688
2025-11-23 22:40:36,716 - VGG_MNIST_logger - INFO - Epoch 4 [1751/1875 (93.4%)] Loss: 0.0023 Acc: 1.0000
2025-11-23 22:40:37,343 - VGG_MNIST_logger - INFO - Epoch 4 [1761/1875 (93.9%)] Loss: 0.0399 Acc: 1.0000
2025-11-23 22:40:38,016 - VGG_MNIST_logger - INFO - Epoch 4 [1771/1875 (94.5%)] Loss: 0.0162 Acc: 1.0000
2025-11-23 22:40:38,622 - VGG_MNIST_logger - INFO - Epoch 4 [1781/1875 (95.0%)] Loss: 0.0181 Acc: 1.0000
2025-11-23 22:40:39,230 - VGG_MNIST_logger - INFO - Epoch 4 [1791/1875 (95.5%)] Loss: 0.0086 Acc: 1.0000
2025-11-23 22:40:39,832 - VGG_MNIST_logger - INFO - Epoch 4 [1801/1875 (96.1%)] Loss: 0.0023 Acc: 1.0000
2025-11-23 22:40:40,437 - VGG_MNIST_logger - INFO - Epoch 4 [1811/1875 (96.6%)] Loss: 0.1400 Acc: 0.9688
2025-11-23 22:40:41,039 - VGG_MNIST_logger - INFO - Epoch 4 [1821/1875 (97.1%)] Loss: 0.1687 Acc: 0.9375
2025-11-23 22:40:41,648 - VGG_MNIST_logger - INFO - Epoch 4 [1831/1875 (97.7%)] Loss: 0.0142 Acc: 1.0000
2025-11-23 22:40:42,246 - VGG_MNIST_logger - INFO - Epoch 4 [1841/1875 (98.2%)] Loss: 0.0006 Acc: 1.0000
2025-11-23 22:40:42,855 - VGG_MNIST_logger - INFO - Epoch 4 [1851/1875 (98.7%)] Loss: 0.0227 Acc: 1.0000
2025-11-23 22:40:43,462 - VGG_MNIST_logger - INFO - Epoch 4 [1861/1875 (99.3%)] Loss: 0.0092 Acc: 1.0000
2025-11-23 22:40:44,136 - VGG_MNIST_logger - INFO - Epoch 4 [1871/1875 (99.8%)] Loss: 0.0856 Acc: 1.0000
2025-11-23 22:41:20,516 - VGG_MNIST_logger - INFO - Epoch   4 | Train Loss: 0.0434 | Train Acc: 0.9959 | Val Loss: 0.0220 | Val Acc: 0.0220
2025-11-23 22:41:20,667 - VGG_MNIST_logger - INFO - Epoch 5 [1/1875 (0.1%)] Loss: 0.0408 Acc: 1.0000
2025-11-23 22:41:21,284 - VGG_MNIST_logger - INFO - Epoch 5 [11/1875 (0.6%)] Loss: 0.0018 Acc: 1.0000
2025-11-23 22:41:21,897 - VGG_MNIST_logger - INFO - Epoch 5 [21/1875 (1.1%)] Loss: 0.0133 Acc: 1.0000
2025-11-23 22:41:22,501 - VGG_MNIST_logger - INFO - Epoch 5 [31/1875 (1.7%)] Loss: 0.0123 Acc: 1.0000
2025-11-23 22:41:23,109 - VGG_MNIST_logger - INFO - Epoch 5 [41/1875 (2.2%)] Loss: 0.0072 Acc: 1.0000
2025-11-23 22:41:23,716 - VGG_MNIST_logger - INFO - Epoch 5 [51/1875 (2.7%)] Loss: 0.0438 Acc: 1.0000
2025-11-23 22:41:24,320 - VGG_MNIST_logger - INFO - Epoch 5 [61/1875 (3.3%)] Loss: 0.0150 Acc: 1.0000
2025-11-23 22:41:24,998 - VGG_MNIST_logger - INFO - Epoch 5 [71/1875 (3.8%)] Loss: 0.0158 Acc: 1.0000
2025-11-23 22:41:25,593 - VGG_MNIST_logger - INFO - Epoch 5 [81/1875 (4.3%)] Loss: 0.1180 Acc: 0.9688
2025-11-23 22:41:26,203 - VGG_MNIST_logger - INFO - Epoch 5 [91/1875 (4.9%)] Loss: 0.0014 Acc: 1.0000
2025-11-23 22:41:26,817 - VGG_MNIST_logger - INFO - Epoch 5 [101/1875 (5.4%)] Loss: 0.0132 Acc: 1.0000
2025-11-23 22:41:27,432 - VGG_MNIST_logger - INFO - Epoch 5 [111/1875 (5.9%)] Loss: 0.0064 Acc: 1.0000
2025-11-23 22:41:28,031 - VGG_MNIST_logger - INFO - Epoch 5 [121/1875 (6.5%)] Loss: 0.0490 Acc: 1.0000
2025-11-23 22:41:28,638 - VGG_MNIST_logger - INFO - Epoch 5 [131/1875 (7.0%)] Loss: 0.0236 Acc: 1.0000
2025-11-23 22:41:29,249 - VGG_MNIST_logger - INFO - Epoch 5 [141/1875 (7.5%)] Loss: 0.0142 Acc: 1.0000
2025-11-23 22:41:29,847 - VGG_MNIST_logger - INFO - Epoch 5 [151/1875 (8.1%)] Loss: 0.0060 Acc: 1.0000
2025-11-23 22:41:30,454 - VGG_MNIST_logger - INFO - Epoch 5 [161/1875 (8.6%)] Loss: 0.0079 Acc: 1.0000
2025-11-23 22:41:31,127 - VGG_MNIST_logger - INFO - Epoch 5 [171/1875 (9.1%)] Loss: 0.0011 Acc: 1.0000
2025-11-23 22:41:31,731 - VGG_MNIST_logger - INFO - Epoch 5 [181/1875 (9.7%)] Loss: 0.0019 Acc: 1.0000
2025-11-23 22:41:32,335 - VGG_MNIST_logger - INFO - Epoch 5 [191/1875 (10.2%)] Loss: 0.0072 Acc: 1.0000
2025-11-23 22:41:32,946 - VGG_MNIST_logger - INFO - Epoch 5 [201/1875 (10.7%)] Loss: 0.0026 Acc: 1.0000
2025-11-23 22:41:33,549 - VGG_MNIST_logger - INFO - Epoch 5 [211/1875 (11.3%)] Loss: 0.0101 Acc: 1.0000
2025-11-23 22:41:34,153 - VGG_MNIST_logger - INFO - Epoch 5 [221/1875 (11.8%)] Loss: 0.0111 Acc: 1.0000
2025-11-23 22:41:34,760 - VGG_MNIST_logger - INFO - Epoch 5 [231/1875 (12.3%)] Loss: 0.0095 Acc: 1.0000
2025-11-23 22:41:35,366 - VGG_MNIST_logger - INFO - Epoch 5 [241/1875 (12.9%)] Loss: 0.0327 Acc: 1.0000
2025-11-23 22:41:35,971 - VGG_MNIST_logger - INFO - Epoch 5 [251/1875 (13.4%)] Loss: 0.0001 Acc: 1.0000
2025-11-23 22:41:36,570 - VGG_MNIST_logger - INFO - Epoch 5 [261/1875 (13.9%)] Loss: 0.0013 Acc: 1.0000
2025-11-23 22:41:37,253 - VGG_MNIST_logger - INFO - Epoch 5 [271/1875 (14.5%)] Loss: 0.0011 Acc: 1.0000
2025-11-23 22:41:37,859 - VGG_MNIST_logger - INFO - Epoch 5 [281/1875 (15.0%)] Loss: 0.0075 Acc: 1.0000
2025-11-23 22:41:38,455 - VGG_MNIST_logger - INFO - Epoch 5 [291/1875 (15.5%)] Loss: 0.0297 Acc: 1.0000
2025-11-23 22:41:39,063 - VGG_MNIST_logger - INFO - Epoch 5 [301/1875 (16.1%)] Loss: 0.0169 Acc: 1.0000
2025-11-23 22:41:39,667 - VGG_MNIST_logger - INFO - Epoch 5 [311/1875 (16.6%)] Loss: 0.0115 Acc: 1.0000
2025-11-23 22:41:40,271 - VGG_MNIST_logger - INFO - Epoch 5 [321/1875 (17.1%)] Loss: 0.0152 Acc: 1.0000
2025-11-23 22:41:40,870 - VGG_MNIST_logger - INFO - Epoch 5 [331/1875 (17.7%)] Loss: 0.0122 Acc: 1.0000
2025-11-23 22:41:41,478 - VGG_MNIST_logger - INFO - Epoch 5 [341/1875 (18.2%)] Loss: 0.0006 Acc: 1.0000
2025-11-23 22:41:42,085 - VGG_MNIST_logger - INFO - Epoch 5 [351/1875 (18.7%)] Loss: 0.0015 Acc: 1.0000
2025-11-23 22:41:42,687 - VGG_MNIST_logger - INFO - Epoch 5 [361/1875 (19.3%)] Loss: 0.0017 Acc: 1.0000
2025-11-23 22:41:43,367 - VGG_MNIST_logger - INFO - Epoch 5 [371/1875 (19.8%)] Loss: 0.2008 Acc: 1.0000
2025-11-23 22:41:43,969 - VGG_MNIST_logger - INFO - Epoch 5 [381/1875 (20.3%)] Loss: 0.0271 Acc: 1.0000
2025-11-23 22:41:44,583 - VGG_MNIST_logger - INFO - Epoch 5 [391/1875 (20.9%)] Loss: 0.0531 Acc: 1.0000
2025-11-23 22:41:45,184 - VGG_MNIST_logger - INFO - Epoch 5 [401/1875 (21.4%)] Loss: 0.0056 Acc: 1.0000
2025-11-23 22:41:45,791 - VGG_MNIST_logger - INFO - Epoch 5 [411/1875 (21.9%)] Loss: 0.0019 Acc: 1.0000
2025-11-23 22:41:46,398 - VGG_MNIST_logger - INFO - Epoch 5 [421/1875 (22.5%)] Loss: 0.1176 Acc: 1.0000
2025-11-23 22:41:47,006 - VGG_MNIST_logger - INFO - Epoch 5 [431/1875 (23.0%)] Loss: 0.0232 Acc: 1.0000
2025-11-23 22:41:47,612 - VGG_MNIST_logger - INFO - Epoch 5 [441/1875 (23.5%)] Loss: 0.0023 Acc: 1.0000
2025-11-23 22:41:48,214 - VGG_MNIST_logger - INFO - Epoch 5 [451/1875 (24.1%)] Loss: 0.0002 Acc: 1.0000
2025-11-23 22:41:48,824 - VGG_MNIST_logger - INFO - Epoch 5 [461/1875 (24.6%)] Loss: 0.0020 Acc: 1.0000
2025-11-23 22:41:49,501 - VGG_MNIST_logger - INFO - Epoch 5 [471/1875 (25.1%)] Loss: 0.0321 Acc: 0.9688
2025-11-23 22:41:50,109 - VGG_MNIST_logger - INFO - Epoch 5 [481/1875 (25.7%)] Loss: 0.0000 Acc: 1.0000
2025-11-23 22:41:50,721 - VGG_MNIST_logger - INFO - Epoch 5 [491/1875 (26.2%)] Loss: 0.0720 Acc: 1.0000
2025-11-23 22:41:51,324 - VGG_MNIST_logger - INFO - Epoch 5 [501/1875 (26.7%)] Loss: 0.0140 Acc: 1.0000
2025-11-23 22:41:51,931 - VGG_MNIST_logger - INFO - Epoch 5 [511/1875 (27.3%)] Loss: 0.0057 Acc: 1.0000
2025-11-23 22:41:52,533 - VGG_MNIST_logger - INFO - Epoch 5 [521/1875 (27.8%)] Loss: 0.0026 Acc: 1.0000
2025-11-23 22:41:53,170 - VGG_MNIST_logger - INFO - Epoch 5 [531/1875 (28.3%)] Loss: 0.0009 Acc: 1.0000
2025-11-23 22:41:53,775 - VGG_MNIST_logger - INFO - Epoch 5 [541/1875 (28.9%)] Loss: 0.0069 Acc: 1.0000
2025-11-23 22:41:54,374 - VGG_MNIST_logger - INFO - Epoch 5 [551/1875 (29.4%)] Loss: 0.0239 Acc: 1.0000
2025-11-23 22:41:54,982 - VGG_MNIST_logger - INFO - Epoch 5 [561/1875 (29.9%)] Loss: 0.0000 Acc: 1.0000
2025-11-23 22:41:55,661 - VGG_MNIST_logger - INFO - Epoch 5 [571/1875 (30.5%)] Loss: 0.0076 Acc: 0.9688
2025-11-23 22:41:56,272 - VGG_MNIST_logger - INFO - Epoch 5 [581/1875 (31.0%)] Loss: 0.0014 Acc: 1.0000
2025-11-23 22:41:56,879 - VGG_MNIST_logger - INFO - Epoch 5 [591/1875 (31.5%)] Loss: 0.0741 Acc: 1.0000
2025-11-23 22:41:57,485 - VGG_MNIST_logger - INFO - Epoch 5 [601/1875 (32.1%)] Loss: 0.0000 Acc: 1.0000
2025-11-23 22:41:58,093 - VGG_MNIST_logger - INFO - Epoch 5 [611/1875 (32.6%)] Loss: 0.0025 Acc: 1.0000
2025-11-23 22:41:58,694 - VGG_MNIST_logger - INFO - Epoch 5 [621/1875 (33.1%)] Loss: 0.0064 Acc: 1.0000
2025-11-23 22:41:59,302 - VGG_MNIST_logger - INFO - Epoch 5 [631/1875 (33.7%)] Loss: 0.0077 Acc: 1.0000
2025-11-23 22:41:59,901 - VGG_MNIST_logger - INFO - Epoch 5 [641/1875 (34.2%)] Loss: 0.0006 Acc: 1.0000
2025-11-23 22:42:00,511 - VGG_MNIST_logger - INFO - Epoch 5 [651/1875 (34.7%)] Loss: 0.0514 Acc: 1.0000
2025-11-23 22:42:01,107 - VGG_MNIST_logger - INFO - Epoch 5 [661/1875 (35.3%)] Loss: 0.0259 Acc: 1.0000
2025-11-23 22:42:01,795 - VGG_MNIST_logger - INFO - Epoch 5 [671/1875 (35.8%)] Loss: 0.0053 Acc: 1.0000
2025-11-23 22:42:02,403 - VGG_MNIST_logger - INFO - Epoch 5 [681/1875 (36.3%)] Loss: 0.0908 Acc: 1.0000
2025-11-23 22:42:03,001 - VGG_MNIST_logger - INFO - Epoch 5 [691/1875 (36.9%)] Loss: 0.0347 Acc: 1.0000
2025-11-23 22:42:03,609 - VGG_MNIST_logger - INFO - Epoch 5 [701/1875 (37.4%)] Loss: 0.0025 Acc: 1.0000
2025-11-23 22:42:04,210 - VGG_MNIST_logger - INFO - Epoch 5 [711/1875 (37.9%)] Loss: 0.0270 Acc: 1.0000
2025-11-23 22:42:04,821 - VGG_MNIST_logger - INFO - Epoch 5 [721/1875 (38.5%)] Loss: 0.6822 Acc: 0.9375
2025-11-23 22:42:05,421 - VGG_MNIST_logger - INFO - Epoch 5 [731/1875 (39.0%)] Loss: 0.0537 Acc: 1.0000
2025-11-23 22:42:06,029 - VGG_MNIST_logger - INFO - Epoch 5 [741/1875 (39.5%)] Loss: 0.0244 Acc: 1.0000
2025-11-23 22:42:06,643 - VGG_MNIST_logger - INFO - Epoch 5 [751/1875 (40.1%)] Loss: 0.0142 Acc: 1.0000
2025-11-23 22:42:07,243 - VGG_MNIST_logger - INFO - Epoch 5 [761/1875 (40.6%)] Loss: 0.0080 Acc: 1.0000
2025-11-23 22:42:07,924 - VGG_MNIST_logger - INFO - Epoch 5 [771/1875 (41.1%)] Loss: 0.0002 Acc: 1.0000
2025-11-23 22:42:08,528 - VGG_MNIST_logger - INFO - Epoch 5 [781/1875 (41.7%)] Loss: 0.0447 Acc: 1.0000
2025-11-23 22:42:09,140 - VGG_MNIST_logger - INFO - Epoch 5 [791/1875 (42.2%)] Loss: 0.0033 Acc: 1.0000
2025-11-23 22:42:09,744 - VGG_MNIST_logger - INFO - Epoch 5 [801/1875 (42.7%)] Loss: 0.1214 Acc: 0.9688
2025-11-23 22:42:10,348 - VGG_MNIST_logger - INFO - Epoch 5 [811/1875 (43.3%)] Loss: 0.1621 Acc: 0.9688
2025-11-23 22:42:10,960 - VGG_MNIST_logger - INFO - Epoch 5 [821/1875 (43.8%)] Loss: 0.0229 Acc: 1.0000
2025-11-23 22:42:11,564 - VGG_MNIST_logger - INFO - Epoch 5 [831/1875 (44.3%)] Loss: 0.0257 Acc: 1.0000
2025-11-23 22:42:12,176 - VGG_MNIST_logger - INFO - Epoch 5 [841/1875 (44.9%)] Loss: 0.1569 Acc: 0.9688
2025-11-23 22:42:12,779 - VGG_MNIST_logger - INFO - Epoch 5 [851/1875 (45.4%)] Loss: 0.0037 Acc: 1.0000
2025-11-23 22:42:13,385 - VGG_MNIST_logger - INFO - Epoch 5 [861/1875 (45.9%)] Loss: 0.0015 Acc: 1.0000
2025-11-23 22:42:14,067 - VGG_MNIST_logger - INFO - Epoch 5 [871/1875 (46.5%)] Loss: 0.0169 Acc: 1.0000
2025-11-23 22:42:14,675 - VGG_MNIST_logger - INFO - Epoch 5 [881/1875 (47.0%)] Loss: 0.0246 Acc: 1.0000
2025-11-23 22:42:15,281 - VGG_MNIST_logger - INFO - Epoch 5 [891/1875 (47.5%)] Loss: 0.0285 Acc: 1.0000
2025-11-23 22:42:15,886 - VGG_MNIST_logger - INFO - Epoch 5 [901/1875 (48.1%)] Loss: 0.0652 Acc: 1.0000
2025-11-23 22:42:16,496 - VGG_MNIST_logger - INFO - Epoch 5 [911/1875 (48.6%)] Loss: 0.0630 Acc: 1.0000
2025-11-23 22:42:17,096 - VGG_MNIST_logger - INFO - Epoch 5 [921/1875 (49.1%)] Loss: 0.0125 Acc: 1.0000
2025-11-23 22:42:17,702 - VGG_MNIST_logger - INFO - Epoch 5 [931/1875 (49.7%)] Loss: 0.0358 Acc: 0.9688
2025-11-23 22:42:18,304 - VGG_MNIST_logger - INFO - Epoch 5 [941/1875 (50.2%)] Loss: 0.0544 Acc: 1.0000
2025-11-23 22:42:18,911 - VGG_MNIST_logger - INFO - Epoch 5 [951/1875 (50.7%)] Loss: 0.0836 Acc: 1.0000
2025-11-23 22:42:19,522 - VGG_MNIST_logger - INFO - Epoch 5 [961/1875 (51.3%)] Loss: 0.0001 Acc: 1.0000
2025-11-23 22:42:20,196 - VGG_MNIST_logger - INFO - Epoch 5 [971/1875 (51.8%)] Loss: 0.0012 Acc: 1.0000
2025-11-23 22:42:20,806 - VGG_MNIST_logger - INFO - Epoch 5 [981/1875 (52.3%)] Loss: 0.4111 Acc: 0.9688
2025-11-23 22:42:21,408 - VGG_MNIST_logger - INFO - Epoch 5 [991/1875 (52.9%)] Loss: 0.0043 Acc: 1.0000
2025-11-23 22:42:22,020 - VGG_MNIST_logger - INFO - Epoch 5 [1001/1875 (53.4%)] Loss: 0.0488 Acc: 1.0000
2025-11-23 22:42:22,627 - VGG_MNIST_logger - INFO - Epoch 5 [1011/1875 (53.9%)] Loss: 0.0068 Acc: 1.0000
2025-11-23 22:42:23,230 - VGG_MNIST_logger - INFO - Epoch 5 [1021/1875 (54.5%)] Loss: 0.0030 Acc: 1.0000
2025-11-23 22:42:23,831 - VGG_MNIST_logger - INFO - Epoch 5 [1031/1875 (55.0%)] Loss: 0.0980 Acc: 0.9688
2025-11-23 22:42:24,430 - VGG_MNIST_logger - INFO - Epoch 5 [1041/1875 (55.5%)] Loss: 0.0012 Acc: 1.0000
2025-11-23 22:42:25,041 - VGG_MNIST_logger - INFO - Epoch 5 [1051/1875 (56.1%)] Loss: 0.0355 Acc: 1.0000
2025-11-23 22:42:25,647 - VGG_MNIST_logger - INFO - Epoch 5 [1061/1875 (56.6%)] Loss: 0.0017 Acc: 1.0000
2025-11-23 22:42:26,339 - VGG_MNIST_logger - INFO - Epoch 5 [1071/1875 (57.1%)] Loss: 0.0244 Acc: 1.0000
2025-11-23 22:42:26,956 - VGG_MNIST_logger - INFO - Epoch 5 [1081/1875 (57.7%)] Loss: 0.0236 Acc: 1.0000
2025-11-23 22:42:27,563 - VGG_MNIST_logger - INFO - Epoch 5 [1091/1875 (58.2%)] Loss: 0.1563 Acc: 1.0000
2025-11-23 22:42:28,171 - VGG_MNIST_logger - INFO - Epoch 5 [1101/1875 (58.7%)] Loss: 0.0080 Acc: 1.0000
2025-11-23 22:42:28,779 - VGG_MNIST_logger - INFO - Epoch 5 [1111/1875 (59.3%)] Loss: 0.0021 Acc: 1.0000
2025-11-23 22:42:29,384 - VGG_MNIST_logger - INFO - Epoch 5 [1121/1875 (59.8%)] Loss: 0.0207 Acc: 1.0000
2025-11-23 22:42:29,989 - VGG_MNIST_logger - INFO - Epoch 5 [1131/1875 (60.3%)] Loss: 0.0042 Acc: 1.0000
2025-11-23 22:42:30,594 - VGG_MNIST_logger - INFO - Epoch 5 [1141/1875 (60.9%)] Loss: 0.0015 Acc: 1.0000
2025-11-23 22:42:31,204 - VGG_MNIST_logger - INFO - Epoch 5 [1151/1875 (61.4%)] Loss: 0.0052 Acc: 1.0000
2025-11-23 22:42:31,809 - VGG_MNIST_logger - INFO - Epoch 5 [1161/1875 (61.9%)] Loss: 0.0008 Acc: 1.0000
2025-11-23 22:42:32,488 - VGG_MNIST_logger - INFO - Epoch 5 [1171/1875 (62.5%)] Loss: 0.0004 Acc: 1.0000
2025-11-23 22:42:33,116 - VGG_MNIST_logger - INFO - Epoch 5 [1181/1875 (63.0%)] Loss: 0.0117 Acc: 1.0000
2025-11-23 22:42:33,727 - VGG_MNIST_logger - INFO - Epoch 5 [1191/1875 (63.5%)] Loss: 0.0003 Acc: 1.0000
2025-11-23 22:42:34,327 - VGG_MNIST_logger - INFO - Epoch 5 [1201/1875 (64.1%)] Loss: 0.0736 Acc: 1.0000
2025-11-23 22:42:34,933 - VGG_MNIST_logger - INFO - Epoch 5 [1211/1875 (64.6%)] Loss: 0.0127 Acc: 1.0000
2025-11-23 22:42:35,543 - VGG_MNIST_logger - INFO - Epoch 5 [1221/1875 (65.1%)] Loss: 0.0018 Acc: 1.0000
2025-11-23 22:42:36,158 - VGG_MNIST_logger - INFO - Epoch 5 [1231/1875 (65.7%)] Loss: 0.0524 Acc: 0.9688
2025-11-23 22:42:36,774 - VGG_MNIST_logger - INFO - Epoch 5 [1241/1875 (66.2%)] Loss: 0.0048 Acc: 1.0000
2025-11-23 22:42:37,377 - VGG_MNIST_logger - INFO - Epoch 5 [1251/1875 (66.7%)] Loss: 0.0134 Acc: 1.0000
2025-11-23 22:42:37,983 - VGG_MNIST_logger - INFO - Epoch 5 [1261/1875 (67.3%)] Loss: 0.0610 Acc: 1.0000
2025-11-23 22:42:38,659 - VGG_MNIST_logger - INFO - Epoch 5 [1271/1875 (67.8%)] Loss: 0.0024 Acc: 1.0000
2025-11-23 22:42:39,265 - VGG_MNIST_logger - INFO - Epoch 5 [1281/1875 (68.3%)] Loss: 0.0001 Acc: 1.0000
2025-11-23 22:42:39,873 - VGG_MNIST_logger - INFO - Epoch 5 [1291/1875 (68.9%)] Loss: 0.2446 Acc: 1.0000
2025-11-23 22:42:40,474 - VGG_MNIST_logger - INFO - Epoch 5 [1301/1875 (69.4%)] Loss: 0.0063 Acc: 1.0000
2025-11-23 22:42:41,086 - VGG_MNIST_logger - INFO - Epoch 5 [1311/1875 (69.9%)] Loss: 0.1063 Acc: 1.0000
2025-11-23 22:42:41,696 - VGG_MNIST_logger - INFO - Epoch 5 [1321/1875 (70.5%)] Loss: 0.0029 Acc: 1.0000
2025-11-23 22:42:42,305 - VGG_MNIST_logger - INFO - Epoch 5 [1331/1875 (71.0%)] Loss: 0.1124 Acc: 0.9688
2025-11-23 22:42:42,911 - VGG_MNIST_logger - INFO - Epoch 5 [1341/1875 (71.5%)] Loss: 0.0002 Acc: 1.0000
2025-11-23 22:42:43,514 - VGG_MNIST_logger - INFO - Epoch 5 [1351/1875 (72.1%)] Loss: 0.0319 Acc: 1.0000
2025-11-23 22:42:44,121 - VGG_MNIST_logger - INFO - Epoch 5 [1361/1875 (72.6%)] Loss: 0.0142 Acc: 1.0000
2025-11-23 22:42:44,796 - VGG_MNIST_logger - INFO - Epoch 5 [1371/1875 (73.1%)] Loss: 0.4246 Acc: 0.9688
2025-11-23 22:42:45,423 - VGG_MNIST_logger - INFO - Epoch 5 [1381/1875 (73.7%)] Loss: 0.0065 Acc: 1.0000
2025-11-23 22:42:46,022 - VGG_MNIST_logger - INFO - Epoch 5 [1391/1875 (74.2%)] Loss: 0.0283 Acc: 1.0000
2025-11-23 22:42:46,648 - VGG_MNIST_logger - INFO - Epoch 5 [1401/1875 (74.7%)] Loss: 0.0162 Acc: 1.0000
2025-11-23 22:42:47,253 - VGG_MNIST_logger - INFO - Epoch 5 [1411/1875 (75.3%)] Loss: 0.0229 Acc: 1.0000
2025-11-23 22:42:47,852 - VGG_MNIST_logger - INFO - Epoch 5 [1421/1875 (75.8%)] Loss: 0.0111 Acc: 1.0000
2025-11-23 22:42:48,461 - VGG_MNIST_logger - INFO - Epoch 5 [1431/1875 (76.3%)] Loss: 0.0098 Acc: 0.9688
2025-11-23 22:42:49,051 - VGG_MNIST_logger - INFO - Epoch 5 [1441/1875 (76.9%)] Loss: 0.0031 Acc: 1.0000
2025-11-23 22:42:49,648 - VGG_MNIST_logger - INFO - Epoch 5 [1451/1875 (77.4%)] Loss: 0.0135 Acc: 1.0000
2025-11-23 22:42:50,246 - VGG_MNIST_logger - INFO - Epoch 5 [1461/1875 (77.9%)] Loss: 0.0431 Acc: 1.0000
2025-11-23 22:42:50,938 - VGG_MNIST_logger - INFO - Epoch 5 [1471/1875 (78.5%)] Loss: 0.0009 Acc: 1.0000
2025-11-23 22:42:51,549 - VGG_MNIST_logger - INFO - Epoch 5 [1481/1875 (79.0%)] Loss: 0.0499 Acc: 1.0000
2025-11-23 22:42:52,151 - VGG_MNIST_logger - INFO - Epoch 5 [1491/1875 (79.5%)] Loss: 0.0429 Acc: 1.0000
2025-11-23 22:42:52,759 - VGG_MNIST_logger - INFO - Epoch 5 [1501/1875 (80.1%)] Loss: 0.0264 Acc: 1.0000
2025-11-23 22:42:53,358 - VGG_MNIST_logger - INFO - Epoch 5 [1511/1875 (80.6%)] Loss: 0.0024 Acc: 1.0000
2025-11-23 22:42:53,961 - VGG_MNIST_logger - INFO - Epoch 5 [1521/1875 (81.1%)] Loss: 0.0213 Acc: 1.0000
2025-11-23 22:42:54,563 - VGG_MNIST_logger - INFO - Epoch 5 [1531/1875 (81.7%)] Loss: 0.0032 Acc: 1.0000
2025-11-23 22:42:55,171 - VGG_MNIST_logger - INFO - Epoch 5 [1541/1875 (82.2%)] Loss: 0.0004 Acc: 1.0000
2025-11-23 22:42:55,780 - VGG_MNIST_logger - INFO - Epoch 5 [1551/1875 (82.7%)] Loss: 0.2232 Acc: 1.0000
2025-11-23 22:42:56,383 - VGG_MNIST_logger - INFO - Epoch 5 [1561/1875 (83.3%)] Loss: 0.0781 Acc: 0.9688
2025-11-23 22:42:57,063 - VGG_MNIST_logger - INFO - Epoch 5 [1571/1875 (83.8%)] Loss: 0.0041 Acc: 1.0000
2025-11-23 22:42:57,663 - VGG_MNIST_logger - INFO - Epoch 5 [1581/1875 (84.3%)] Loss: 0.0016 Acc: 1.0000
2025-11-23 22:42:58,273 - VGG_MNIST_logger - INFO - Epoch 5 [1591/1875 (84.9%)] Loss: 0.0785 Acc: 0.9688
2025-11-23 22:42:58,875 - VGG_MNIST_logger - INFO - Epoch 5 [1601/1875 (85.4%)] Loss: 0.0016 Acc: 1.0000
2025-11-23 22:42:59,479 - VGG_MNIST_logger - INFO - Epoch 5 [1611/1875 (85.9%)] Loss: 0.0005 Acc: 1.0000
2025-11-23 22:43:00,086 - VGG_MNIST_logger - INFO - Epoch 5 [1621/1875 (86.5%)] Loss: 0.0272 Acc: 1.0000
2025-11-23 22:43:00,685 - VGG_MNIST_logger - INFO - Epoch 5 [1631/1875 (87.0%)] Loss: 0.1292 Acc: 0.9688
2025-11-23 22:43:01,296 - VGG_MNIST_logger - INFO - Epoch 5 [1641/1875 (87.5%)] Loss: 0.0065 Acc: 1.0000
2025-11-23 22:43:01,903 - VGG_MNIST_logger - INFO - Epoch 5 [1651/1875 (88.1%)] Loss: 0.0031 Acc: 1.0000
2025-11-23 22:43:02,513 - VGG_MNIST_logger - INFO - Epoch 5 [1661/1875 (88.6%)] Loss: 0.0126 Acc: 1.0000
2025-11-23 22:43:03,187 - VGG_MNIST_logger - INFO - Epoch 5 [1671/1875 (89.1%)] Loss: 0.0019 Acc: 1.0000
2025-11-23 22:43:03,789 - VGG_MNIST_logger - INFO - Epoch 5 [1681/1875 (89.7%)] Loss: 0.0021 Acc: 1.0000
2025-11-23 22:43:04,399 - VGG_MNIST_logger - INFO - Epoch 5 [1691/1875 (90.2%)] Loss: 0.1031 Acc: 0.9688
2025-11-23 22:43:05,001 - VGG_MNIST_logger - INFO - Epoch 5 [1701/1875 (90.7%)] Loss: 0.0125 Acc: 1.0000
2025-11-23 22:43:05,616 - VGG_MNIST_logger - INFO - Epoch 5 [1711/1875 (91.3%)] Loss: 0.0065 Acc: 1.0000
2025-11-23 22:43:06,218 - VGG_MNIST_logger - INFO - Epoch 5 [1721/1875 (91.8%)] Loss: 0.0008 Acc: 1.0000
2025-11-23 22:43:06,824 - VGG_MNIST_logger - INFO - Epoch 5 [1731/1875 (92.3%)] Loss: 0.0053 Acc: 1.0000
2025-11-23 22:43:07,427 - VGG_MNIST_logger - INFO - Epoch 5 [1741/1875 (92.9%)] Loss: 0.0013 Acc: 1.0000
2025-11-23 22:43:08,032 - VGG_MNIST_logger - INFO - Epoch 5 [1751/1875 (93.4%)] Loss: 0.0062 Acc: 1.0000
2025-11-23 22:43:08,637 - VGG_MNIST_logger - INFO - Epoch 5 [1761/1875 (93.9%)] Loss: 0.0032 Acc: 1.0000
2025-11-23 22:43:09,311 - VGG_MNIST_logger - INFO - Epoch 5 [1771/1875 (94.5%)] Loss: 0.0084 Acc: 1.0000
2025-11-23 22:43:09,922 - VGG_MNIST_logger - INFO - Epoch 5 [1781/1875 (95.0%)] Loss: 0.0003 Acc: 1.0000
2025-11-23 22:43:10,524 - VGG_MNIST_logger - INFO - Epoch 5 [1791/1875 (95.5%)] Loss: 0.0010 Acc: 1.0000
2025-11-23 22:43:11,138 - VGG_MNIST_logger - INFO - Epoch 5 [1801/1875 (96.1%)] Loss: 0.0182 Acc: 1.0000
2025-11-23 22:43:11,752 - VGG_MNIST_logger - INFO - Epoch 5 [1811/1875 (96.6%)] Loss: 0.0003 Acc: 1.0000
2025-11-23 22:43:12,353 - VGG_MNIST_logger - INFO - Epoch 5 [1821/1875 (97.1%)] Loss: 0.0053 Acc: 1.0000
2025-11-23 22:43:12,959 - VGG_MNIST_logger - INFO - Epoch 5 [1831/1875 (97.7%)] Loss: 0.0317 Acc: 1.0000
2025-11-23 22:43:13,560 - VGG_MNIST_logger - INFO - Epoch 5 [1841/1875 (98.2%)] Loss: 0.0113 Acc: 1.0000
2025-11-23 22:43:14,173 - VGG_MNIST_logger - INFO - Epoch 5 [1851/1875 (98.7%)] Loss: 0.0364 Acc: 1.0000
2025-11-23 22:43:14,772 - VGG_MNIST_logger - INFO - Epoch 5 [1861/1875 (99.3%)] Loss: 0.0645 Acc: 1.0000
2025-11-23 22:43:15,453 - VGG_MNIST_logger - INFO - Epoch 5 [1871/1875 (99.8%)] Loss: 0.0201 Acc: 1.0000
2025-11-23 22:43:51,196 - VGG_MNIST_logger - INFO - Epoch   5 | Train Loss: 0.0370 | Train Acc: 0.9957 | Val Loss: 0.0277 | Val Acc: 0.0277
2025-11-23 22:43:56,348 - VGG_MNIST_logger - INFO - ============================================================
2025-11-23 22:43:56,348 - VGG_MNIST_logger - INFO - 训练完成！最终性能指标:
2025-11-23 22:43:56,348 - VGG_MNIST_logger - INFO -   test_accuracy: 0.9941
2025-11-23 22:43:56,348 - VGG_MNIST_logger - INFO -   test_loss: 0.0277
2025-11-23 22:43:56,348 - VGG_MNIST_logger - INFO -   training_time: 753.4661
2025-11-23 22:43:56,348 - VGG_MNIST_logger - INFO - ============================================================
2025-11-23 22:43:56,348 - VGG_MNIST_logger - INFO - 训练结束时间: 2025-11-23 22:43:56
2025-11-23 22:43:56,348 - VGG_MNIST_logger - INFO - 总训练时间: 00:12:38
2025-11-23 22:43:56,348 - VGG_MNIST_logger - INFO - 日志文件: ../assets/logs/VGG_MNIST_20251123_223117.log
2025-11-23 22:43:56,348 - VGG_MNIST_logger - INFO - ============================================================
