2025-11-24 10:31:45,721 - VGG_MNIST_logger - INFO - ============================================================
2025-11-24 10:31:45,721 - VGG_MNIST_logger - INFO - 开始训练模型: VGG_MNIST
2025-11-24 10:31:45,722 - VGG_MNIST_logger - INFO - 训练开始时间: 2025-11-24 10:31:45
2025-11-24 10:31:45,722 - VGG_MNIST_logger - INFO - 训练配置:
2025-11-24 10:31:45,722 - VGG_MNIST_logger - INFO -   model_type: VGG_MNIST
2025-11-24 10:31:45,722 - VGG_MNIST_logger - INFO -   learning_rate: 0.001
2025-11-24 10:31:45,722 - VGG_MNIST_logger - INFO -   batch_size: 32
2025-11-24 10:31:45,722 - VGG_MNIST_logger - INFO -   epochs: 5
2025-11-24 10:31:45,722 - VGG_MNIST_logger - INFO -   activation: ReLU
2025-11-24 10:31:45,722 - VGG_MNIST_logger - INFO -   device: cpu
2025-11-24 10:31:45,722 - VGG_MNIST_logger - INFO - ============================================================
2025-11-24 10:31:45,981 - VGG_MNIST_logger - INFO - Epoch 1 [1/1875 (0.1%)] Loss: 2.3040 Acc: 0.1562
2025-11-24 10:31:46,573 - VGG_MNIST_logger - INFO - Epoch 1 [11/1875 (0.6%)] Loss: 2.3049 Acc: 0.1562
2025-11-24 10:31:47,166 - VGG_MNIST_logger - INFO - Epoch 1 [21/1875 (1.1%)] Loss: 2.2684 Acc: 0.1875
2025-11-24 10:31:47,765 - VGG_MNIST_logger - INFO - Epoch 1 [31/1875 (1.7%)] Loss: 2.1675 Acc: 0.2500
2025-11-24 10:31:48,354 - VGG_MNIST_logger - INFO - Epoch 1 [41/1875 (2.2%)] Loss: 1.6740 Acc: 0.5000
2025-11-24 10:31:48,946 - VGG_MNIST_logger - INFO - Epoch 1 [51/1875 (2.7%)] Loss: 1.7578 Acc: 0.8125
2025-11-24 10:31:49,541 - VGG_MNIST_logger - INFO - Epoch 1 [61/1875 (3.3%)] Loss: 1.3584 Acc: 0.6562
2025-11-24 10:31:50,145 - VGG_MNIST_logger - INFO - Epoch 1 [71/1875 (3.8%)] Loss: 1.4072 Acc: 0.8438
2025-11-24 10:31:50,757 - VGG_MNIST_logger - INFO - Epoch 1 [81/1875 (4.3%)] Loss: 0.7290 Acc: 0.9375
2025-11-24 10:31:51,346 - VGG_MNIST_logger - INFO - Epoch 1 [91/1875 (4.9%)] Loss: 0.5972 Acc: 0.9062
2025-11-24 10:31:52,007 - VGG_MNIST_logger - INFO - Epoch 1 [101/1875 (5.4%)] Loss: 0.7484 Acc: 0.9062
2025-11-24 10:31:52,604 - VGG_MNIST_logger - INFO - Epoch 1 [111/1875 (5.9%)] Loss: 0.6330 Acc: 1.0000
2025-11-24 10:31:53,216 - VGG_MNIST_logger - INFO - Epoch 1 [121/1875 (6.5%)] Loss: 0.4274 Acc: 1.0000
2025-11-24 10:31:53,804 - VGG_MNIST_logger - INFO - Epoch 1 [131/1875 (7.0%)] Loss: 0.3670 Acc: 0.9375
2025-11-24 10:31:54,395 - VGG_MNIST_logger - INFO - Epoch 1 [141/1875 (7.5%)] Loss: 0.4536 Acc: 0.8750
2025-11-24 10:31:54,994 - VGG_MNIST_logger - INFO - Epoch 1 [151/1875 (8.1%)] Loss: 0.6577 Acc: 0.9062
2025-11-24 10:31:55,591 - VGG_MNIST_logger - INFO - Epoch 1 [161/1875 (8.6%)] Loss: 0.4187 Acc: 0.9375
2025-11-24 10:31:56,198 - VGG_MNIST_logger - INFO - Epoch 1 [171/1875 (9.1%)] Loss: 0.2090 Acc: 1.0000
2025-11-24 10:31:56,812 - VGG_MNIST_logger - INFO - Epoch 1 [181/1875 (9.7%)] Loss: 0.2015 Acc: 1.0000
2025-11-24 10:31:57,425 - VGG_MNIST_logger - INFO - Epoch 1 [191/1875 (10.2%)] Loss: 0.3474 Acc: 0.9688
2025-11-24 10:31:58,086 - VGG_MNIST_logger - INFO - Epoch 1 [201/1875 (10.7%)] Loss: 0.4200 Acc: 0.9062
2025-11-24 10:31:58,691 - VGG_MNIST_logger - INFO - Epoch 1 [211/1875 (11.3%)] Loss: 0.5761 Acc: 0.9375
2025-11-24 10:31:59,282 - VGG_MNIST_logger - INFO - Epoch 1 [221/1875 (11.8%)] Loss: 0.1429 Acc: 0.9375
2025-11-24 10:31:59,876 - VGG_MNIST_logger - INFO - Epoch 1 [231/1875 (12.3%)] Loss: 0.1899 Acc: 1.0000
2025-11-24 10:32:00,452 - VGG_MNIST_logger - INFO - Epoch 1 [241/1875 (12.9%)] Loss: 0.2553 Acc: 0.9375
2025-11-24 10:32:01,029 - VGG_MNIST_logger - INFO - Epoch 1 [251/1875 (13.4%)] Loss: 0.3604 Acc: 0.9688
2025-11-24 10:32:01,610 - VGG_MNIST_logger - INFO - Epoch 1 [261/1875 (13.9%)] Loss: 0.2715 Acc: 0.9688
2025-11-24 10:32:02,192 - VGG_MNIST_logger - INFO - Epoch 1 [271/1875 (14.5%)] Loss: 0.2678 Acc: 0.9062
2025-11-24 10:32:02,770 - VGG_MNIST_logger - INFO - Epoch 1 [281/1875 (15.0%)] Loss: 0.3649 Acc: 0.9375
2025-11-24 10:32:03,345 - VGG_MNIST_logger - INFO - Epoch 1 [291/1875 (15.5%)] Loss: 0.3751 Acc: 0.9688
2025-11-24 10:32:03,925 - VGG_MNIST_logger - INFO - Epoch 1 [301/1875 (16.1%)] Loss: 0.1941 Acc: 0.9375
2025-11-24 10:32:04,505 - VGG_MNIST_logger - INFO - Epoch 1 [311/1875 (16.6%)] Loss: 0.1664 Acc: 0.9375
2025-11-24 10:32:05,088 - VGG_MNIST_logger - INFO - Epoch 1 [321/1875 (17.1%)] Loss: 0.4161 Acc: 0.8750
2025-11-24 10:32:05,666 - VGG_MNIST_logger - INFO - Epoch 1 [331/1875 (17.7%)] Loss: 0.2156 Acc: 0.9688
2025-11-24 10:32:06,257 - VGG_MNIST_logger - INFO - Epoch 1 [341/1875 (18.2%)] Loss: 0.2171 Acc: 0.9375
2025-11-24 10:32:06,890 - VGG_MNIST_logger - INFO - Epoch 1 [351/1875 (18.7%)] Loss: 0.2930 Acc: 0.9688
2025-11-24 10:32:07,544 - VGG_MNIST_logger - INFO - Epoch 1 [361/1875 (19.3%)] Loss: 0.8412 Acc: 0.9375
2025-11-24 10:32:08,119 - VGG_MNIST_logger - INFO - Epoch 1 [371/1875 (19.8%)] Loss: 0.4159 Acc: 0.9688
2025-11-24 10:32:08,721 - VGG_MNIST_logger - INFO - Epoch 1 [381/1875 (20.3%)] Loss: 1.0607 Acc: 0.8125
2025-11-24 10:32:09,305 - VGG_MNIST_logger - INFO - Epoch 1 [391/1875 (20.9%)] Loss: 0.2619 Acc: 0.9688
2025-11-24 10:32:09,893 - VGG_MNIST_logger - INFO - Epoch 1 [401/1875 (21.4%)] Loss: 0.0741 Acc: 0.9688
2025-11-24 10:32:10,474 - VGG_MNIST_logger - INFO - Epoch 1 [411/1875 (21.9%)] Loss: 0.3383 Acc: 0.9688
2025-11-24 10:32:11,065 - VGG_MNIST_logger - INFO - Epoch 1 [421/1875 (22.5%)] Loss: 0.2145 Acc: 1.0000
2025-11-24 10:32:11,685 - VGG_MNIST_logger - INFO - Epoch 1 [431/1875 (23.0%)] Loss: 0.1226 Acc: 0.9688
2025-11-24 10:32:12,298 - VGG_MNIST_logger - INFO - Epoch 1 [441/1875 (23.5%)] Loss: 0.4548 Acc: 0.9688
2025-11-24 10:32:12,907 - VGG_MNIST_logger - INFO - Epoch 1 [451/1875 (24.1%)] Loss: 0.3078 Acc: 0.9688
2025-11-24 10:32:13,501 - VGG_MNIST_logger - INFO - Epoch 1 [461/1875 (24.6%)] Loss: 0.2468 Acc: 0.9688
2025-11-24 10:32:14,087 - VGG_MNIST_logger - INFO - Epoch 1 [471/1875 (25.1%)] Loss: 0.1816 Acc: 0.9688
2025-11-24 10:32:14,686 - VGG_MNIST_logger - INFO - Epoch 1 [481/1875 (25.7%)] Loss: 0.1263 Acc: 0.9688
2025-11-24 10:32:15,270 - VGG_MNIST_logger - INFO - Epoch 1 [491/1875 (26.2%)] Loss: 0.2319 Acc: 0.9062
2025-11-24 10:32:15,862 - VGG_MNIST_logger - INFO - Epoch 1 [501/1875 (26.7%)] Loss: 0.2177 Acc: 0.9375
2025-11-24 10:32:16,445 - VGG_MNIST_logger - INFO - Epoch 1 [511/1875 (27.3%)] Loss: 0.2718 Acc: 0.9688
2025-11-24 10:32:17,047 - VGG_MNIST_logger - INFO - Epoch 1 [521/1875 (27.8%)] Loss: 0.0893 Acc: 0.9688
2025-11-24 10:32:17,629 - VGG_MNIST_logger - INFO - Epoch 1 [531/1875 (28.3%)] Loss: 0.0711 Acc: 1.0000
2025-11-24 10:32:18,209 - VGG_MNIST_logger - INFO - Epoch 1 [541/1875 (28.9%)] Loss: 0.1991 Acc: 0.9688
2025-11-24 10:32:18,784 - VGG_MNIST_logger - INFO - Epoch 1 [551/1875 (29.4%)] Loss: 0.1897 Acc: 0.9688
2025-11-24 10:32:19,363 - VGG_MNIST_logger - INFO - Epoch 1 [561/1875 (29.9%)] Loss: 0.3008 Acc: 0.9375
2025-11-24 10:32:19,940 - VGG_MNIST_logger - INFO - Epoch 1 [571/1875 (30.5%)] Loss: 0.2765 Acc: 0.9375
2025-11-24 10:32:20,526 - VGG_MNIST_logger - INFO - Epoch 1 [581/1875 (31.0%)] Loss: 0.0573 Acc: 1.0000
2025-11-24 10:32:21,101 - VGG_MNIST_logger - INFO - Epoch 1 [591/1875 (31.5%)] Loss: 0.0814 Acc: 1.0000
2025-11-24 10:32:21,674 - VGG_MNIST_logger - INFO - Epoch 1 [601/1875 (32.1%)] Loss: 0.0959 Acc: 1.0000
2025-11-24 10:32:22,252 - VGG_MNIST_logger - INFO - Epoch 1 [611/1875 (32.6%)] Loss: 0.1644 Acc: 0.9375
2025-11-24 10:32:22,828 - VGG_MNIST_logger - INFO - Epoch 1 [621/1875 (33.1%)] Loss: 0.3312 Acc: 0.9688
2025-11-24 10:32:23,407 - VGG_MNIST_logger - INFO - Epoch 1 [631/1875 (33.7%)] Loss: 0.2428 Acc: 0.9688
2025-11-24 10:32:23,980 - VGG_MNIST_logger - INFO - Epoch 1 [641/1875 (34.2%)] Loss: 0.0556 Acc: 1.0000
2025-11-24 10:32:24,562 - VGG_MNIST_logger - INFO - Epoch 1 [651/1875 (34.7%)] Loss: 0.0133 Acc: 1.0000
2025-11-24 10:32:25,131 - VGG_MNIST_logger - INFO - Epoch 1 [661/1875 (35.3%)] Loss: 0.3545 Acc: 0.9688
2025-11-24 10:32:25,706 - VGG_MNIST_logger - INFO - Epoch 1 [671/1875 (35.8%)] Loss: 0.0511 Acc: 1.0000
2025-11-24 10:32:26,281 - VGG_MNIST_logger - INFO - Epoch 1 [681/1875 (36.3%)] Loss: 0.0900 Acc: 0.9688
2025-11-24 10:32:26,854 - VGG_MNIST_logger - INFO - Epoch 1 [691/1875 (36.9%)] Loss: 0.0527 Acc: 1.0000
2025-11-24 10:32:27,434 - VGG_MNIST_logger - INFO - Epoch 1 [701/1875 (37.4%)] Loss: 0.0660 Acc: 1.0000
2025-11-24 10:32:28,007 - VGG_MNIST_logger - INFO - Epoch 1 [711/1875 (37.9%)] Loss: 0.1700 Acc: 0.9688
2025-11-24 10:32:28,583 - VGG_MNIST_logger - INFO - Epoch 1 [721/1875 (38.5%)] Loss: 0.1191 Acc: 1.0000
2025-11-24 10:32:29,158 - VGG_MNIST_logger - INFO - Epoch 1 [731/1875 (39.0%)] Loss: 0.1606 Acc: 0.9688
2025-11-24 10:32:29,738 - VGG_MNIST_logger - INFO - Epoch 1 [741/1875 (39.5%)] Loss: 0.1940 Acc: 0.9688
2025-11-24 10:32:30,309 - VGG_MNIST_logger - INFO - Epoch 1 [751/1875 (40.1%)] Loss: 0.2521 Acc: 0.9688
2025-11-24 10:32:30,891 - VGG_MNIST_logger - INFO - Epoch 1 [761/1875 (40.6%)] Loss: 0.2661 Acc: 1.0000
2025-11-24 10:32:31,460 - VGG_MNIST_logger - INFO - Epoch 1 [771/1875 (41.1%)] Loss: 0.0292 Acc: 1.0000
2025-11-24 10:32:32,040 - VGG_MNIST_logger - INFO - Epoch 1 [781/1875 (41.7%)] Loss: 0.0676 Acc: 0.9688
2025-11-24 10:32:32,621 - VGG_MNIST_logger - INFO - Epoch 1 [791/1875 (42.2%)] Loss: 0.0412 Acc: 1.0000
2025-11-24 10:32:33,197 - VGG_MNIST_logger - INFO - Epoch 1 [801/1875 (42.7%)] Loss: 0.1895 Acc: 0.9688
2025-11-24 10:32:33,779 - VGG_MNIST_logger - INFO - Epoch 1 [811/1875 (43.3%)] Loss: 0.3103 Acc: 1.0000
2025-11-24 10:32:34,356 - VGG_MNIST_logger - INFO - Epoch 1 [821/1875 (43.8%)] Loss: 0.0471 Acc: 1.0000
2025-11-24 10:32:34,932 - VGG_MNIST_logger - INFO - Epoch 1 [831/1875 (44.3%)] Loss: 0.3309 Acc: 1.0000
2025-11-24 10:32:35,506 - VGG_MNIST_logger - INFO - Epoch 1 [841/1875 (44.9%)] Loss: 0.0948 Acc: 0.9688
2025-11-24 10:32:36,084 - VGG_MNIST_logger - INFO - Epoch 1 [851/1875 (45.4%)] Loss: 0.1897 Acc: 1.0000
2025-11-24 10:32:36,657 - VGG_MNIST_logger - INFO - Epoch 1 [861/1875 (45.9%)] Loss: 0.1020 Acc: 1.0000
2025-11-24 10:32:37,235 - VGG_MNIST_logger - INFO - Epoch 1 [871/1875 (46.5%)] Loss: 0.2511 Acc: 0.9375
2025-11-24 10:32:37,811 - VGG_MNIST_logger - INFO - Epoch 1 [881/1875 (47.0%)] Loss: 0.1446 Acc: 0.9688
2025-11-24 10:32:38,378 - VGG_MNIST_logger - INFO - Epoch 1 [891/1875 (47.5%)] Loss: 0.2219 Acc: 0.9375
2025-11-24 10:32:38,939 - VGG_MNIST_logger - INFO - Epoch 1 [901/1875 (48.1%)] Loss: 0.0650 Acc: 1.0000
2025-11-24 10:32:39,500 - VGG_MNIST_logger - INFO - Epoch 1 [911/1875 (48.6%)] Loss: 0.3465 Acc: 0.9688
2025-11-24 10:32:40,070 - VGG_MNIST_logger - INFO - Epoch 1 [921/1875 (49.1%)] Loss: 0.3035 Acc: 0.9688
2025-11-24 10:32:40,642 - VGG_MNIST_logger - INFO - Epoch 1 [931/1875 (49.7%)] Loss: 0.2447 Acc: 0.9688
2025-11-24 10:32:41,217 - VGG_MNIST_logger - INFO - Epoch 1 [941/1875 (50.2%)] Loss: 0.1331 Acc: 1.0000
2025-11-24 10:32:41,788 - VGG_MNIST_logger - INFO - Epoch 1 [951/1875 (50.7%)] Loss: 0.0062 Acc: 1.0000
2025-11-24 10:32:42,388 - VGG_MNIST_logger - INFO - Epoch 1 [961/1875 (51.3%)] Loss: 0.0352 Acc: 1.0000
2025-11-24 10:32:42,962 - VGG_MNIST_logger - INFO - Epoch 1 [971/1875 (51.8%)] Loss: 0.1742 Acc: 1.0000
2025-11-24 10:32:43,539 - VGG_MNIST_logger - INFO - Epoch 1 [981/1875 (52.3%)] Loss: 0.4761 Acc: 0.9375
2025-11-24 10:32:44,120 - VGG_MNIST_logger - INFO - Epoch 1 [991/1875 (52.9%)] Loss: 0.0717 Acc: 1.0000
2025-11-24 10:32:44,691 - VGG_MNIST_logger - INFO - Epoch 1 [1001/1875 (53.4%)] Loss: 0.1003 Acc: 0.9688
2025-11-24 10:32:45,268 - VGG_MNIST_logger - INFO - Epoch 1 [1011/1875 (53.9%)] Loss: 0.2649 Acc: 0.9688
2025-11-24 10:32:45,845 - VGG_MNIST_logger - INFO - Epoch 1 [1021/1875 (54.5%)] Loss: 0.1012 Acc: 0.9688
2025-11-24 10:32:46,418 - VGG_MNIST_logger - INFO - Epoch 1 [1031/1875 (55.0%)] Loss: 0.2262 Acc: 0.9688
2025-11-24 10:32:46,991 - VGG_MNIST_logger - INFO - Epoch 1 [1041/1875 (55.5%)] Loss: 0.1758 Acc: 0.9688
2025-11-24 10:32:47,569 - VGG_MNIST_logger - INFO - Epoch 1 [1051/1875 (56.1%)] Loss: 0.0592 Acc: 1.0000
2025-11-24 10:32:48,143 - VGG_MNIST_logger - INFO - Epoch 1 [1061/1875 (56.6%)] Loss: 0.1411 Acc: 0.9688
2025-11-24 10:32:48,718 - VGG_MNIST_logger - INFO - Epoch 1 [1071/1875 (57.1%)] Loss: 0.2707 Acc: 0.9375
2025-11-24 10:32:49,291 - VGG_MNIST_logger - INFO - Epoch 1 [1081/1875 (57.7%)] Loss: 0.1389 Acc: 0.9688
2025-11-24 10:32:49,864 - VGG_MNIST_logger - INFO - Epoch 1 [1091/1875 (58.2%)] Loss: 0.0269 Acc: 1.0000
2025-11-24 10:32:50,442 - VGG_MNIST_logger - INFO - Epoch 1 [1101/1875 (58.7%)] Loss: 0.0512 Acc: 1.0000
2025-11-24 10:32:51,018 - VGG_MNIST_logger - INFO - Epoch 1 [1111/1875 (59.3%)] Loss: 0.0649 Acc: 0.9688
2025-11-24 10:32:51,595 - VGG_MNIST_logger - INFO - Epoch 1 [1121/1875 (59.8%)] Loss: 0.0777 Acc: 0.9688
2025-11-24 10:32:52,169 - VGG_MNIST_logger - INFO - Epoch 1 [1131/1875 (60.3%)] Loss: 0.0193 Acc: 1.0000
2025-11-24 10:32:52,749 - VGG_MNIST_logger - INFO - Epoch 1 [1141/1875 (60.9%)] Loss: 0.0676 Acc: 1.0000
2025-11-24 10:32:53,325 - VGG_MNIST_logger - INFO - Epoch 1 [1151/1875 (61.4%)] Loss: 0.0746 Acc: 0.9688
2025-11-24 10:32:53,906 - VGG_MNIST_logger - INFO - Epoch 1 [1161/1875 (61.9%)] Loss: 0.1560 Acc: 0.9688
2025-11-24 10:32:54,476 - VGG_MNIST_logger - INFO - Epoch 1 [1171/1875 (62.5%)] Loss: 0.0084 Acc: 1.0000
2025-11-24 10:32:55,050 - VGG_MNIST_logger - INFO - Epoch 1 [1181/1875 (63.0%)] Loss: 0.0588 Acc: 1.0000
2025-11-24 10:32:55,629 - VGG_MNIST_logger - INFO - Epoch 1 [1191/1875 (63.5%)] Loss: 0.0315 Acc: 0.9688
2025-11-24 10:32:56,200 - VGG_MNIST_logger - INFO - Epoch 1 [1201/1875 (64.1%)] Loss: 0.0265 Acc: 1.0000
2025-11-24 10:32:56,773 - VGG_MNIST_logger - INFO - Epoch 1 [1211/1875 (64.6%)] Loss: 0.0188 Acc: 1.0000
2025-11-24 10:32:57,344 - VGG_MNIST_logger - INFO - Epoch 1 [1221/1875 (65.1%)] Loss: 0.0902 Acc: 1.0000
2025-11-24 10:32:57,919 - VGG_MNIST_logger - INFO - Epoch 1 [1231/1875 (65.7%)] Loss: 0.0933 Acc: 0.9688
2025-11-24 10:32:58,496 - VGG_MNIST_logger - INFO - Epoch 1 [1241/1875 (66.2%)] Loss: 0.2464 Acc: 0.9375
2025-11-24 10:32:59,074 - VGG_MNIST_logger - INFO - Epoch 1 [1251/1875 (66.7%)] Loss: 0.2270 Acc: 0.9375
2025-11-24 10:32:59,644 - VGG_MNIST_logger - INFO - Epoch 1 [1261/1875 (67.3%)] Loss: 0.2900 Acc: 0.9688
2025-11-24 10:33:00,215 - VGG_MNIST_logger - INFO - Epoch 1 [1271/1875 (67.8%)] Loss: 0.0942 Acc: 1.0000
2025-11-24 10:33:00,791 - VGG_MNIST_logger - INFO - Epoch 1 [1281/1875 (68.3%)] Loss: 0.0166 Acc: 1.0000
2025-11-24 10:33:01,369 - VGG_MNIST_logger - INFO - Epoch 1 [1291/1875 (68.9%)] Loss: 0.0422 Acc: 1.0000
2025-11-24 10:33:01,942 - VGG_MNIST_logger - INFO - Epoch 1 [1301/1875 (69.4%)] Loss: 0.0196 Acc: 1.0000
2025-11-24 10:33:02,516 - VGG_MNIST_logger - INFO - Epoch 1 [1311/1875 (69.9%)] Loss: 0.0144 Acc: 1.0000
2025-11-24 10:33:03,092 - VGG_MNIST_logger - INFO - Epoch 1 [1321/1875 (70.5%)] Loss: 0.0022 Acc: 1.0000
2025-11-24 10:33:03,662 - VGG_MNIST_logger - INFO - Epoch 1 [1331/1875 (71.0%)] Loss: 0.0085 Acc: 1.0000
2025-11-24 10:33:04,241 - VGG_MNIST_logger - INFO - Epoch 1 [1341/1875 (71.5%)] Loss: 0.2627 Acc: 0.9375
2025-11-24 10:33:04,815 - VGG_MNIST_logger - INFO - Epoch 1 [1351/1875 (72.1%)] Loss: 0.0172 Acc: 1.0000
2025-11-24 10:33:05,400 - VGG_MNIST_logger - INFO - Epoch 1 [1361/1875 (72.6%)] Loss: 0.1761 Acc: 0.9688
2025-11-24 10:33:05,976 - VGG_MNIST_logger - INFO - Epoch 1 [1371/1875 (73.1%)] Loss: 0.1844 Acc: 0.9375
2025-11-24 10:33:06,547 - VGG_MNIST_logger - INFO - Epoch 1 [1381/1875 (73.7%)] Loss: 0.0068 Acc: 0.9688
2025-11-24 10:33:07,128 - VGG_MNIST_logger - INFO - Epoch 1 [1391/1875 (74.2%)] Loss: 0.1416 Acc: 0.9688
2025-11-24 10:33:07,706 - VGG_MNIST_logger - INFO - Epoch 1 [1401/1875 (74.7%)] Loss: 0.0186 Acc: 1.0000
2025-11-24 10:33:08,285 - VGG_MNIST_logger - INFO - Epoch 1 [1411/1875 (75.3%)] Loss: 0.1969 Acc: 0.9375
2025-11-24 10:33:08,861 - VGG_MNIST_logger - INFO - Epoch 1 [1421/1875 (75.8%)] Loss: 0.0134 Acc: 1.0000
2025-11-24 10:33:09,436 - VGG_MNIST_logger - INFO - Epoch 1 [1431/1875 (76.3%)] Loss: 0.0412 Acc: 1.0000
2025-11-24 10:33:10,013 - VGG_MNIST_logger - INFO - Epoch 1 [1441/1875 (76.9%)] Loss: 0.0083 Acc: 1.0000
2025-11-24 10:33:10,591 - VGG_MNIST_logger - INFO - Epoch 1 [1451/1875 (77.4%)] Loss: 0.1283 Acc: 0.9688
2025-11-24 10:33:11,164 - VGG_MNIST_logger - INFO - Epoch 1 [1461/1875 (77.9%)] Loss: 0.0111 Acc: 1.0000
2025-11-24 10:33:11,740 - VGG_MNIST_logger - INFO - Epoch 1 [1471/1875 (78.5%)] Loss: 0.1628 Acc: 0.9688
2025-11-24 10:33:12,320 - VGG_MNIST_logger - INFO - Epoch 1 [1481/1875 (79.0%)] Loss: 0.1675 Acc: 1.0000
2025-11-24 10:33:12,954 - VGG_MNIST_logger - INFO - Epoch 1 [1491/1875 (79.5%)] Loss: 0.0367 Acc: 0.9688
2025-11-24 10:33:13,533 - VGG_MNIST_logger - INFO - Epoch 1 [1501/1875 (80.1%)] Loss: 0.0912 Acc: 1.0000
2025-11-24 10:33:14,104 - VGG_MNIST_logger - INFO - Epoch 1 [1511/1875 (80.6%)] Loss: 0.0170 Acc: 1.0000
2025-11-24 10:33:14,682 - VGG_MNIST_logger - INFO - Epoch 1 [1521/1875 (81.1%)] Loss: 0.0104 Acc: 1.0000
2025-11-24 10:33:15,263 - VGG_MNIST_logger - INFO - Epoch 1 [1531/1875 (81.7%)] Loss: 0.2946 Acc: 0.9688
2025-11-24 10:33:15,840 - VGG_MNIST_logger - INFO - Epoch 1 [1541/1875 (82.2%)] Loss: 0.0507 Acc: 0.9688
2025-11-24 10:33:16,413 - VGG_MNIST_logger - INFO - Epoch 1 [1551/1875 (82.7%)] Loss: 0.0310 Acc: 1.0000
2025-11-24 10:33:16,988 - VGG_MNIST_logger - INFO - Epoch 1 [1561/1875 (83.3%)] Loss: 0.0306 Acc: 1.0000
2025-11-24 10:33:17,565 - VGG_MNIST_logger - INFO - Epoch 1 [1571/1875 (83.8%)] Loss: 0.4735 Acc: 0.9375
2025-11-24 10:33:18,136 - VGG_MNIST_logger - INFO - Epoch 1 [1581/1875 (84.3%)] Loss: 0.0425 Acc: 1.0000
2025-11-24 10:33:18,717 - VGG_MNIST_logger - INFO - Epoch 1 [1591/1875 (84.9%)] Loss: 0.1841 Acc: 0.9375
2025-11-24 10:33:19,485 - VGG_MNIST_logger - INFO - Epoch 1 [1601/1875 (85.4%)] Loss: 0.0433 Acc: 1.0000
2025-11-24 10:33:20,069 - VGG_MNIST_logger - INFO - Epoch 1 [1611/1875 (85.9%)] Loss: 0.1055 Acc: 1.0000
2025-11-24 10:33:20,646 - VGG_MNIST_logger - INFO - Epoch 1 [1621/1875 (86.5%)] Loss: 0.1056 Acc: 0.9688
2025-11-24 10:33:21,219 - VGG_MNIST_logger - INFO - Epoch 1 [1631/1875 (87.0%)] Loss: 0.1704 Acc: 0.9688
2025-11-24 10:33:21,795 - VGG_MNIST_logger - INFO - Epoch 1 [1641/1875 (87.5%)] Loss: 0.0503 Acc: 1.0000
2025-11-24 10:33:22,373 - VGG_MNIST_logger - INFO - Epoch 1 [1651/1875 (88.1%)] Loss: 0.0906 Acc: 1.0000
2025-11-24 10:33:22,954 - VGG_MNIST_logger - INFO - Epoch 1 [1661/1875 (88.6%)] Loss: 0.0601 Acc: 0.9688
2025-11-24 10:33:23,531 - VGG_MNIST_logger - INFO - Epoch 1 [1671/1875 (89.1%)] Loss: 0.0554 Acc: 1.0000
2025-11-24 10:33:24,105 - VGG_MNIST_logger - INFO - Epoch 1 [1681/1875 (89.7%)] Loss: 0.0982 Acc: 0.9688
2025-11-24 10:33:24,683 - VGG_MNIST_logger - INFO - Epoch 1 [1691/1875 (90.2%)] Loss: 0.0904 Acc: 0.9688
2025-11-24 10:33:25,259 - VGG_MNIST_logger - INFO - Epoch 1 [1701/1875 (90.7%)] Loss: 0.1542 Acc: 1.0000
2025-11-24 10:33:25,834 - VGG_MNIST_logger - INFO - Epoch 1 [1711/1875 (91.3%)] Loss: 0.0608 Acc: 1.0000
2025-11-24 10:33:26,410 - VGG_MNIST_logger - INFO - Epoch 1 [1721/1875 (91.8%)] Loss: 0.1618 Acc: 1.0000
2025-11-24 10:33:26,989 - VGG_MNIST_logger - INFO - Epoch 1 [1731/1875 (92.3%)] Loss: 0.2226 Acc: 0.9688
2025-11-24 10:33:27,565 - VGG_MNIST_logger - INFO - Epoch 1 [1741/1875 (92.9%)] Loss: 0.3211 Acc: 0.9375
2025-11-24 10:33:28,143 - VGG_MNIST_logger - INFO - Epoch 1 [1751/1875 (93.4%)] Loss: 0.0537 Acc: 1.0000
2025-11-24 10:33:28,719 - VGG_MNIST_logger - INFO - Epoch 1 [1761/1875 (93.9%)] Loss: 0.0024 Acc: 1.0000
2025-11-24 10:33:29,299 - VGG_MNIST_logger - INFO - Epoch 1 [1771/1875 (94.5%)] Loss: 0.0833 Acc: 1.0000
2025-11-24 10:33:29,870 - VGG_MNIST_logger - INFO - Epoch 1 [1781/1875 (95.0%)] Loss: 0.0710 Acc: 1.0000
2025-11-24 10:33:30,449 - VGG_MNIST_logger - INFO - Epoch 1 [1791/1875 (95.5%)] Loss: 0.0165 Acc: 1.0000
2025-11-24 10:33:31,026 - VGG_MNIST_logger - INFO - Epoch 1 [1801/1875 (96.1%)] Loss: 0.0085 Acc: 1.0000
2025-11-24 10:33:31,605 - VGG_MNIST_logger - INFO - Epoch 1 [1811/1875 (96.6%)] Loss: 0.1292 Acc: 0.9688
2025-11-24 10:33:32,192 - VGG_MNIST_logger - INFO - Epoch 1 [1821/1875 (97.1%)] Loss: 0.0071 Acc: 1.0000
2025-11-24 10:33:32,769 - VGG_MNIST_logger - INFO - Epoch 1 [1831/1875 (97.7%)] Loss: 0.0315 Acc: 1.0000
2025-11-24 10:33:33,360 - VGG_MNIST_logger - INFO - Epoch 1 [1841/1875 (98.2%)] Loss: 0.1220 Acc: 0.9688
2025-11-24 10:33:33,940 - VGG_MNIST_logger - INFO - Epoch 1 [1851/1875 (98.7%)] Loss: 0.0062 Acc: 1.0000
2025-11-24 10:33:34,519 - VGG_MNIST_logger - INFO - Epoch 1 [1861/1875 (99.3%)] Loss: 0.0240 Acc: 1.0000
2025-11-24 10:33:35,092 - VGG_MNIST_logger - INFO - Epoch 1 [1871/1875 (99.8%)] Loss: 0.0097 Acc: 1.0000
2025-11-24 10:34:09,561 - VGG_MNIST_logger - INFO - Epoch   1 | Train Loss: 0.2387 | Train Acc: 0.9869 | Val Loss: 0.0416 | Val Acc: 0.0416
2025-11-24 10:34:09,635 - VGG_MNIST_logger - INFO - Epoch 2 [1/1875 (0.1%)] Loss: 0.0085 Acc: 1.0000
2025-11-24 10:34:10,218 - VGG_MNIST_logger - INFO - Epoch 2 [11/1875 (0.6%)] Loss: 0.0063 Acc: 1.0000
2025-11-24 10:34:10,803 - VGG_MNIST_logger - INFO - Epoch 2 [21/1875 (1.1%)] Loss: 0.0022 Acc: 1.0000
2025-11-24 10:34:11,379 - VGG_MNIST_logger - INFO - Epoch 2 [31/1875 (1.7%)] Loss: 0.2118 Acc: 0.9688
2025-11-24 10:34:11,965 - VGG_MNIST_logger - INFO - Epoch 2 [41/1875 (2.2%)] Loss: 0.0299 Acc: 1.0000
2025-11-24 10:34:12,543 - VGG_MNIST_logger - INFO - Epoch 2 [51/1875 (2.7%)] Loss: 0.3767 Acc: 0.9688
2025-11-24 10:34:13,126 - VGG_MNIST_logger - INFO - Epoch 2 [61/1875 (3.3%)] Loss: 0.0205 Acc: 1.0000
2025-11-24 10:34:13,701 - VGG_MNIST_logger - INFO - Epoch 2 [71/1875 (3.8%)] Loss: 0.0072 Acc: 1.0000
2025-11-24 10:34:14,287 - VGG_MNIST_logger - INFO - Epoch 2 [81/1875 (4.3%)] Loss: 0.0046 Acc: 1.0000
2025-11-24 10:34:14,865 - VGG_MNIST_logger - INFO - Epoch 2 [91/1875 (4.9%)] Loss: 0.0028 Acc: 1.0000
2025-11-24 10:34:15,443 - VGG_MNIST_logger - INFO - Epoch 2 [101/1875 (5.4%)] Loss: 0.0013 Acc: 1.0000
2025-11-24 10:34:16,026 - VGG_MNIST_logger - INFO - Epoch 2 [111/1875 (5.9%)] Loss: 0.2046 Acc: 0.9375
2025-11-24 10:34:16,601 - VGG_MNIST_logger - INFO - Epoch 2 [121/1875 (6.5%)] Loss: 0.0197 Acc: 1.0000
2025-11-24 10:34:17,181 - VGG_MNIST_logger - INFO - Epoch 2 [131/1875 (7.0%)] Loss: 0.0320 Acc: 1.0000
2025-11-24 10:34:17,758 - VGG_MNIST_logger - INFO - Epoch 2 [141/1875 (7.5%)] Loss: 0.0109 Acc: 1.0000
2025-11-24 10:34:18,337 - VGG_MNIST_logger - INFO - Epoch 2 [151/1875 (8.1%)] Loss: 0.0035 Acc: 1.0000
2025-11-24 10:34:18,910 - VGG_MNIST_logger - INFO - Epoch 2 [161/1875 (8.6%)] Loss: 0.0149 Acc: 1.0000
2025-11-24 10:34:19,486 - VGG_MNIST_logger - INFO - Epoch 2 [171/1875 (9.1%)] Loss: 0.0731 Acc: 1.0000
2025-11-24 10:34:20,060 - VGG_MNIST_logger - INFO - Epoch 2 [181/1875 (9.7%)] Loss: 0.1459 Acc: 1.0000
2025-11-24 10:34:20,638 - VGG_MNIST_logger - INFO - Epoch 2 [191/1875 (10.2%)] Loss: 0.0009 Acc: 1.0000
2025-11-24 10:34:21,220 - VGG_MNIST_logger - INFO - Epoch 2 [201/1875 (10.7%)] Loss: 0.0213 Acc: 1.0000
2025-11-24 10:34:21,796 - VGG_MNIST_logger - INFO - Epoch 2 [211/1875 (11.3%)] Loss: 0.0120 Acc: 1.0000
2025-11-24 10:34:22,374 - VGG_MNIST_logger - INFO - Epoch 2 [221/1875 (11.8%)] Loss: 0.0842 Acc: 1.0000
2025-11-24 10:34:22,947 - VGG_MNIST_logger - INFO - Epoch 2 [231/1875 (12.3%)] Loss: 0.0051 Acc: 1.0000
2025-11-24 10:34:23,529 - VGG_MNIST_logger - INFO - Epoch 2 [241/1875 (12.9%)] Loss: 0.0853 Acc: 1.0000
2025-11-24 10:34:24,107 - VGG_MNIST_logger - INFO - Epoch 2 [251/1875 (13.4%)] Loss: 0.2120 Acc: 0.9375
2025-11-24 10:34:24,684 - VGG_MNIST_logger - INFO - Epoch 2 [261/1875 (13.9%)] Loss: 0.0511 Acc: 0.9688
2025-11-24 10:34:25,259 - VGG_MNIST_logger - INFO - Epoch 2 [271/1875 (14.5%)] Loss: 0.0322 Acc: 1.0000
2025-11-24 10:34:25,841 - VGG_MNIST_logger - INFO - Epoch 2 [281/1875 (15.0%)] Loss: 0.1028 Acc: 0.9688
2025-11-24 10:34:26,426 - VGG_MNIST_logger - INFO - Epoch 2 [291/1875 (15.5%)] Loss: 0.0284 Acc: 1.0000
2025-11-24 10:34:27,001 - VGG_MNIST_logger - INFO - Epoch 2 [301/1875 (16.1%)] Loss: 0.0332 Acc: 1.0000
2025-11-24 10:34:27,587 - VGG_MNIST_logger - INFO - Epoch 2 [311/1875 (16.6%)] Loss: 0.0353 Acc: 1.0000
2025-11-24 10:34:28,164 - VGG_MNIST_logger - INFO - Epoch 2 [321/1875 (17.1%)] Loss: 0.0649 Acc: 0.9688
2025-11-24 10:34:28,744 - VGG_MNIST_logger - INFO - Epoch 2 [331/1875 (17.7%)] Loss: 0.0038 Acc: 1.0000
2025-11-24 10:34:29,327 - VGG_MNIST_logger - INFO - Epoch 2 [341/1875 (18.2%)] Loss: 0.0073 Acc: 1.0000
2025-11-24 10:34:29,907 - VGG_MNIST_logger - INFO - Epoch 2 [351/1875 (18.7%)] Loss: 0.0116 Acc: 1.0000
2025-11-24 10:34:30,515 - VGG_MNIST_logger - INFO - Epoch 2 [361/1875 (19.3%)] Loss: 0.0172 Acc: 0.9688
2025-11-24 10:34:31,126 - VGG_MNIST_logger - INFO - Epoch 2 [371/1875 (19.8%)] Loss: 0.0005 Acc: 1.0000
2025-11-24 10:34:31,739 - VGG_MNIST_logger - INFO - Epoch 2 [381/1875 (20.3%)] Loss: 0.0301 Acc: 0.9688
2025-11-24 10:34:32,350 - VGG_MNIST_logger - INFO - Epoch 2 [391/1875 (20.9%)] Loss: 0.0350 Acc: 1.0000
2025-11-24 10:34:32,958 - VGG_MNIST_logger - INFO - Epoch 2 [401/1875 (21.4%)] Loss: 0.0003 Acc: 1.0000
2025-11-24 10:34:33,622 - VGG_MNIST_logger - INFO - Epoch 2 [411/1875 (21.9%)] Loss: 0.0036 Acc: 1.0000
2025-11-24 10:34:34,208 - VGG_MNIST_logger - INFO - Epoch 2 [421/1875 (22.5%)] Loss: 0.0119 Acc: 1.0000
2025-11-24 10:34:34,912 - VGG_MNIST_logger - INFO - Epoch 2 [431/1875 (23.0%)] Loss: 0.2939 Acc: 0.9688
2025-11-24 10:34:35,577 - VGG_MNIST_logger - INFO - Epoch 2 [441/1875 (23.5%)] Loss: 0.2151 Acc: 1.0000
2025-11-24 10:34:36,173 - VGG_MNIST_logger - INFO - Epoch 2 [451/1875 (24.1%)] Loss: 0.0994 Acc: 1.0000
2025-11-24 10:34:36,869 - VGG_MNIST_logger - INFO - Epoch 2 [461/1875 (24.6%)] Loss: 0.1850 Acc: 1.0000
2025-11-24 10:34:37,466 - VGG_MNIST_logger - INFO - Epoch 2 [471/1875 (25.1%)] Loss: 0.1336 Acc: 0.9688
2025-11-24 10:34:38,068 - VGG_MNIST_logger - INFO - Epoch 2 [481/1875 (25.7%)] Loss: 0.0195 Acc: 1.0000
2025-11-24 10:34:38,670 - VGG_MNIST_logger - INFO - Epoch 2 [491/1875 (26.2%)] Loss: 0.0067 Acc: 1.0000
2025-11-24 10:34:39,296 - VGG_MNIST_logger - INFO - Epoch 2 [501/1875 (26.7%)] Loss: 0.2858 Acc: 0.9375
2025-11-24 10:34:39,894 - VGG_MNIST_logger - INFO - Epoch 2 [511/1875 (27.3%)] Loss: 0.0682 Acc: 1.0000
2025-11-24 10:34:40,496 - VGG_MNIST_logger - INFO - Epoch 2 [521/1875 (27.8%)] Loss: 0.0145 Acc: 1.0000
2025-11-24 10:34:41,097 - VGG_MNIST_logger - INFO - Epoch 2 [531/1875 (28.3%)] Loss: 0.1146 Acc: 1.0000
2025-11-24 10:34:41,691 - VGG_MNIST_logger - INFO - Epoch 2 [541/1875 (28.9%)] Loss: 0.0093 Acc: 1.0000
2025-11-24 10:34:42,381 - VGG_MNIST_logger - INFO - Epoch 2 [551/1875 (29.4%)] Loss: 0.0699 Acc: 1.0000
2025-11-24 10:34:42,983 - VGG_MNIST_logger - INFO - Epoch 2 [561/1875 (29.9%)] Loss: 0.3295 Acc: 0.9375
2025-11-24 10:34:43,590 - VGG_MNIST_logger - INFO - Epoch 2 [571/1875 (30.5%)] Loss: 0.0373 Acc: 1.0000
2025-11-24 10:34:44,190 - VGG_MNIST_logger - INFO - Epoch 2 [581/1875 (31.0%)] Loss: 0.0801 Acc: 1.0000
2025-11-24 10:34:44,793 - VGG_MNIST_logger - INFO - Epoch 2 [591/1875 (31.5%)] Loss: 0.0154 Acc: 0.9688
2025-11-24 10:34:45,396 - VGG_MNIST_logger - INFO - Epoch 2 [601/1875 (32.1%)] Loss: 0.0701 Acc: 0.9688
2025-11-24 10:34:45,999 - VGG_MNIST_logger - INFO - Epoch 2 [611/1875 (32.6%)] Loss: 0.0458 Acc: 1.0000
2025-11-24 10:34:46,593 - VGG_MNIST_logger - INFO - Epoch 2 [621/1875 (33.1%)] Loss: 0.2811 Acc: 0.9688
2025-11-24 10:34:47,187 - VGG_MNIST_logger - INFO - Epoch 2 [631/1875 (33.7%)] Loss: 0.0435 Acc: 1.0000
2025-11-24 10:34:47,895 - VGG_MNIST_logger - INFO - Epoch 2 [641/1875 (34.2%)] Loss: 0.1245 Acc: 1.0000
2025-11-24 10:34:48,492 - VGG_MNIST_logger - INFO - Epoch 2 [651/1875 (34.7%)] Loss: 0.2191 Acc: 0.9688
2025-11-24 10:34:49,092 - VGG_MNIST_logger - INFO - Epoch 2 [661/1875 (35.3%)] Loss: 0.1396 Acc: 0.9688
2025-11-24 10:34:49,698 - VGG_MNIST_logger - INFO - Epoch 2 [671/1875 (35.8%)] Loss: 0.0220 Acc: 1.0000
2025-11-24 10:34:50,293 - VGG_MNIST_logger - INFO - Epoch 2 [681/1875 (36.3%)] Loss: 0.0650 Acc: 1.0000
2025-11-24 10:34:50,900 - VGG_MNIST_logger - INFO - Epoch 2 [691/1875 (36.9%)] Loss: 0.1434 Acc: 1.0000
2025-11-24 10:34:51,497 - VGG_MNIST_logger - INFO - Epoch 2 [701/1875 (37.4%)] Loss: 0.0132 Acc: 1.0000
2025-11-24 10:34:52,099 - VGG_MNIST_logger - INFO - Epoch 2 [711/1875 (37.9%)] Loss: 0.0380 Acc: 1.0000
2025-11-24 10:34:52,703 - VGG_MNIST_logger - INFO - Epoch 2 [721/1875 (38.5%)] Loss: 0.0089 Acc: 1.0000
2025-11-24 10:34:53,386 - VGG_MNIST_logger - INFO - Epoch 2 [731/1875 (39.0%)] Loss: 0.0200 Acc: 1.0000
2025-11-24 10:34:53,984 - VGG_MNIST_logger - INFO - Epoch 2 [741/1875 (39.5%)] Loss: 0.0010 Acc: 1.0000
2025-11-24 10:34:54,585 - VGG_MNIST_logger - INFO - Epoch 2 [751/1875 (40.1%)] Loss: 0.0788 Acc: 0.9375
2025-11-24 10:34:55,184 - VGG_MNIST_logger - INFO - Epoch 2 [761/1875 (40.6%)] Loss: 0.0118 Acc: 0.9688
2025-11-24 10:34:55,784 - VGG_MNIST_logger - INFO - Epoch 2 [771/1875 (41.1%)] Loss: 0.0204 Acc: 0.9688
2025-11-24 10:34:56,381 - VGG_MNIST_logger - INFO - Epoch 2 [781/1875 (41.7%)] Loss: 0.0009 Acc: 1.0000
2025-11-24 10:34:56,983 - VGG_MNIST_logger - INFO - Epoch 2 [791/1875 (42.2%)] Loss: 0.0751 Acc: 1.0000
2025-11-24 10:34:57,586 - VGG_MNIST_logger - INFO - Epoch 2 [801/1875 (42.7%)] Loss: 0.0160 Acc: 1.0000
2025-11-24 10:34:58,188 - VGG_MNIST_logger - INFO - Epoch 2 [811/1875 (43.3%)] Loss: 0.0570 Acc: 1.0000
2025-11-24 10:34:58,873 - VGG_MNIST_logger - INFO - Epoch 2 [821/1875 (43.8%)] Loss: 0.0008 Acc: 1.0000
2025-11-24 10:34:59,476 - VGG_MNIST_logger - INFO - Epoch 2 [831/1875 (44.3%)] Loss: 0.0583 Acc: 1.0000
2025-11-24 10:35:00,077 - VGG_MNIST_logger - INFO - Epoch 2 [841/1875 (44.9%)] Loss: 0.0121 Acc: 1.0000
2025-11-24 10:35:00,673 - VGG_MNIST_logger - INFO - Epoch 2 [851/1875 (45.4%)] Loss: 0.0219 Acc: 1.0000
2025-11-24 10:35:01,274 - VGG_MNIST_logger - INFO - Epoch 2 [861/1875 (45.9%)] Loss: 0.0287 Acc: 1.0000
2025-11-24 10:35:01,867 - VGG_MNIST_logger - INFO - Epoch 2 [871/1875 (46.5%)] Loss: 0.0630 Acc: 0.9688
2025-11-24 10:35:02,465 - VGG_MNIST_logger - INFO - Epoch 2 [881/1875 (47.0%)] Loss: 0.0958 Acc: 0.9688
2025-11-24 10:35:03,068 - VGG_MNIST_logger - INFO - Epoch 2 [891/1875 (47.5%)] Loss: 0.0017 Acc: 1.0000
2025-11-24 10:35:03,668 - VGG_MNIST_logger - INFO - Epoch 2 [901/1875 (48.1%)] Loss: 0.0762 Acc: 1.0000
2025-11-24 10:35:04,365 - VGG_MNIST_logger - INFO - Epoch 2 [911/1875 (48.6%)] Loss: 0.0483 Acc: 1.0000
2025-11-24 10:35:04,968 - VGG_MNIST_logger - INFO - Epoch 2 [921/1875 (49.1%)] Loss: 0.0618 Acc: 1.0000
2025-11-24 10:35:05,570 - VGG_MNIST_logger - INFO - Epoch 2 [931/1875 (49.7%)] Loss: 0.0010 Acc: 1.0000
2025-11-24 10:35:06,169 - VGG_MNIST_logger - INFO - Epoch 2 [941/1875 (50.2%)] Loss: 0.0286 Acc: 1.0000
2025-11-24 10:35:06,778 - VGG_MNIST_logger - INFO - Epoch 2 [951/1875 (50.7%)] Loss: 0.0006 Acc: 1.0000
2025-11-24 10:35:07,383 - VGG_MNIST_logger - INFO - Epoch 2 [961/1875 (51.3%)] Loss: 0.0046 Acc: 1.0000
2025-11-24 10:35:07,979 - VGG_MNIST_logger - INFO - Epoch 2 [971/1875 (51.8%)] Loss: 0.0246 Acc: 1.0000
2025-11-24 10:35:08,588 - VGG_MNIST_logger - INFO - Epoch 2 [981/1875 (52.3%)] Loss: 0.0527 Acc: 0.9688
2025-11-24 10:35:09,181 - VGG_MNIST_logger - INFO - Epoch 2 [991/1875 (52.9%)] Loss: 0.0431 Acc: 1.0000
2025-11-24 10:35:09,884 - VGG_MNIST_logger - INFO - Epoch 2 [1001/1875 (53.4%)] Loss: 0.0274 Acc: 1.0000
2025-11-24 10:35:10,477 - VGG_MNIST_logger - INFO - Epoch 2 [1011/1875 (53.9%)] Loss: 0.0295 Acc: 1.0000
2025-11-24 10:35:11,076 - VGG_MNIST_logger - INFO - Epoch 2 [1021/1875 (54.5%)] Loss: 0.3404 Acc: 0.9688
2025-11-24 10:35:11,686 - VGG_MNIST_logger - INFO - Epoch 2 [1031/1875 (55.0%)] Loss: 0.0271 Acc: 1.0000
2025-11-24 10:35:12,284 - VGG_MNIST_logger - INFO - Epoch 2 [1041/1875 (55.5%)] Loss: 0.0132 Acc: 1.0000
2025-11-24 10:35:12,888 - VGG_MNIST_logger - INFO - Epoch 2 [1051/1875 (56.1%)] Loss: 0.0080 Acc: 1.0000
2025-11-24 10:35:13,487 - VGG_MNIST_logger - INFO - Epoch 2 [1061/1875 (56.6%)] Loss: 0.0032 Acc: 1.0000
2025-11-24 10:35:14,087 - VGG_MNIST_logger - INFO - Epoch 2 [1071/1875 (57.1%)] Loss: 0.0319 Acc: 1.0000
2025-11-24 10:35:14,690 - VGG_MNIST_logger - INFO - Epoch 2 [1081/1875 (57.7%)] Loss: 0.1064 Acc: 0.9688
2025-11-24 10:35:15,369 - VGG_MNIST_logger - INFO - Epoch 2 [1091/1875 (58.2%)] Loss: 0.1346 Acc: 0.9688
2025-11-24 10:35:15,971 - VGG_MNIST_logger - INFO - Epoch 2 [1101/1875 (58.7%)] Loss: 0.1526 Acc: 1.0000
2025-11-24 10:35:16,567 - VGG_MNIST_logger - INFO - Epoch 2 [1111/1875 (59.3%)] Loss: 0.1190 Acc: 0.9688
2025-11-24 10:35:17,176 - VGG_MNIST_logger - INFO - Epoch 2 [1121/1875 (59.8%)] Loss: 0.1647 Acc: 1.0000
2025-11-24 10:35:17,781 - VGG_MNIST_logger - INFO - Epoch 2 [1131/1875 (60.3%)] Loss: 0.4751 Acc: 0.9688
2025-11-24 10:35:18,380 - VGG_MNIST_logger - INFO - Epoch 2 [1141/1875 (60.9%)] Loss: 0.0314 Acc: 1.0000
2025-11-24 10:35:18,983 - VGG_MNIST_logger - INFO - Epoch 2 [1151/1875 (61.4%)] Loss: 0.0216 Acc: 1.0000
2025-11-24 10:35:19,578 - VGG_MNIST_logger - INFO - Epoch 2 [1161/1875 (61.9%)] Loss: 0.0265 Acc: 1.0000
2025-11-24 10:35:20,178 - VGG_MNIST_logger - INFO - Epoch 2 [1171/1875 (62.5%)] Loss: 0.0296 Acc: 1.0000
2025-11-24 10:35:20,872 - VGG_MNIST_logger - INFO - Epoch 2 [1181/1875 (63.0%)] Loss: 0.0041 Acc: 1.0000
2025-11-24 10:35:21,474 - VGG_MNIST_logger - INFO - Epoch 2 [1191/1875 (63.5%)] Loss: 0.3419 Acc: 0.9375
2025-11-24 10:35:22,075 - VGG_MNIST_logger - INFO - Epoch 2 [1201/1875 (64.1%)] Loss: 0.0380 Acc: 1.0000
2025-11-24 10:35:22,672 - VGG_MNIST_logger - INFO - Epoch 2 [1211/1875 (64.6%)] Loss: 0.0421 Acc: 1.0000
2025-11-24 10:35:23,301 - VGG_MNIST_logger - INFO - Epoch 2 [1221/1875 (65.1%)] Loss: 0.0509 Acc: 1.0000
2025-11-24 10:35:23,898 - VGG_MNIST_logger - INFO - Epoch 2 [1231/1875 (65.7%)] Loss: 0.0008 Acc: 1.0000
2025-11-24 10:35:24,494 - VGG_MNIST_logger - INFO - Epoch 2 [1241/1875 (66.2%)] Loss: 0.1938 Acc: 1.0000
2025-11-24 10:35:25,097 - VGG_MNIST_logger - INFO - Epoch 2 [1251/1875 (66.7%)] Loss: 0.0055 Acc: 1.0000
2025-11-24 10:35:25,697 - VGG_MNIST_logger - INFO - Epoch 2 [1261/1875 (67.3%)] Loss: 0.0027 Acc: 1.0000
2025-11-24 10:35:26,382 - VGG_MNIST_logger - INFO - Epoch 2 [1271/1875 (67.8%)] Loss: 0.2890 Acc: 0.9688
2025-11-24 10:35:26,982 - VGG_MNIST_logger - INFO - Epoch 2 [1281/1875 (68.3%)] Loss: 0.0957 Acc: 1.0000
2025-11-24 10:35:27,583 - VGG_MNIST_logger - INFO - Epoch 2 [1291/1875 (68.9%)] Loss: 0.0034 Acc: 1.0000
2025-11-24 10:35:28,183 - VGG_MNIST_logger - INFO - Epoch 2 [1301/1875 (69.4%)] Loss: 0.0137 Acc: 1.0000
2025-11-24 10:35:28,784 - VGG_MNIST_logger - INFO - Epoch 2 [1311/1875 (69.9%)] Loss: 0.0922 Acc: 1.0000
2025-11-24 10:35:29,390 - VGG_MNIST_logger - INFO - Epoch 2 [1321/1875 (70.5%)] Loss: 0.1068 Acc: 0.9688
2025-11-24 10:35:29,983 - VGG_MNIST_logger - INFO - Epoch 2 [1331/1875 (71.0%)] Loss: 0.0944 Acc: 0.9688
2025-11-24 10:35:30,586 - VGG_MNIST_logger - INFO - Epoch 2 [1341/1875 (71.5%)] Loss: 0.0013 Acc: 1.0000
2025-11-24 10:35:31,187 - VGG_MNIST_logger - INFO - Epoch 2 [1351/1875 (72.1%)] Loss: 0.0016 Acc: 1.0000
2025-11-24 10:35:31,885 - VGG_MNIST_logger - INFO - Epoch 2 [1361/1875 (72.6%)] Loss: 0.0534 Acc: 1.0000
2025-11-24 10:35:32,491 - VGG_MNIST_logger - INFO - Epoch 2 [1371/1875 (73.1%)] Loss: 0.0859 Acc: 1.0000
2025-11-24 10:35:33,095 - VGG_MNIST_logger - INFO - Epoch 2 [1381/1875 (73.7%)] Loss: 0.0922 Acc: 1.0000
2025-11-24 10:35:33,701 - VGG_MNIST_logger - INFO - Epoch 2 [1391/1875 (74.2%)] Loss: 0.0215 Acc: 1.0000
2025-11-24 10:35:34,301 - VGG_MNIST_logger - INFO - Epoch 2 [1401/1875 (74.7%)] Loss: 0.0004 Acc: 1.0000
2025-11-24 10:35:34,909 - VGG_MNIST_logger - INFO - Epoch 2 [1411/1875 (75.3%)] Loss: 0.0100 Acc: 1.0000
2025-11-24 10:35:35,505 - VGG_MNIST_logger - INFO - Epoch 2 [1421/1875 (75.8%)] Loss: 0.0365 Acc: 1.0000
2025-11-24 10:35:36,111 - VGG_MNIST_logger - INFO - Epoch 2 [1431/1875 (76.3%)] Loss: 0.0548 Acc: 1.0000
2025-11-24 10:35:36,715 - VGG_MNIST_logger - INFO - Epoch 2 [1441/1875 (76.9%)] Loss: 0.0154 Acc: 1.0000
2025-11-24 10:35:37,406 - VGG_MNIST_logger - INFO - Epoch 2 [1451/1875 (77.4%)] Loss: 0.0015 Acc: 1.0000
2025-11-24 10:35:38,012 - VGG_MNIST_logger - INFO - Epoch 2 [1461/1875 (77.9%)] Loss: 0.0594 Acc: 1.0000
2025-11-24 10:35:38,612 - VGG_MNIST_logger - INFO - Epoch 2 [1471/1875 (78.5%)] Loss: 0.0804 Acc: 1.0000
2025-11-24 10:35:39,215 - VGG_MNIST_logger - INFO - Epoch 2 [1481/1875 (79.0%)] Loss: 0.1666 Acc: 0.9688
2025-11-24 10:35:39,814 - VGG_MNIST_logger - INFO - Epoch 2 [1491/1875 (79.5%)] Loss: 0.0066 Acc: 1.0000
2025-11-24 10:35:40,409 - VGG_MNIST_logger - INFO - Epoch 2 [1501/1875 (80.1%)] Loss: 0.0412 Acc: 0.9688
2025-11-24 10:35:41,012 - VGG_MNIST_logger - INFO - Epoch 2 [1511/1875 (80.6%)] Loss: 0.0103 Acc: 1.0000
2025-11-24 10:35:41,606 - VGG_MNIST_logger - INFO - Epoch 2 [1521/1875 (81.1%)] Loss: 0.0069 Acc: 1.0000
2025-11-24 10:35:42,209 - VGG_MNIST_logger - INFO - Epoch 2 [1531/1875 (81.7%)] Loss: 0.0294 Acc: 1.0000
2025-11-24 10:35:42,890 - VGG_MNIST_logger - INFO - Epoch 2 [1541/1875 (82.2%)] Loss: 0.0016 Acc: 1.0000
2025-11-24 10:35:43,490 - VGG_MNIST_logger - INFO - Epoch 2 [1551/1875 (82.7%)] Loss: 0.0697 Acc: 0.9688
2025-11-24 10:35:44,093 - VGG_MNIST_logger - INFO - Epoch 2 [1561/1875 (83.3%)] Loss: 0.0302 Acc: 1.0000
2025-11-24 10:35:44,689 - VGG_MNIST_logger - INFO - Epoch 2 [1571/1875 (83.8%)] Loss: 0.0995 Acc: 0.9688
2025-11-24 10:35:45,290 - VGG_MNIST_logger - INFO - Epoch 2 [1581/1875 (84.3%)] Loss: 0.0539 Acc: 1.0000
2025-11-24 10:35:45,886 - VGG_MNIST_logger - INFO - Epoch 2 [1591/1875 (84.9%)] Loss: 0.0473 Acc: 1.0000
2025-11-24 10:35:46,481 - VGG_MNIST_logger - INFO - Epoch 2 [1601/1875 (85.4%)] Loss: 0.0267 Acc: 1.0000
2025-11-24 10:35:47,078 - VGG_MNIST_logger - INFO - Epoch 2 [1611/1875 (85.9%)] Loss: 0.1109 Acc: 0.9688
2025-11-24 10:35:47,678 - VGG_MNIST_logger - INFO - Epoch 2 [1621/1875 (86.5%)] Loss: 0.0093 Acc: 1.0000
2025-11-24 10:35:48,374 - VGG_MNIST_logger - INFO - Epoch 2 [1631/1875 (87.0%)] Loss: 0.0139 Acc: 1.0000
2025-11-24 10:35:48,973 - VGG_MNIST_logger - INFO - Epoch 2 [1641/1875 (87.5%)] Loss: 0.0010 Acc: 1.0000
2025-11-24 10:35:49,576 - VGG_MNIST_logger - INFO - Epoch 2 [1651/1875 (88.1%)] Loss: 0.1751 Acc: 0.9688
2025-11-24 10:35:50,174 - VGG_MNIST_logger - INFO - Epoch 2 [1661/1875 (88.6%)] Loss: 0.0378 Acc: 1.0000
2025-11-24 10:35:50,777 - VGG_MNIST_logger - INFO - Epoch 2 [1671/1875 (89.1%)] Loss: 0.0070 Acc: 1.0000
2025-11-24 10:35:51,376 - VGG_MNIST_logger - INFO - Epoch 2 [1681/1875 (89.7%)] Loss: 0.0061 Acc: 1.0000
2025-11-24 10:35:51,975 - VGG_MNIST_logger - INFO - Epoch 2 [1691/1875 (90.2%)] Loss: 0.4881 Acc: 0.9062
2025-11-24 10:35:52,580 - VGG_MNIST_logger - INFO - Epoch 2 [1701/1875 (90.7%)] Loss: 0.0172 Acc: 1.0000
2025-11-24 10:35:53,180 - VGG_MNIST_logger - INFO - Epoch 2 [1711/1875 (91.3%)] Loss: 0.0100 Acc: 1.0000
2025-11-24 10:35:53,873 - VGG_MNIST_logger - INFO - Epoch 2 [1721/1875 (91.8%)] Loss: 0.0482 Acc: 1.0000
2025-11-24 10:35:54,475 - VGG_MNIST_logger - INFO - Epoch 2 [1731/1875 (92.3%)] Loss: 0.0119 Acc: 1.0000
2025-11-24 10:35:55,078 - VGG_MNIST_logger - INFO - Epoch 2 [1741/1875 (92.9%)] Loss: 0.0486 Acc: 0.9688
2025-11-24 10:35:55,683 - VGG_MNIST_logger - INFO - Epoch 2 [1751/1875 (93.4%)] Loss: 0.0123 Acc: 1.0000
2025-11-24 10:35:56,282 - VGG_MNIST_logger - INFO - Epoch 2 [1761/1875 (93.9%)] Loss: 0.0574 Acc: 1.0000
2025-11-24 10:35:56,885 - VGG_MNIST_logger - INFO - Epoch 2 [1771/1875 (94.5%)] Loss: 0.0079 Acc: 1.0000
2025-11-24 10:35:57,483 - VGG_MNIST_logger - INFO - Epoch 2 [1781/1875 (95.0%)] Loss: 0.0159 Acc: 1.0000
2025-11-24 10:35:58,080 - VGG_MNIST_logger - INFO - Epoch 2 [1791/1875 (95.5%)] Loss: 0.0099 Acc: 1.0000
2025-11-24 10:35:58,677 - VGG_MNIST_logger - INFO - Epoch 2 [1801/1875 (96.1%)] Loss: 0.0170 Acc: 1.0000
2025-11-24 10:35:59,368 - VGG_MNIST_logger - INFO - Epoch 2 [1811/1875 (96.6%)] Loss: 0.0061 Acc: 1.0000
2025-11-24 10:35:59,967 - VGG_MNIST_logger - INFO - Epoch 2 [1821/1875 (97.1%)] Loss: 0.0147 Acc: 1.0000
2025-11-24 10:36:00,571 - VGG_MNIST_logger - INFO - Epoch 2 [1831/1875 (97.7%)] Loss: 0.0754 Acc: 1.0000
2025-11-24 10:36:01,172 - VGG_MNIST_logger - INFO - Epoch 2 [1841/1875 (98.2%)] Loss: 0.0824 Acc: 0.9688
2025-11-24 10:36:01,776 - VGG_MNIST_logger - INFO - Epoch 2 [1851/1875 (98.7%)] Loss: 0.0021 Acc: 1.0000
2025-11-24 10:36:02,369 - VGG_MNIST_logger - INFO - Epoch 2 [1861/1875 (99.3%)] Loss: 0.0331 Acc: 0.9688
2025-11-24 10:36:02,969 - VGG_MNIST_logger - INFO - Epoch 2 [1871/1875 (99.8%)] Loss: 0.0019 Acc: 1.0000
2025-11-24 10:36:39,013 - VGG_MNIST_logger - INFO - Epoch   2 | Train Loss: 0.0701 | Train Acc: 0.9914 | Val Loss: 0.0350 | Val Acc: 0.0350
2025-11-24 10:36:39,088 - VGG_MNIST_logger - INFO - Epoch 3 [1/1875 (0.1%)] Loss: 0.0331 Acc: 1.0000
2025-11-24 10:36:39,775 - VGG_MNIST_logger - INFO - Epoch 3 [11/1875 (0.6%)] Loss: 0.0484 Acc: 0.9688
2025-11-24 10:36:40,377 - VGG_MNIST_logger - INFO - Epoch 3 [21/1875 (1.1%)] Loss: 0.0010 Acc: 1.0000
2025-11-24 10:36:40,981 - VGG_MNIST_logger - INFO - Epoch 3 [31/1875 (1.7%)] Loss: 0.0061 Acc: 1.0000
2025-11-24 10:36:41,582 - VGG_MNIST_logger - INFO - Epoch 3 [41/1875 (2.2%)] Loss: 0.0060 Acc: 1.0000
2025-11-24 10:36:42,177 - VGG_MNIST_logger - INFO - Epoch 3 [51/1875 (2.7%)] Loss: 0.2737 Acc: 0.9688
2025-11-24 10:36:42,782 - VGG_MNIST_logger - INFO - Epoch 3 [61/1875 (3.3%)] Loss: 0.0982 Acc: 0.9688
2025-11-24 10:36:43,467 - VGG_MNIST_logger - INFO - Epoch 3 [71/1875 (3.8%)] Loss: 0.0062 Acc: 1.0000
2025-11-24 10:36:44,068 - VGG_MNIST_logger - INFO - Epoch 3 [81/1875 (4.3%)] Loss: 0.1455 Acc: 1.0000
2025-11-24 10:36:44,662 - VGG_MNIST_logger - INFO - Epoch 3 [91/1875 (4.9%)] Loss: 0.0714 Acc: 0.9688
2025-11-24 10:36:45,269 - VGG_MNIST_logger - INFO - Epoch 3 [101/1875 (5.4%)] Loss: 0.0041 Acc: 1.0000
2025-11-24 10:36:45,871 - VGG_MNIST_logger - INFO - Epoch 3 [111/1875 (5.9%)] Loss: 0.0052 Acc: 1.0000
2025-11-24 10:36:46,466 - VGG_MNIST_logger - INFO - Epoch 3 [121/1875 (6.5%)] Loss: 0.0082 Acc: 1.0000
2025-11-24 10:36:47,068 - VGG_MNIST_logger - INFO - Epoch 3 [131/1875 (7.0%)] Loss: 0.0035 Acc: 1.0000
2025-11-24 10:36:47,669 - VGG_MNIST_logger - INFO - Epoch 3 [141/1875 (7.5%)] Loss: 0.0137 Acc: 1.0000
2025-11-24 10:36:48,270 - VGG_MNIST_logger - INFO - Epoch 3 [151/1875 (8.1%)] Loss: 0.0328 Acc: 1.0000
2025-11-24 10:36:48,952 - VGG_MNIST_logger - INFO - Epoch 3 [161/1875 (8.6%)] Loss: 0.0841 Acc: 0.9688
2025-11-24 10:36:49,554 - VGG_MNIST_logger - INFO - Epoch 3 [171/1875 (9.1%)] Loss: 0.0192 Acc: 1.0000
2025-11-24 10:36:50,157 - VGG_MNIST_logger - INFO - Epoch 3 [181/1875 (9.7%)] Loss: 0.0233 Acc: 0.9688
2025-11-24 10:36:50,752 - VGG_MNIST_logger - INFO - Epoch 3 [191/1875 (10.2%)] Loss: 0.0025 Acc: 1.0000
2025-11-24 10:36:51,356 - VGG_MNIST_logger - INFO - Epoch 3 [201/1875 (10.7%)] Loss: 0.1446 Acc: 1.0000
2025-11-24 10:36:51,955 - VGG_MNIST_logger - INFO - Epoch 3 [211/1875 (11.3%)] Loss: 0.0476 Acc: 1.0000
2025-11-24 10:36:52,561 - VGG_MNIST_logger - INFO - Epoch 3 [221/1875 (11.8%)] Loss: 0.0833 Acc: 1.0000
2025-11-24 10:36:53,165 - VGG_MNIST_logger - INFO - Epoch 3 [231/1875 (12.3%)] Loss: 0.1136 Acc: 1.0000
2025-11-24 10:36:53,758 - VGG_MNIST_logger - INFO - Epoch 3 [241/1875 (12.9%)] Loss: 0.0000 Acc: 1.0000
2025-11-24 10:36:54,438 - VGG_MNIST_logger - INFO - Epoch 3 [251/1875 (13.4%)] Loss: 0.0101 Acc: 1.0000
2025-11-24 10:36:55,034 - VGG_MNIST_logger - INFO - Epoch 3 [261/1875 (13.9%)] Loss: 0.1368 Acc: 1.0000
2025-11-24 10:36:55,637 - VGG_MNIST_logger - INFO - Epoch 3 [271/1875 (14.5%)] Loss: 0.0030 Acc: 1.0000
2025-11-24 10:36:56,238 - VGG_MNIST_logger - INFO - Epoch 3 [281/1875 (15.0%)] Loss: 0.1318 Acc: 0.9688
2025-11-24 10:36:56,841 - VGG_MNIST_logger - INFO - Epoch 3 [291/1875 (15.5%)] Loss: 0.0036 Acc: 1.0000
2025-11-24 10:36:57,447 - VGG_MNIST_logger - INFO - Epoch 3 [301/1875 (16.1%)] Loss: 0.1009 Acc: 0.9688
2025-11-24 10:36:58,045 - VGG_MNIST_logger - INFO - Epoch 3 [311/1875 (16.6%)] Loss: 0.1603 Acc: 0.9688
2025-11-24 10:36:58,647 - VGG_MNIST_logger - INFO - Epoch 3 [321/1875 (17.1%)] Loss: 0.0037 Acc: 1.0000
2025-11-24 10:36:59,245 - VGG_MNIST_logger - INFO - Epoch 3 [331/1875 (17.7%)] Loss: 0.1676 Acc: 0.9688
2025-11-24 10:36:59,932 - VGG_MNIST_logger - INFO - Epoch 3 [341/1875 (18.2%)] Loss: 0.0074 Acc: 1.0000
2025-11-24 10:37:00,537 - VGG_MNIST_logger - INFO - Epoch 3 [351/1875 (18.7%)] Loss: 0.0812 Acc: 1.0000
2025-11-24 10:37:01,133 - VGG_MNIST_logger - INFO - Epoch 3 [361/1875 (19.3%)] Loss: 0.0450 Acc: 0.9688
2025-11-24 10:37:01,736 - VGG_MNIST_logger - INFO - Epoch 3 [371/1875 (19.8%)] Loss: 0.0313 Acc: 1.0000
2025-11-24 10:37:02,334 - VGG_MNIST_logger - INFO - Epoch 3 [381/1875 (20.3%)] Loss: 0.1455 Acc: 0.9688
2025-11-24 10:37:02,935 - VGG_MNIST_logger - INFO - Epoch 3 [391/1875 (20.9%)] Loss: 0.0044 Acc: 1.0000
2025-11-24 10:37:03,539 - VGG_MNIST_logger - INFO - Epoch 3 [401/1875 (21.4%)] Loss: 0.0013 Acc: 1.0000
2025-11-24 10:37:04,141 - VGG_MNIST_logger - INFO - Epoch 3 [411/1875 (21.9%)] Loss: 0.0339 Acc: 1.0000
2025-11-24 10:37:04,748 - VGG_MNIST_logger - INFO - Epoch 3 [421/1875 (22.5%)] Loss: 0.0110 Acc: 1.0000
2025-11-24 10:37:05,439 - VGG_MNIST_logger - INFO - Epoch 3 [431/1875 (23.0%)] Loss: 0.0357 Acc: 1.0000
2025-11-24 10:37:06,038 - VGG_MNIST_logger - INFO - Epoch 3 [441/1875 (23.5%)] Loss: 0.0005 Acc: 1.0000
2025-11-24 10:37:06,638 - VGG_MNIST_logger - INFO - Epoch 3 [451/1875 (24.1%)] Loss: 0.0039 Acc: 1.0000
2025-11-24 10:37:07,244 - VGG_MNIST_logger - INFO - Epoch 3 [461/1875 (24.6%)] Loss: 0.0773 Acc: 1.0000
2025-11-24 10:37:07,839 - VGG_MNIST_logger - INFO - Epoch 3 [471/1875 (25.1%)] Loss: 0.0765 Acc: 1.0000
2025-11-24 10:37:08,441 - VGG_MNIST_logger - INFO - Epoch 3 [481/1875 (25.7%)] Loss: 0.0550 Acc: 1.0000
2025-11-24 10:37:09,054 - VGG_MNIST_logger - INFO - Epoch 3 [491/1875 (26.2%)] Loss: 0.0113 Acc: 0.9688
2025-11-24 10:37:09,657 - VGG_MNIST_logger - INFO - Epoch 3 [501/1875 (26.7%)] Loss: 0.1778 Acc: 0.9688
2025-11-24 10:37:10,257 - VGG_MNIST_logger - INFO - Epoch 3 [511/1875 (27.3%)] Loss: 0.0029 Acc: 1.0000
2025-11-24 10:37:10,941 - VGG_MNIST_logger - INFO - Epoch 3 [521/1875 (27.8%)] Loss: 0.0011 Acc: 1.0000
2025-11-24 10:37:11,542 - VGG_MNIST_logger - INFO - Epoch 3 [531/1875 (28.3%)] Loss: 0.0024 Acc: 1.0000
2025-11-24 10:37:12,144 - VGG_MNIST_logger - INFO - Epoch 3 [541/1875 (28.9%)] Loss: 0.0423 Acc: 1.0000
2025-11-24 10:37:12,739 - VGG_MNIST_logger - INFO - Epoch 3 [551/1875 (29.4%)] Loss: 0.0100 Acc: 1.0000
2025-11-24 10:37:13,336 - VGG_MNIST_logger - INFO - Epoch 3 [561/1875 (29.9%)] Loss: 0.0213 Acc: 1.0000
2025-11-24 10:37:13,930 - VGG_MNIST_logger - INFO - Epoch 3 [571/1875 (30.5%)] Loss: 0.0800 Acc: 1.0000
2025-11-24 10:37:14,553 - VGG_MNIST_logger - INFO - Epoch 3 [581/1875 (31.0%)] Loss: 0.1616 Acc: 1.0000
2025-11-24 10:37:15,151 - VGG_MNIST_logger - INFO - Epoch 3 [591/1875 (31.5%)] Loss: 0.0026 Acc: 1.0000
2025-11-24 10:37:15,752 - VGG_MNIST_logger - INFO - Epoch 3 [601/1875 (32.1%)] Loss: 0.0244 Acc: 1.0000
2025-11-24 10:37:16,432 - VGG_MNIST_logger - INFO - Epoch 3 [611/1875 (32.6%)] Loss: 0.0042 Acc: 1.0000
2025-11-24 10:37:17,031 - VGG_MNIST_logger - INFO - Epoch 3 [621/1875 (33.1%)] Loss: 0.0165 Acc: 1.0000
2025-11-24 10:37:17,635 - VGG_MNIST_logger - INFO - Epoch 3 [631/1875 (33.7%)] Loss: 0.0092 Acc: 0.9688
2025-11-24 10:37:18,241 - VGG_MNIST_logger - INFO - Epoch 3 [641/1875 (34.2%)] Loss: 0.0441 Acc: 1.0000
2025-11-24 10:37:18,839 - VGG_MNIST_logger - INFO - Epoch 3 [651/1875 (34.7%)] Loss: 0.0013 Acc: 1.0000
2025-11-24 10:37:19,439 - VGG_MNIST_logger - INFO - Epoch 3 [661/1875 (35.3%)] Loss: 0.0001 Acc: 1.0000
2025-11-24 10:37:20,034 - VGG_MNIST_logger - INFO - Epoch 3 [671/1875 (35.8%)] Loss: 0.0180 Acc: 1.0000
2025-11-24 10:37:20,639 - VGG_MNIST_logger - INFO - Epoch 3 [681/1875 (36.3%)] Loss: 0.2132 Acc: 0.9688
2025-11-24 10:37:21,231 - VGG_MNIST_logger - INFO - Epoch 3 [691/1875 (36.9%)] Loss: 0.1163 Acc: 0.9688
2025-11-24 10:37:21,957 - VGG_MNIST_logger - INFO - Epoch 3 [701/1875 (37.4%)] Loss: 0.0091 Acc: 1.0000
2025-11-24 10:37:22,562 - VGG_MNIST_logger - INFO - Epoch 3 [711/1875 (37.9%)] Loss: 0.1025 Acc: 1.0000
2025-11-24 10:37:23,165 - VGG_MNIST_logger - INFO - Epoch 3 [721/1875 (38.5%)] Loss: 0.0384 Acc: 1.0000
2025-11-24 10:37:23,768 - VGG_MNIST_logger - INFO - Epoch 3 [731/1875 (39.0%)] Loss: 0.0818 Acc: 0.9688
2025-11-24 10:37:24,365 - VGG_MNIST_logger - INFO - Epoch 3 [741/1875 (39.5%)] Loss: 0.0048 Acc: 1.0000
2025-11-24 10:37:24,971 - VGG_MNIST_logger - INFO - Epoch 3 [751/1875 (40.1%)] Loss: 0.0962 Acc: 0.9688
2025-11-24 10:37:25,570 - VGG_MNIST_logger - INFO - Epoch 3 [761/1875 (40.6%)] Loss: 0.0118 Acc: 1.0000
2025-11-24 10:37:26,169 - VGG_MNIST_logger - INFO - Epoch 3 [771/1875 (41.1%)] Loss: 0.0085 Acc: 1.0000
2025-11-24 10:37:26,767 - VGG_MNIST_logger - INFO - Epoch 3 [781/1875 (41.7%)] Loss: 0.0025 Acc: 1.0000
2025-11-24 10:37:27,463 - VGG_MNIST_logger - INFO - Epoch 3 [791/1875 (42.2%)] Loss: 0.0011 Acc: 1.0000
2025-11-24 10:37:28,065 - VGG_MNIST_logger - INFO - Epoch 3 [801/1875 (42.7%)] Loss: 0.1161 Acc: 1.0000
2025-11-24 10:37:28,660 - VGG_MNIST_logger - INFO - Epoch 3 [811/1875 (43.3%)] Loss: 0.0932 Acc: 1.0000
2025-11-24 10:37:29,261 - VGG_MNIST_logger - INFO - Epoch 3 [821/1875 (43.8%)] Loss: 0.0105 Acc: 1.0000
2025-11-24 10:37:29,858 - VGG_MNIST_logger - INFO - Epoch 3 [831/1875 (44.3%)] Loss: 0.0279 Acc: 1.0000
2025-11-24 10:37:30,454 - VGG_MNIST_logger - INFO - Epoch 3 [841/1875 (44.9%)] Loss: 0.0005 Acc: 1.0000
2025-11-24 10:37:31,056 - VGG_MNIST_logger - INFO - Epoch 3 [851/1875 (45.4%)] Loss: 0.0044 Acc: 1.0000
2025-11-24 10:37:31,651 - VGG_MNIST_logger - INFO - Epoch 3 [861/1875 (45.9%)] Loss: 0.0111 Acc: 0.9688
2025-11-24 10:37:32,255 - VGG_MNIST_logger - INFO - Epoch 3 [871/1875 (46.5%)] Loss: 0.0813 Acc: 1.0000
2025-11-24 10:37:32,942 - VGG_MNIST_logger - INFO - Epoch 3 [881/1875 (47.0%)] Loss: 0.0081 Acc: 1.0000
2025-11-24 10:37:33,545 - VGG_MNIST_logger - INFO - Epoch 3 [891/1875 (47.5%)] Loss: 0.1140 Acc: 1.0000
2025-11-24 10:37:34,145 - VGG_MNIST_logger - INFO - Epoch 3 [901/1875 (48.1%)] Loss: 0.0306 Acc: 1.0000
2025-11-24 10:37:34,744 - VGG_MNIST_logger - INFO - Epoch 3 [911/1875 (48.6%)] Loss: 0.0066 Acc: 1.0000
2025-11-24 10:37:35,347 - VGG_MNIST_logger - INFO - Epoch 3 [921/1875 (49.1%)] Loss: 0.0055 Acc: 1.0000
2025-11-24 10:37:35,943 - VGG_MNIST_logger - INFO - Epoch 3 [931/1875 (49.7%)] Loss: 0.0010 Acc: 1.0000
2025-11-24 10:37:36,542 - VGG_MNIST_logger - INFO - Epoch 3 [941/1875 (50.2%)] Loss: 0.1283 Acc: 1.0000
2025-11-24 10:37:37,141 - VGG_MNIST_logger - INFO - Epoch 3 [951/1875 (50.7%)] Loss: 0.2301 Acc: 0.9688
2025-11-24 10:37:37,743 - VGG_MNIST_logger - INFO - Epoch 3 [961/1875 (51.3%)] Loss: 0.2741 Acc: 0.9375
2025-11-24 10:37:38,433 - VGG_MNIST_logger - INFO - Epoch 3 [971/1875 (51.8%)] Loss: 0.0026 Acc: 1.0000
2025-11-24 10:37:39,030 - VGG_MNIST_logger - INFO - Epoch 3 [981/1875 (52.3%)] Loss: 0.0005 Acc: 1.0000
2025-11-24 10:37:39,633 - VGG_MNIST_logger - INFO - Epoch 3 [991/1875 (52.9%)] Loss: 0.0139 Acc: 1.0000
2025-11-24 10:37:40,229 - VGG_MNIST_logger - INFO - Epoch 3 [1001/1875 (53.4%)] Loss: 0.0108 Acc: 1.0000
2025-11-24 10:37:40,836 - VGG_MNIST_logger - INFO - Epoch 3 [1011/1875 (53.9%)] Loss: 0.0177 Acc: 1.0000
2025-11-24 10:37:41,437 - VGG_MNIST_logger - INFO - Epoch 3 [1021/1875 (54.5%)] Loss: 0.0097 Acc: 1.0000
2025-11-24 10:37:42,033 - VGG_MNIST_logger - INFO - Epoch 3 [1031/1875 (55.0%)] Loss: 0.0022 Acc: 1.0000
2025-11-24 10:37:42,638 - VGG_MNIST_logger - INFO - Epoch 3 [1041/1875 (55.5%)] Loss: 0.0668 Acc: 1.0000
2025-11-24 10:37:43,235 - VGG_MNIST_logger - INFO - Epoch 3 [1051/1875 (56.1%)] Loss: 0.0150 Acc: 1.0000
2025-11-24 10:37:43,927 - VGG_MNIST_logger - INFO - Epoch 3 [1061/1875 (56.6%)] Loss: 0.0485 Acc: 1.0000
2025-11-24 10:37:44,527 - VGG_MNIST_logger - INFO - Epoch 3 [1071/1875 (57.1%)] Loss: 0.0210 Acc: 1.0000
2025-11-24 10:37:45,123 - VGG_MNIST_logger - INFO - Epoch 3 [1081/1875 (57.7%)] Loss: 0.0119 Acc: 1.0000
2025-11-24 10:37:45,724 - VGG_MNIST_logger - INFO - Epoch 3 [1091/1875 (58.2%)] Loss: 0.0945 Acc: 1.0000
2025-11-24 10:37:46,317 - VGG_MNIST_logger - INFO - Epoch 3 [1101/1875 (58.7%)] Loss: 0.2760 Acc: 1.0000
2025-11-24 10:37:46,917 - VGG_MNIST_logger - INFO - Epoch 3 [1111/1875 (59.3%)] Loss: 0.1919 Acc: 0.9688
2025-11-24 10:37:47,516 - VGG_MNIST_logger - INFO - Epoch 3 [1121/1875 (59.8%)] Loss: 0.1735 Acc: 1.0000
2025-11-24 10:37:48,113 - VGG_MNIST_logger - INFO - Epoch 3 [1131/1875 (60.3%)] Loss: 0.0192 Acc: 1.0000
2025-11-24 10:37:48,715 - VGG_MNIST_logger - INFO - Epoch 3 [1141/1875 (60.9%)] Loss: 0.0082 Acc: 1.0000
2025-11-24 10:37:49,406 - VGG_MNIST_logger - INFO - Epoch 3 [1151/1875 (61.4%)] Loss: 0.1877 Acc: 0.9688
2025-11-24 10:37:50,011 - VGG_MNIST_logger - INFO - Epoch 3 [1161/1875 (61.9%)] Loss: 0.0076 Acc: 1.0000
2025-11-24 10:37:50,609 - VGG_MNIST_logger - INFO - Epoch 3 [1171/1875 (62.5%)] Loss: 0.0062 Acc: 1.0000
2025-11-24 10:37:51,205 - VGG_MNIST_logger - INFO - Epoch 3 [1181/1875 (63.0%)] Loss: 0.0003 Acc: 1.0000
2025-11-24 10:37:51,811 - VGG_MNIST_logger - INFO - Epoch 3 [1191/1875 (63.5%)] Loss: 0.0061 Acc: 1.0000
2025-11-24 10:37:52,407 - VGG_MNIST_logger - INFO - Epoch 3 [1201/1875 (64.1%)] Loss: 0.0871 Acc: 0.9688
2025-11-24 10:37:53,086 - VGG_MNIST_logger - INFO - Epoch 3 [1211/1875 (64.6%)] Loss: 0.0002 Acc: 1.0000
2025-11-24 10:37:53,678 - VGG_MNIST_logger - INFO - Epoch 3 [1221/1875 (65.1%)] Loss: 0.0469 Acc: 1.0000
2025-11-24 10:37:54,298 - VGG_MNIST_logger - INFO - Epoch 3 [1231/1875 (65.7%)] Loss: 0.0054 Acc: 1.0000
2025-11-24 10:37:54,989 - VGG_MNIST_logger - INFO - Epoch 3 [1241/1875 (66.2%)] Loss: 0.0429 Acc: 1.0000
2025-11-24 10:37:55,584 - VGG_MNIST_logger - INFO - Epoch 3 [1251/1875 (66.7%)] Loss: 0.0027 Acc: 1.0000
2025-11-24 10:37:56,171 - VGG_MNIST_logger - INFO - Epoch 3 [1261/1875 (67.3%)] Loss: 0.0001 Acc: 1.0000
2025-11-24 10:37:56,763 - VGG_MNIST_logger - INFO - Epoch 3 [1271/1875 (67.8%)] Loss: 0.2942 Acc: 1.0000
2025-11-24 10:37:57,368 - VGG_MNIST_logger - INFO - Epoch 3 [1281/1875 (68.3%)] Loss: 0.2871 Acc: 1.0000
2025-11-24 10:37:57,961 - VGG_MNIST_logger - INFO - Epoch 3 [1291/1875 (68.9%)] Loss: 0.0238 Acc: 1.0000
2025-11-24 10:37:58,563 - VGG_MNIST_logger - INFO - Epoch 3 [1301/1875 (69.4%)] Loss: 0.0230 Acc: 1.0000
2025-11-24 10:37:59,162 - VGG_MNIST_logger - INFO - Epoch 3 [1311/1875 (69.9%)] Loss: 0.0217 Acc: 1.0000
2025-11-24 10:37:59,758 - VGG_MNIST_logger - INFO - Epoch 3 [1321/1875 (70.5%)] Loss: 0.0022 Acc: 1.0000
2025-11-24 10:38:00,449 - VGG_MNIST_logger - INFO - Epoch 3 [1331/1875 (71.0%)] Loss: 0.0001 Acc: 1.0000
2025-11-24 10:38:01,046 - VGG_MNIST_logger - INFO - Epoch 3 [1341/1875 (71.5%)] Loss: 0.1465 Acc: 1.0000
2025-11-24 10:38:01,645 - VGG_MNIST_logger - INFO - Epoch 3 [1351/1875 (72.1%)] Loss: 0.0022 Acc: 1.0000
2025-11-24 10:38:02,242 - VGG_MNIST_logger - INFO - Epoch 3 [1361/1875 (72.6%)] Loss: 0.1840 Acc: 0.9688
2025-11-24 10:38:02,842 - VGG_MNIST_logger - INFO - Epoch 3 [1371/1875 (73.1%)] Loss: 0.0159 Acc: 1.0000
2025-11-24 10:38:03,445 - VGG_MNIST_logger - INFO - Epoch 3 [1381/1875 (73.7%)] Loss: 0.0336 Acc: 1.0000
2025-11-24 10:38:04,041 - VGG_MNIST_logger - INFO - Epoch 3 [1391/1875 (74.2%)] Loss: 0.0030 Acc: 1.0000
2025-11-24 10:38:04,643 - VGG_MNIST_logger - INFO - Epoch 3 [1401/1875 (74.7%)] Loss: 0.0007 Acc: 0.9688
2025-11-24 10:38:05,244 - VGG_MNIST_logger - INFO - Epoch 3 [1411/1875 (75.3%)] Loss: 0.0253 Acc: 1.0000
2025-11-24 10:38:05,945 - VGG_MNIST_logger - INFO - Epoch 3 [1421/1875 (75.8%)] Loss: 0.0064 Acc: 1.0000
2025-11-24 10:38:06,549 - VGG_MNIST_logger - INFO - Epoch 3 [1431/1875 (76.3%)] Loss: 0.0012 Acc: 1.0000
2025-11-24 10:38:07,152 - VGG_MNIST_logger - INFO - Epoch 3 [1441/1875 (76.9%)] Loss: 0.0034 Acc: 1.0000
2025-11-24 10:38:07,754 - VGG_MNIST_logger - INFO - Epoch 3 [1451/1875 (77.4%)] Loss: 0.0080 Acc: 1.0000
2025-11-24 10:38:08,358 - VGG_MNIST_logger - INFO - Epoch 3 [1461/1875 (77.9%)] Loss: 0.0205 Acc: 1.0000
2025-11-24 10:38:08,960 - VGG_MNIST_logger - INFO - Epoch 3 [1471/1875 (78.5%)] Loss: 0.0008 Acc: 1.0000
2025-11-24 10:38:09,549 - VGG_MNIST_logger - INFO - Epoch 3 [1481/1875 (79.0%)] Loss: 0.0086 Acc: 1.0000
2025-11-24 10:38:10,151 - VGG_MNIST_logger - INFO - Epoch 3 [1491/1875 (79.5%)] Loss: 0.0015 Acc: 1.0000
2025-11-24 10:38:10,780 - VGG_MNIST_logger - INFO - Epoch 3 [1501/1875 (80.1%)] Loss: 0.1039 Acc: 1.0000
2025-11-24 10:38:11,502 - VGG_MNIST_logger - INFO - Epoch 3 [1511/1875 (80.6%)] Loss: 0.0005 Acc: 1.0000
2025-11-24 10:38:12,099 - VGG_MNIST_logger - INFO - Epoch 3 [1521/1875 (81.1%)] Loss: 0.0906 Acc: 1.0000
2025-11-24 10:38:12,694 - VGG_MNIST_logger - INFO - Epoch 3 [1531/1875 (81.7%)] Loss: 0.0041 Acc: 1.0000
2025-11-24 10:38:13,298 - VGG_MNIST_logger - INFO - Epoch 3 [1541/1875 (82.2%)] Loss: 0.0005 Acc: 1.0000
2025-11-24 10:38:13,896 - VGG_MNIST_logger - INFO - Epoch 3 [1551/1875 (82.7%)] Loss: 0.0031 Acc: 1.0000
2025-11-24 10:38:14,495 - VGG_MNIST_logger - INFO - Epoch 3 [1561/1875 (83.3%)] Loss: 0.0127 Acc: 1.0000
2025-11-24 10:38:15,097 - VGG_MNIST_logger - INFO - Epoch 3 [1571/1875 (83.8%)] Loss: 0.0174 Acc: 1.0000
2025-11-24 10:38:15,695 - VGG_MNIST_logger - INFO - Epoch 3 [1581/1875 (84.3%)] Loss: 0.0628 Acc: 1.0000
2025-11-24 10:38:16,288 - VGG_MNIST_logger - INFO - Epoch 3 [1591/1875 (84.9%)] Loss: 0.1181 Acc: 0.9688
2025-11-24 10:38:16,976 - VGG_MNIST_logger - INFO - Epoch 3 [1601/1875 (85.4%)] Loss: 0.0294 Acc: 0.9688
2025-11-24 10:38:17,609 - VGG_MNIST_logger - INFO - Epoch 3 [1611/1875 (85.9%)] Loss: 0.0673 Acc: 1.0000
2025-11-24 10:38:18,205 - VGG_MNIST_logger - INFO - Epoch 3 [1621/1875 (86.5%)] Loss: 0.1128 Acc: 0.9688
2025-11-24 10:38:18,811 - VGG_MNIST_logger - INFO - Epoch 3 [1631/1875 (87.0%)] Loss: 0.0009 Acc: 1.0000
2025-11-24 10:38:19,412 - VGG_MNIST_logger - INFO - Epoch 3 [1641/1875 (87.5%)] Loss: 0.0168 Acc: 1.0000
2025-11-24 10:38:19,997 - VGG_MNIST_logger - INFO - Epoch 3 [1651/1875 (88.1%)] Loss: 0.0007 Acc: 1.0000
2025-11-24 10:38:20,668 - VGG_MNIST_logger - INFO - Epoch 3 [1661/1875 (88.6%)] Loss: 0.0122 Acc: 1.0000
2025-11-24 10:38:21,274 - VGG_MNIST_logger - INFO - Epoch 3 [1671/1875 (89.1%)] Loss: 0.0155 Acc: 1.0000
2025-11-24 10:38:21,860 - VGG_MNIST_logger - INFO - Epoch 3 [1681/1875 (89.7%)] Loss: 0.0404 Acc: 1.0000
2025-11-24 10:38:22,436 - VGG_MNIST_logger - INFO - Epoch 3 [1691/1875 (90.2%)] Loss: 0.0226 Acc: 1.0000
2025-11-24 10:38:23,011 - VGG_MNIST_logger - INFO - Epoch 3 [1701/1875 (90.7%)] Loss: 0.0017 Acc: 1.0000
2025-11-24 10:38:23,588 - VGG_MNIST_logger - INFO - Epoch 3 [1711/1875 (91.3%)] Loss: 0.0106 Acc: 1.0000
2025-11-24 10:38:24,157 - VGG_MNIST_logger - INFO - Epoch 3 [1721/1875 (91.8%)] Loss: 0.0318 Acc: 1.0000
2025-11-24 10:38:24,734 - VGG_MNIST_logger - INFO - Epoch 3 [1731/1875 (92.3%)] Loss: 0.0046 Acc: 1.0000
2025-11-24 10:38:25,306 - VGG_MNIST_logger - INFO - Epoch 3 [1741/1875 (92.9%)] Loss: 0.0090 Acc: 1.0000
2025-11-24 10:38:25,881 - VGG_MNIST_logger - INFO - Epoch 3 [1751/1875 (93.4%)] Loss: 0.0022 Acc: 1.0000
2025-11-24 10:38:26,452 - VGG_MNIST_logger - INFO - Epoch 3 [1761/1875 (93.9%)] Loss: 0.0072 Acc: 1.0000
2025-11-24 10:38:27,036 - VGG_MNIST_logger - INFO - Epoch 3 [1771/1875 (94.5%)] Loss: 0.0250 Acc: 1.0000
2025-11-24 10:38:27,621 - VGG_MNIST_logger - INFO - Epoch 3 [1781/1875 (95.0%)] Loss: 0.3683 Acc: 0.9688
2025-11-24 10:38:28,192 - VGG_MNIST_logger - INFO - Epoch 3 [1791/1875 (95.5%)] Loss: 0.0195 Acc: 1.0000
2025-11-24 10:38:28,771 - VGG_MNIST_logger - INFO - Epoch 3 [1801/1875 (96.1%)] Loss: 0.0046 Acc: 1.0000
2025-11-24 10:38:29,343 - VGG_MNIST_logger - INFO - Epoch 3 [1811/1875 (96.6%)] Loss: 0.1781 Acc: 0.9688
2025-11-24 10:38:29,924 - VGG_MNIST_logger - INFO - Epoch 3 [1821/1875 (97.1%)] Loss: 0.0029 Acc: 1.0000
2025-11-24 10:38:30,499 - VGG_MNIST_logger - INFO - Epoch 3 [1831/1875 (97.7%)] Loss: 0.0245 Acc: 1.0000
2025-11-24 10:38:31,077 - VGG_MNIST_logger - INFO - Epoch 3 [1841/1875 (98.2%)] Loss: 0.0231 Acc: 1.0000
2025-11-24 10:38:31,652 - VGG_MNIST_logger - INFO - Epoch 3 [1851/1875 (98.7%)] Loss: 0.0180 Acc: 1.0000
2025-11-24 10:38:32,239 - VGG_MNIST_logger - INFO - Epoch 3 [1861/1875 (99.3%)] Loss: 0.0024 Acc: 1.0000
2025-11-24 10:38:32,826 - VGG_MNIST_logger - INFO - Epoch 3 [1871/1875 (99.8%)] Loss: 0.0007 Acc: 1.0000
2025-11-24 10:39:08,055 - VGG_MNIST_logger - INFO - Epoch   3 | Train Loss: 0.0531 | Train Acc: 0.9919 | Val Loss: 0.0316 | Val Acc: 0.0316
2025-11-24 10:39:08,131 - VGG_MNIST_logger - INFO - Epoch 4 [1/1875 (0.1%)] Loss: 0.0266 Acc: 1.0000
2025-11-24 10:39:08,710 - VGG_MNIST_logger - INFO - Epoch 4 [11/1875 (0.6%)] Loss: 0.0339 Acc: 0.9688
2025-11-24 10:39:09,289 - VGG_MNIST_logger - INFO - Epoch 4 [21/1875 (1.1%)] Loss: 0.0175 Acc: 1.0000
2025-11-24 10:39:09,875 - VGG_MNIST_logger - INFO - Epoch 4 [31/1875 (1.7%)] Loss: 0.0054 Acc: 1.0000
2025-11-24 10:39:10,456 - VGG_MNIST_logger - INFO - Epoch 4 [41/1875 (2.2%)] Loss: 0.0073 Acc: 1.0000
2025-11-24 10:39:11,033 - VGG_MNIST_logger - INFO - Epoch 4 [51/1875 (2.7%)] Loss: 0.2588 Acc: 0.9688
2025-11-24 10:39:11,619 - VGG_MNIST_logger - INFO - Epoch 4 [61/1875 (3.3%)] Loss: 0.0330 Acc: 1.0000
2025-11-24 10:39:12,192 - VGG_MNIST_logger - INFO - Epoch 4 [71/1875 (3.8%)] Loss: 0.0183 Acc: 1.0000
2025-11-24 10:39:12,768 - VGG_MNIST_logger - INFO - Epoch 4 [81/1875 (4.3%)] Loss: 0.0010 Acc: 1.0000
2025-11-24 10:39:13,352 - VGG_MNIST_logger - INFO - Epoch 4 [91/1875 (4.9%)] Loss: 0.0011 Acc: 1.0000
2025-11-24 10:39:13,938 - VGG_MNIST_logger - INFO - Epoch 4 [101/1875 (5.4%)] Loss: 0.0036 Acc: 1.0000
2025-11-24 10:39:14,523 - VGG_MNIST_logger - INFO - Epoch 4 [111/1875 (5.9%)] Loss: 0.0633 Acc: 0.9688
2025-11-24 10:39:15,102 - VGG_MNIST_logger - INFO - Epoch 4 [121/1875 (6.5%)] Loss: 0.0144 Acc: 1.0000
2025-11-24 10:39:15,695 - VGG_MNIST_logger - INFO - Epoch 4 [131/1875 (7.0%)] Loss: 0.0113 Acc: 1.0000
2025-11-24 10:39:16,292 - VGG_MNIST_logger - INFO - Epoch 4 [141/1875 (7.5%)] Loss: 0.0036 Acc: 1.0000
2025-11-24 10:39:16,886 - VGG_MNIST_logger - INFO - Epoch 4 [151/1875 (8.1%)] Loss: 0.0077 Acc: 1.0000
2025-11-24 10:39:17,468 - VGG_MNIST_logger - INFO - Epoch 4 [161/1875 (8.6%)] Loss: 0.0007 Acc: 1.0000
2025-11-24 10:39:18,054 - VGG_MNIST_logger - INFO - Epoch 4 [171/1875 (9.1%)] Loss: 0.0006 Acc: 1.0000
2025-11-24 10:39:18,684 - VGG_MNIST_logger - INFO - Epoch 4 [181/1875 (9.7%)] Loss: 0.0045 Acc: 1.0000
2025-11-24 10:39:19,343 - VGG_MNIST_logger - INFO - Epoch 4 [191/1875 (10.2%)] Loss: 0.0416 Acc: 1.0000
2025-11-24 10:39:19,950 - VGG_MNIST_logger - INFO - Epoch 4 [201/1875 (10.7%)] Loss: 0.0629 Acc: 0.9688
2025-11-24 10:39:20,581 - VGG_MNIST_logger - INFO - Epoch 4 [211/1875 (11.3%)] Loss: 0.1518 Acc: 0.9375
2025-11-24 10:39:21,159 - VGG_MNIST_logger - INFO - Epoch 4 [221/1875 (11.8%)] Loss: 0.0122 Acc: 0.9688
2025-11-24 10:39:21,731 - VGG_MNIST_logger - INFO - Epoch 4 [231/1875 (12.3%)] Loss: 0.0348 Acc: 1.0000
2025-11-24 10:39:22,300 - VGG_MNIST_logger - INFO - Epoch 4 [241/1875 (12.9%)] Loss: 0.0038 Acc: 1.0000
2025-11-24 10:39:22,867 - VGG_MNIST_logger - INFO - Epoch 4 [251/1875 (13.4%)] Loss: 0.0007 Acc: 1.0000
2025-11-24 10:39:23,442 - VGG_MNIST_logger - INFO - Epoch 4 [261/1875 (13.9%)] Loss: 0.0100 Acc: 1.0000
2025-11-24 10:39:24,017 - VGG_MNIST_logger - INFO - Epoch 4 [271/1875 (14.5%)] Loss: 0.0299 Acc: 0.9688
2025-11-24 10:39:24,594 - VGG_MNIST_logger - INFO - Epoch 4 [281/1875 (15.0%)] Loss: 0.0994 Acc: 0.9688
2025-11-24 10:39:25,156 - VGG_MNIST_logger - INFO - Epoch 4 [291/1875 (15.5%)] Loss: 0.0030 Acc: 0.9688
2025-11-24 10:39:25,714 - VGG_MNIST_logger - INFO - Epoch 4 [301/1875 (16.1%)] Loss: 0.0029 Acc: 1.0000
2025-11-24 10:39:26,280 - VGG_MNIST_logger - INFO - Epoch 4 [311/1875 (16.6%)] Loss: 0.0928 Acc: 1.0000
2025-11-24 10:39:26,845 - VGG_MNIST_logger - INFO - Epoch 4 [321/1875 (17.1%)] Loss: 0.0017 Acc: 1.0000
2025-11-24 10:39:27,423 - VGG_MNIST_logger - INFO - Epoch 4 [331/1875 (17.7%)] Loss: 0.0053 Acc: 1.0000
2025-11-24 10:39:27,999 - VGG_MNIST_logger - INFO - Epoch 4 [341/1875 (18.2%)] Loss: 0.0070 Acc: 1.0000
2025-11-24 10:39:28,577 - VGG_MNIST_logger - INFO - Epoch 4 [351/1875 (18.7%)] Loss: 0.1297 Acc: 0.9688
2025-11-24 10:39:29,149 - VGG_MNIST_logger - INFO - Epoch 4 [361/1875 (19.3%)] Loss: 0.0074 Acc: 1.0000
2025-11-24 10:39:29,730 - VGG_MNIST_logger - INFO - Epoch 4 [371/1875 (19.8%)] Loss: 0.0268 Acc: 1.0000
2025-11-24 10:39:30,316 - VGG_MNIST_logger - INFO - Epoch 4 [381/1875 (20.3%)] Loss: 0.1783 Acc: 0.9688
2025-11-24 10:39:30,922 - VGG_MNIST_logger - INFO - Epoch 4 [391/1875 (20.9%)] Loss: 0.0113 Acc: 1.0000
2025-11-24 10:39:31,511 - VGG_MNIST_logger - INFO - Epoch 4 [401/1875 (21.4%)] Loss: 0.0003 Acc: 1.0000
2025-11-24 10:39:32,094 - VGG_MNIST_logger - INFO - Epoch 4 [411/1875 (21.9%)] Loss: 0.0288 Acc: 1.0000
2025-11-24 10:39:32,682 - VGG_MNIST_logger - INFO - Epoch 4 [421/1875 (22.5%)] Loss: 0.0025 Acc: 1.0000
2025-11-24 10:39:33,251 - VGG_MNIST_logger - INFO - Epoch 4 [431/1875 (23.0%)] Loss: 0.0045 Acc: 0.9688
2025-11-24 10:39:33,831 - VGG_MNIST_logger - INFO - Epoch 4 [441/1875 (23.5%)] Loss: 0.0708 Acc: 1.0000
2025-11-24 10:39:34,406 - VGG_MNIST_logger - INFO - Epoch 4 [451/1875 (24.1%)] Loss: 0.2020 Acc: 0.9688
2025-11-24 10:39:34,981 - VGG_MNIST_logger - INFO - Epoch 4 [461/1875 (24.6%)] Loss: 0.0062 Acc: 1.0000
2025-11-24 10:39:35,553 - VGG_MNIST_logger - INFO - Epoch 4 [471/1875 (25.1%)] Loss: 0.1762 Acc: 0.9688
2025-11-24 10:39:36,137 - VGG_MNIST_logger - INFO - Epoch 4 [481/1875 (25.7%)] Loss: 0.0045 Acc: 1.0000
2025-11-24 10:39:36,752 - VGG_MNIST_logger - INFO - Epoch 4 [491/1875 (26.2%)] Loss: 0.0273 Acc: 1.0000
2025-11-24 10:39:37,358 - VGG_MNIST_logger - INFO - Epoch 4 [501/1875 (26.7%)] Loss: 0.0299 Acc: 1.0000
2025-11-24 10:39:37,939 - VGG_MNIST_logger - INFO - Epoch 4 [511/1875 (27.3%)] Loss: 0.0987 Acc: 1.0000
2025-11-24 10:39:38,511 - VGG_MNIST_logger - INFO - Epoch 4 [521/1875 (27.8%)] Loss: 0.3603 Acc: 0.9688
2025-11-24 10:39:39,111 - VGG_MNIST_logger - INFO - Epoch 4 [531/1875 (28.3%)] Loss: 0.0067 Acc: 1.0000
2025-11-24 10:39:39,714 - VGG_MNIST_logger - INFO - Epoch 4 [541/1875 (28.9%)] Loss: 0.0012 Acc: 1.0000
2025-11-24 10:39:40,330 - VGG_MNIST_logger - INFO - Epoch 4 [551/1875 (29.4%)] Loss: 0.0294 Acc: 1.0000
2025-11-24 10:39:40,917 - VGG_MNIST_logger - INFO - Epoch 4 [561/1875 (29.9%)] Loss: 0.0017 Acc: 1.0000
2025-11-24 10:39:41,498 - VGG_MNIST_logger - INFO - Epoch 4 [571/1875 (30.5%)] Loss: 0.0084 Acc: 1.0000
2025-11-24 10:39:42,084 - VGG_MNIST_logger - INFO - Epoch 4 [581/1875 (31.0%)] Loss: 0.0644 Acc: 1.0000
2025-11-24 10:39:42,666 - VGG_MNIST_logger - INFO - Epoch 4 [591/1875 (31.5%)] Loss: 0.0346 Acc: 1.0000
2025-11-24 10:39:43,261 - VGG_MNIST_logger - INFO - Epoch 4 [601/1875 (32.1%)] Loss: 0.0062 Acc: 1.0000
2025-11-24 10:39:43,894 - VGG_MNIST_logger - INFO - Epoch 4 [611/1875 (32.6%)] Loss: 0.0046 Acc: 1.0000
2025-11-24 10:39:44,465 - VGG_MNIST_logger - INFO - Epoch 4 [621/1875 (33.1%)] Loss: 0.0056 Acc: 1.0000
2025-11-24 10:39:45,042 - VGG_MNIST_logger - INFO - Epoch 4 [631/1875 (33.7%)] Loss: 0.0059 Acc: 1.0000
2025-11-24 10:39:45,626 - VGG_MNIST_logger - INFO - Epoch 4 [641/1875 (34.2%)] Loss: 0.0044 Acc: 1.0000
2025-11-24 10:39:46,197 - VGG_MNIST_logger - INFO - Epoch 4 [651/1875 (34.7%)] Loss: 0.0020 Acc: 1.0000
2025-11-24 10:39:46,766 - VGG_MNIST_logger - INFO - Epoch 4 [661/1875 (35.3%)] Loss: 0.0017 Acc: 1.0000
2025-11-24 10:39:47,392 - VGG_MNIST_logger - INFO - Epoch 4 [671/1875 (35.8%)] Loss: 0.0152 Acc: 0.9688
2025-11-24 10:39:48,009 - VGG_MNIST_logger - INFO - Epoch 4 [681/1875 (36.3%)] Loss: 0.2054 Acc: 1.0000
2025-11-24 10:39:48,616 - VGG_MNIST_logger - INFO - Epoch 4 [691/1875 (36.9%)] Loss: 0.0137 Acc: 1.0000
2025-11-24 10:39:49,221 - VGG_MNIST_logger - INFO - Epoch 4 [701/1875 (37.4%)] Loss: 0.0028 Acc: 1.0000
2025-11-24 10:39:49,797 - VGG_MNIST_logger - INFO - Epoch 4 [711/1875 (37.9%)] Loss: 0.0310 Acc: 1.0000
2025-11-24 10:39:50,366 - VGG_MNIST_logger - INFO - Epoch 4 [721/1875 (38.5%)] Loss: 0.0136 Acc: 1.0000
2025-11-24 10:39:50,945 - VGG_MNIST_logger - INFO - Epoch 4 [731/1875 (39.0%)] Loss: 0.0007 Acc: 1.0000
2025-11-24 10:39:51,518 - VGG_MNIST_logger - INFO - Epoch 4 [741/1875 (39.5%)] Loss: 0.0233 Acc: 1.0000
2025-11-24 10:39:52,084 - VGG_MNIST_logger - INFO - Epoch 4 [751/1875 (40.1%)] Loss: 0.0089 Acc: 1.0000
2025-11-24 10:39:52,649 - VGG_MNIST_logger - INFO - Epoch 4 [761/1875 (40.6%)] Loss: 0.1399 Acc: 0.9688
2025-11-24 10:39:53,211 - VGG_MNIST_logger - INFO - Epoch 4 [771/1875 (41.1%)] Loss: 0.0008 Acc: 1.0000
2025-11-24 10:39:53,785 - VGG_MNIST_logger - INFO - Epoch 4 [781/1875 (41.7%)] Loss: 0.0004 Acc: 1.0000
2025-11-24 10:39:54,351 - VGG_MNIST_logger - INFO - Epoch 4 [791/1875 (42.2%)] Loss: 0.0034 Acc: 1.0000
2025-11-24 10:39:54,926 - VGG_MNIST_logger - INFO - Epoch 4 [801/1875 (42.7%)] Loss: 0.0133 Acc: 1.0000
2025-11-24 10:39:55,608 - VGG_MNIST_logger - INFO - Epoch 4 [811/1875 (43.3%)] Loss: 0.0122 Acc: 1.0000
2025-11-24 10:39:56,180 - VGG_MNIST_logger - INFO - Epoch 4 [821/1875 (43.8%)] Loss: 0.0083 Acc: 1.0000
2025-11-24 10:39:56,758 - VGG_MNIST_logger - INFO - Epoch 4 [831/1875 (44.3%)] Loss: 0.0083 Acc: 1.0000
2025-11-24 10:39:57,329 - VGG_MNIST_logger - INFO - Epoch 4 [841/1875 (44.9%)] Loss: 0.0021 Acc: 1.0000
2025-11-24 10:39:57,919 - VGG_MNIST_logger - INFO - Epoch 4 [851/1875 (45.4%)] Loss: 0.0326 Acc: 1.0000
2025-11-24 10:39:58,493 - VGG_MNIST_logger - INFO - Epoch 4 [861/1875 (45.9%)] Loss: 0.0286 Acc: 1.0000
2025-11-24 10:39:59,089 - VGG_MNIST_logger - INFO - Epoch 4 [871/1875 (46.5%)] Loss: 0.1226 Acc: 1.0000
2025-11-24 10:39:59,679 - VGG_MNIST_logger - INFO - Epoch 4 [881/1875 (47.0%)] Loss: 0.0005 Acc: 1.0000
2025-11-24 10:40:00,289 - VGG_MNIST_logger - INFO - Epoch 4 [891/1875 (47.5%)] Loss: 0.0002 Acc: 1.0000
2025-11-24 10:40:00,892 - VGG_MNIST_logger - INFO - Epoch 4 [901/1875 (48.1%)] Loss: 0.2991 Acc: 0.9375
2025-11-24 10:40:01,494 - VGG_MNIST_logger - INFO - Epoch 4 [911/1875 (48.6%)] Loss: 0.0133 Acc: 0.9688
2025-11-24 10:40:02,072 - VGG_MNIST_logger - INFO - Epoch 4 [921/1875 (49.1%)] Loss: 0.0966 Acc: 1.0000
2025-11-24 10:40:02,675 - VGG_MNIST_logger - INFO - Epoch 4 [931/1875 (49.7%)] Loss: 0.0405 Acc: 0.9688
2025-11-24 10:40:03,254 - VGG_MNIST_logger - INFO - Epoch 4 [941/1875 (50.2%)] Loss: 0.0125 Acc: 1.0000
2025-11-24 10:40:03,839 - VGG_MNIST_logger - INFO - Epoch 4 [951/1875 (50.7%)] Loss: 0.0895 Acc: 1.0000
2025-11-24 10:40:04,411 - VGG_MNIST_logger - INFO - Epoch 4 [961/1875 (51.3%)] Loss: 0.0372 Acc: 1.0000
2025-11-24 10:40:04,975 - VGG_MNIST_logger - INFO - Epoch 4 [971/1875 (51.8%)] Loss: 0.0041 Acc: 1.0000
2025-11-24 10:40:05,554 - VGG_MNIST_logger - INFO - Epoch 4 [981/1875 (52.3%)] Loss: 0.0044 Acc: 1.0000
2025-11-24 10:40:06,122 - VGG_MNIST_logger - INFO - Epoch 4 [991/1875 (52.9%)] Loss: 0.0308 Acc: 1.0000
2025-11-24 10:40:06,694 - VGG_MNIST_logger - INFO - Epoch 4 [1001/1875 (53.4%)] Loss: 0.0805 Acc: 1.0000
2025-11-24 10:40:07,267 - VGG_MNIST_logger - INFO - Epoch 4 [1011/1875 (53.9%)] Loss: 0.0021 Acc: 1.0000
2025-11-24 10:40:07,839 - VGG_MNIST_logger - INFO - Epoch 4 [1021/1875 (54.5%)] Loss: 0.2544 Acc: 0.9688
2025-11-24 10:40:08,400 - VGG_MNIST_logger - INFO - Epoch 4 [1031/1875 (55.0%)] Loss: 0.1202 Acc: 1.0000
2025-11-24 10:40:08,968 - VGG_MNIST_logger - INFO - Epoch 4 [1041/1875 (55.5%)] Loss: 0.2264 Acc: 0.9375
2025-11-24 10:40:09,537 - VGG_MNIST_logger - INFO - Epoch 4 [1051/1875 (56.1%)] Loss: 0.0127 Acc: 1.0000
2025-11-24 10:40:10,100 - VGG_MNIST_logger - INFO - Epoch 4 [1061/1875 (56.6%)] Loss: 0.1138 Acc: 1.0000
2025-11-24 10:40:10,689 - VGG_MNIST_logger - INFO - Epoch 4 [1071/1875 (57.1%)] Loss: 0.0336 Acc: 1.0000
2025-11-24 10:40:11,275 - VGG_MNIST_logger - INFO - Epoch 4 [1081/1875 (57.7%)] Loss: 0.1772 Acc: 0.9688
2025-11-24 10:40:11,866 - VGG_MNIST_logger - INFO - Epoch 4 [1091/1875 (58.2%)] Loss: 0.4069 Acc: 0.9688
2025-11-24 10:40:12,459 - VGG_MNIST_logger - INFO - Epoch 4 [1101/1875 (58.7%)] Loss: 0.0863 Acc: 0.9688
2025-11-24 10:40:13,059 - VGG_MNIST_logger - INFO - Epoch 4 [1111/1875 (59.3%)] Loss: 0.0517 Acc: 1.0000
2025-11-24 10:40:13,641 - VGG_MNIST_logger - INFO - Epoch 4 [1121/1875 (59.8%)] Loss: 0.2665 Acc: 0.9688
2025-11-24 10:40:14,211 - VGG_MNIST_logger - INFO - Epoch 4 [1131/1875 (60.3%)] Loss: 0.0734 Acc: 0.9688
2025-11-24 10:40:14,812 - VGG_MNIST_logger - INFO - Epoch 4 [1141/1875 (60.9%)] Loss: 0.0202 Acc: 0.9688
2025-11-24 10:40:15,384 - VGG_MNIST_logger - INFO - Epoch 4 [1151/1875 (61.4%)] Loss: 0.2077 Acc: 1.0000
2025-11-24 10:40:15,952 - VGG_MNIST_logger - INFO - Epoch 4 [1161/1875 (61.9%)] Loss: 0.0012 Acc: 1.0000
2025-11-24 10:40:16,516 - VGG_MNIST_logger - INFO - Epoch 4 [1171/1875 (62.5%)] Loss: 0.0414 Acc: 0.9375
2025-11-24 10:40:17,089 - VGG_MNIST_logger - INFO - Epoch 4 [1181/1875 (63.0%)] Loss: 0.0820 Acc: 0.9688
2025-11-24 10:40:17,659 - VGG_MNIST_logger - INFO - Epoch 4 [1191/1875 (63.5%)] Loss: 0.0253 Acc: 1.0000
2025-11-24 10:40:18,227 - VGG_MNIST_logger - INFO - Epoch 4 [1201/1875 (64.1%)] Loss: 0.0009 Acc: 1.0000
2025-11-24 10:40:18,787 - VGG_MNIST_logger - INFO - Epoch 4 [1211/1875 (64.6%)] Loss: 0.0000 Acc: 1.0000
2025-11-24 10:40:19,357 - VGG_MNIST_logger - INFO - Epoch 4 [1221/1875 (65.1%)] Loss: 0.0006 Acc: 1.0000
2025-11-24 10:40:19,958 - VGG_MNIST_logger - INFO - Epoch 4 [1231/1875 (65.7%)] Loss: 0.0003 Acc: 1.0000
2025-11-24 10:40:20,555 - VGG_MNIST_logger - INFO - Epoch 4 [1241/1875 (66.2%)] Loss: 0.0255 Acc: 1.0000
2025-11-24 10:40:21,150 - VGG_MNIST_logger - INFO - Epoch 4 [1251/1875 (66.7%)] Loss: 0.1501 Acc: 1.0000
2025-11-24 10:40:21,758 - VGG_MNIST_logger - INFO - Epoch 4 [1261/1875 (67.3%)] Loss: 0.5110 Acc: 0.9375
2025-11-24 10:40:22,362 - VGG_MNIST_logger - INFO - Epoch 4 [1271/1875 (67.8%)] Loss: 0.0023 Acc: 1.0000
2025-11-24 10:40:22,979 - VGG_MNIST_logger - INFO - Epoch 4 [1281/1875 (68.3%)] Loss: 0.0679 Acc: 1.0000
2025-11-24 10:40:23,594 - VGG_MNIST_logger - INFO - Epoch 4 [1291/1875 (68.9%)] Loss: 0.0082 Acc: 1.0000
2025-11-24 10:40:24,217 - VGG_MNIST_logger - INFO - Epoch 4 [1301/1875 (69.4%)] Loss: 0.0450 Acc: 1.0000
2025-11-24 10:40:24,839 - VGG_MNIST_logger - INFO - Epoch 4 [1311/1875 (69.9%)] Loss: 0.0070 Acc: 1.0000
2025-11-24 10:40:25,440 - VGG_MNIST_logger - INFO - Epoch 4 [1321/1875 (70.5%)] Loss: 0.0922 Acc: 1.0000
2025-11-24 10:40:26,062 - VGG_MNIST_logger - INFO - Epoch 4 [1331/1875 (71.0%)] Loss: 0.0277 Acc: 1.0000
2025-11-24 10:40:26,669 - VGG_MNIST_logger - INFO - Epoch 4 [1341/1875 (71.5%)] Loss: 0.0098 Acc: 1.0000
2025-11-24 10:40:27,288 - VGG_MNIST_logger - INFO - Epoch 4 [1351/1875 (72.1%)] Loss: 0.0482 Acc: 1.0000
2025-11-24 10:40:27,958 - VGG_MNIST_logger - INFO - Epoch 4 [1361/1875 (72.6%)] Loss: 0.0149 Acc: 1.0000
2025-11-24 10:40:28,672 - VGG_MNIST_logger - INFO - Epoch 4 [1371/1875 (73.1%)] Loss: 0.0084 Acc: 1.0000
2025-11-24 10:40:29,303 - VGG_MNIST_logger - INFO - Epoch 4 [1381/1875 (73.7%)] Loss: 0.0006 Acc: 1.0000
2025-11-24 10:40:29,946 - VGG_MNIST_logger - INFO - Epoch 4 [1391/1875 (74.2%)] Loss: 0.0596 Acc: 1.0000
2025-11-24 10:40:30,588 - VGG_MNIST_logger - INFO - Epoch 4 [1401/1875 (74.7%)] Loss: 0.0039 Acc: 1.0000
2025-11-24 10:40:31,226 - VGG_MNIST_logger - INFO - Epoch 4 [1411/1875 (75.3%)] Loss: 0.0145 Acc: 1.0000
2025-11-24 10:40:31,850 - VGG_MNIST_logger - INFO - Epoch 4 [1421/1875 (75.8%)] Loss: 0.0147 Acc: 1.0000
2025-11-24 10:40:32,482 - VGG_MNIST_logger - INFO - Epoch 4 [1431/1875 (76.3%)] Loss: 0.0084 Acc: 1.0000
2025-11-24 10:40:33,117 - VGG_MNIST_logger - INFO - Epoch 4 [1441/1875 (76.9%)] Loss: 0.0896 Acc: 0.9688
2025-11-24 10:40:33,762 - VGG_MNIST_logger - INFO - Epoch 4 [1451/1875 (77.4%)] Loss: 0.1668 Acc: 1.0000
2025-11-24 10:40:34,392 - VGG_MNIST_logger - INFO - Epoch 4 [1461/1875 (77.9%)] Loss: 0.0148 Acc: 1.0000
2025-11-24 10:40:35,011 - VGG_MNIST_logger - INFO - Epoch 4 [1471/1875 (78.5%)] Loss: 0.0862 Acc: 0.9688
2025-11-24 10:40:35,650 - VGG_MNIST_logger - INFO - Epoch 4 [1481/1875 (79.0%)] Loss: 0.0357 Acc: 1.0000
2025-11-24 10:40:36,266 - VGG_MNIST_logger - INFO - Epoch 4 [1491/1875 (79.5%)] Loss: 0.0051 Acc: 1.0000
2025-11-24 10:40:36,904 - VGG_MNIST_logger - INFO - Epoch 4 [1501/1875 (80.1%)] Loss: 0.0105 Acc: 1.0000
2025-11-24 10:40:37,526 - VGG_MNIST_logger - INFO - Epoch 4 [1511/1875 (80.6%)] Loss: 0.0078 Acc: 1.0000
2025-11-24 10:40:38,143 - VGG_MNIST_logger - INFO - Epoch 4 [1521/1875 (81.1%)] Loss: 0.0011 Acc: 1.0000
2025-11-24 10:40:38,775 - VGG_MNIST_logger - INFO - Epoch 4 [1531/1875 (81.7%)] Loss: 0.0030 Acc: 1.0000
2025-11-24 10:40:39,423 - VGG_MNIST_logger - INFO - Epoch 4 [1541/1875 (82.2%)] Loss: 0.0958 Acc: 1.0000
2025-11-24 10:40:40,094 - VGG_MNIST_logger - INFO - Epoch 4 [1551/1875 (82.7%)] Loss: 0.0092 Acc: 1.0000
2025-11-24 10:40:40,744 - VGG_MNIST_logger - INFO - Epoch 4 [1561/1875 (83.3%)] Loss: 0.0006 Acc: 1.0000
2025-11-24 10:40:41,374 - VGG_MNIST_logger - INFO - Epoch 4 [1571/1875 (83.8%)] Loss: 0.0333 Acc: 1.0000
2025-11-24 10:40:42,000 - VGG_MNIST_logger - INFO - Epoch 4 [1581/1875 (84.3%)] Loss: 0.0250 Acc: 0.9688
2025-11-24 10:40:42,634 - VGG_MNIST_logger - INFO - Epoch 4 [1591/1875 (84.9%)] Loss: 0.0771 Acc: 1.0000
2025-11-24 10:40:43,271 - VGG_MNIST_logger - INFO - Epoch 4 [1601/1875 (85.4%)] Loss: 0.1886 Acc: 1.0000
2025-11-24 10:40:43,896 - VGG_MNIST_logger - INFO - Epoch 4 [1611/1875 (85.9%)] Loss: 0.0798 Acc: 1.0000
2025-11-24 10:40:44,518 - VGG_MNIST_logger - INFO - Epoch 4 [1621/1875 (86.5%)] Loss: 0.1374 Acc: 0.9688
2025-11-24 10:40:45,151 - VGG_MNIST_logger - INFO - Epoch 4 [1631/1875 (87.0%)] Loss: 0.0027 Acc: 1.0000
2025-11-24 10:40:45,786 - VGG_MNIST_logger - INFO - Epoch 4 [1641/1875 (87.5%)] Loss: 0.0159 Acc: 1.0000
2025-11-24 10:40:46,407 - VGG_MNIST_logger - INFO - Epoch 4 [1651/1875 (88.1%)] Loss: 0.0178 Acc: 1.0000
2025-11-24 10:40:47,028 - VGG_MNIST_logger - INFO - Epoch 4 [1661/1875 (88.6%)] Loss: 0.0656 Acc: 1.0000
2025-11-24 10:40:47,674 - VGG_MNIST_logger - INFO - Epoch 4 [1671/1875 (89.1%)] Loss: 0.0055 Acc: 1.0000
2025-11-24 10:40:48,321 - VGG_MNIST_logger - INFO - Epoch 4 [1681/1875 (89.7%)] Loss: 0.0052 Acc: 1.0000
2025-11-24 10:40:48,962 - VGG_MNIST_logger - INFO - Epoch 4 [1691/1875 (90.2%)] Loss: 0.0051 Acc: 1.0000
2025-11-24 10:40:49,583 - VGG_MNIST_logger - INFO - Epoch 4 [1701/1875 (90.7%)] Loss: 0.0277 Acc: 1.0000
2025-11-24 10:40:50,215 - VGG_MNIST_logger - INFO - Epoch 4 [1711/1875 (91.3%)] Loss: 0.0043 Acc: 1.0000
2025-11-24 10:40:50,836 - VGG_MNIST_logger - INFO - Epoch 4 [1721/1875 (91.8%)] Loss: 0.0717 Acc: 1.0000
2025-11-24 10:40:51,453 - VGG_MNIST_logger - INFO - Epoch 4 [1731/1875 (92.3%)] Loss: 0.0004 Acc: 1.0000
2025-11-24 10:40:52,099 - VGG_MNIST_logger - INFO - Epoch 4 [1741/1875 (92.9%)] Loss: 0.0022 Acc: 1.0000
2025-11-24 10:40:52,725 - VGG_MNIST_logger - INFO - Epoch 4 [1751/1875 (93.4%)] Loss: 0.0017 Acc: 1.0000
2025-11-24 10:40:53,350 - VGG_MNIST_logger - INFO - Epoch 4 [1761/1875 (93.9%)] Loss: 0.0173 Acc: 1.0000
2025-11-24 10:40:53,973 - VGG_MNIST_logger - INFO - Epoch 4 [1771/1875 (94.5%)] Loss: 0.0017 Acc: 1.0000
2025-11-24 10:40:54,600 - VGG_MNIST_logger - INFO - Epoch 4 [1781/1875 (95.0%)] Loss: 0.1471 Acc: 0.9688
2025-11-24 10:40:55,225 - VGG_MNIST_logger - INFO - Epoch 4 [1791/1875 (95.5%)] Loss: 0.0286 Acc: 1.0000
2025-11-24 10:40:55,841 - VGG_MNIST_logger - INFO - Epoch 4 [1801/1875 (96.1%)] Loss: 0.0072 Acc: 1.0000
2025-11-24 10:40:56,461 - VGG_MNIST_logger - INFO - Epoch 4 [1811/1875 (96.6%)] Loss: 0.0406 Acc: 1.0000
2025-11-24 10:40:57,085 - VGG_MNIST_logger - INFO - Epoch 4 [1821/1875 (97.1%)] Loss: 0.0163 Acc: 1.0000
2025-11-24 10:40:57,710 - VGG_MNIST_logger - INFO - Epoch 4 [1831/1875 (97.7%)] Loss: 0.0195 Acc: 1.0000
2025-11-24 10:40:58,337 - VGG_MNIST_logger - INFO - Epoch 4 [1841/1875 (98.2%)] Loss: 0.0055 Acc: 1.0000
2025-11-24 10:40:58,955 - VGG_MNIST_logger - INFO - Epoch 4 [1851/1875 (98.7%)] Loss: 0.0005 Acc: 1.0000
2025-11-24 10:40:59,576 - VGG_MNIST_logger - INFO - Epoch 4 [1861/1875 (99.3%)] Loss: 0.0008 Acc: 1.0000
2025-11-24 10:41:00,249 - VGG_MNIST_logger - INFO - Epoch 4 [1871/1875 (99.8%)] Loss: 0.0001 Acc: 1.0000
2025-11-24 10:41:38,649 - VGG_MNIST_logger - INFO - Epoch   4 | Train Loss: 0.0452 | Train Acc: 0.9856 | Val Loss: 0.0638 | Val Acc: 0.0638
2025-11-24 10:41:38,733 - VGG_MNIST_logger - INFO - Epoch 5 [1/1875 (0.1%)] Loss: 0.0005 Acc: 1.0000
2025-11-24 10:41:39,383 - VGG_MNIST_logger - INFO - Epoch 5 [11/1875 (0.6%)] Loss: 0.0261 Acc: 1.0000
2025-11-24 10:41:40,092 - VGG_MNIST_logger - INFO - Epoch 5 [21/1875 (1.1%)] Loss: 0.0053 Acc: 1.0000
2025-11-24 10:41:40,775 - VGG_MNIST_logger - INFO - Epoch 5 [31/1875 (1.7%)] Loss: 0.0007 Acc: 1.0000
2025-11-24 10:41:41,425 - VGG_MNIST_logger - INFO - Epoch 5 [41/1875 (2.2%)] Loss: 0.0003 Acc: 1.0000
2025-11-24 10:41:42,073 - VGG_MNIST_logger - INFO - Epoch 5 [51/1875 (2.7%)] Loss: 0.0002 Acc: 1.0000
2025-11-24 10:41:42,726 - VGG_MNIST_logger - INFO - Epoch 5 [61/1875 (3.3%)] Loss: 0.0094 Acc: 1.0000
2025-11-24 10:41:43,391 - VGG_MNIST_logger - INFO - Epoch 5 [71/1875 (3.8%)] Loss: 0.0095 Acc: 1.0000
2025-11-24 10:41:44,038 - VGG_MNIST_logger - INFO - Epoch 5 [81/1875 (4.3%)] Loss: 0.0146 Acc: 1.0000
2025-11-24 10:41:44,668 - VGG_MNIST_logger - INFO - Epoch 5 [91/1875 (4.9%)] Loss: 0.0040 Acc: 1.0000
2025-11-24 10:41:45,328 - VGG_MNIST_logger - INFO - Epoch 5 [101/1875 (5.4%)] Loss: 0.2174 Acc: 0.9688
2025-11-24 10:41:45,964 - VGG_MNIST_logger - INFO - Epoch 5 [111/1875 (5.9%)] Loss: 0.0024 Acc: 1.0000
2025-11-24 10:41:46,568 - VGG_MNIST_logger - INFO - Epoch 5 [121/1875 (6.5%)] Loss: 0.0019 Acc: 1.0000
2025-11-24 10:41:47,190 - VGG_MNIST_logger - INFO - Epoch 5 [131/1875 (7.0%)] Loss: 0.1027 Acc: 0.9688
2025-11-24 10:41:47,814 - VGG_MNIST_logger - INFO - Epoch 5 [141/1875 (7.5%)] Loss: 0.0470 Acc: 1.0000
2025-11-24 10:41:48,430 - VGG_MNIST_logger - INFO - Epoch 5 [151/1875 (8.1%)] Loss: 0.0507 Acc: 1.0000
2025-11-24 10:41:49,052 - VGG_MNIST_logger - INFO - Epoch 5 [161/1875 (8.6%)] Loss: 0.0088 Acc: 1.0000
2025-11-24 10:41:49,673 - VGG_MNIST_logger - INFO - Epoch 5 [171/1875 (9.1%)] Loss: 0.0007 Acc: 1.0000
2025-11-24 10:41:50,285 - VGG_MNIST_logger - INFO - Epoch 5 [181/1875 (9.7%)] Loss: 0.0136 Acc: 1.0000
2025-11-24 10:41:51,043 - VGG_MNIST_logger - INFO - Epoch 5 [191/1875 (10.2%)] Loss: 0.0037 Acc: 1.0000
2025-11-24 10:41:51,671 - VGG_MNIST_logger - INFO - Epoch 5 [201/1875 (10.7%)] Loss: 0.0073 Acc: 1.0000
2025-11-24 10:41:52,303 - VGG_MNIST_logger - INFO - Epoch 5 [211/1875 (11.3%)] Loss: 0.0013 Acc: 1.0000
2025-11-24 10:41:52,994 - VGG_MNIST_logger - INFO - Epoch 5 [221/1875 (11.8%)] Loss: 0.0001 Acc: 1.0000
2025-11-24 10:41:53,610 - VGG_MNIST_logger - INFO - Epoch 5 [231/1875 (12.3%)] Loss: 0.0176 Acc: 1.0000
2025-11-24 10:41:54,224 - VGG_MNIST_logger - INFO - Epoch 5 [241/1875 (12.9%)] Loss: 0.0021 Acc: 1.0000
2025-11-24 10:41:54,850 - VGG_MNIST_logger - INFO - Epoch 5 [251/1875 (13.4%)] Loss: 0.0028 Acc: 1.0000
2025-11-24 10:41:55,464 - VGG_MNIST_logger - INFO - Epoch 5 [261/1875 (13.9%)] Loss: 0.0018 Acc: 1.0000
2025-11-24 10:41:56,088 - VGG_MNIST_logger - INFO - Epoch 5 [271/1875 (14.5%)] Loss: 0.0008 Acc: 1.0000
2025-11-24 10:41:56,706 - VGG_MNIST_logger - INFO - Epoch 5 [281/1875 (15.0%)] Loss: 0.0120 Acc: 1.0000
2025-11-24 10:41:57,335 - VGG_MNIST_logger - INFO - Epoch 5 [291/1875 (15.5%)] Loss: 0.0001 Acc: 1.0000
2025-11-24 10:41:57,959 - VGG_MNIST_logger - INFO - Epoch 5 [301/1875 (16.1%)] Loss: 0.0521 Acc: 1.0000
2025-11-24 10:41:58,578 - VGG_MNIST_logger - INFO - Epoch 5 [311/1875 (16.6%)] Loss: 0.0068 Acc: 1.0000
2025-11-24 10:41:59,201 - VGG_MNIST_logger - INFO - Epoch 5 [321/1875 (17.1%)] Loss: 0.0064 Acc: 1.0000
2025-11-24 10:41:59,814 - VGG_MNIST_logger - INFO - Epoch 5 [331/1875 (17.7%)] Loss: 0.0306 Acc: 1.0000
2025-11-24 10:42:00,428 - VGG_MNIST_logger - INFO - Epoch 5 [341/1875 (18.2%)] Loss: 0.0014 Acc: 0.9688
2025-11-24 10:42:01,045 - VGG_MNIST_logger - INFO - Epoch 5 [351/1875 (18.7%)] Loss: 0.0014 Acc: 1.0000
2025-11-24 10:42:01,664 - VGG_MNIST_logger - INFO - Epoch 5 [361/1875 (19.3%)] Loss: 0.0016 Acc: 1.0000
2025-11-24 10:42:02,283 - VGG_MNIST_logger - INFO - Epoch 5 [371/1875 (19.8%)] Loss: 0.0007 Acc: 1.0000
2025-11-24 10:42:02,903 - VGG_MNIST_logger - INFO - Epoch 5 [381/1875 (20.3%)] Loss: 0.0006 Acc: 1.0000
2025-11-24 10:42:03,520 - VGG_MNIST_logger - INFO - Epoch 5 [391/1875 (20.9%)] Loss: 0.1433 Acc: 1.0000
2025-11-24 10:42:04,135 - VGG_MNIST_logger - INFO - Epoch 5 [401/1875 (21.4%)] Loss: 0.0002 Acc: 1.0000
2025-11-24 10:42:04,757 - VGG_MNIST_logger - INFO - Epoch 5 [411/1875 (21.9%)] Loss: 0.0050 Acc: 1.0000
2025-11-24 10:42:05,374 - VGG_MNIST_logger - INFO - Epoch 5 [421/1875 (22.5%)] Loss: 0.0297 Acc: 1.0000
2025-11-24 10:42:05,988 - VGG_MNIST_logger - INFO - Epoch 5 [431/1875 (23.0%)] Loss: 0.2081 Acc: 0.9688
2025-11-24 10:42:06,610 - VGG_MNIST_logger - INFO - Epoch 5 [441/1875 (23.5%)] Loss: 0.0228 Acc: 1.0000
2025-11-24 10:42:07,226 - VGG_MNIST_logger - INFO - Epoch 5 [451/1875 (24.1%)] Loss: 0.0029 Acc: 1.0000
2025-11-24 10:42:07,851 - VGG_MNIST_logger - INFO - Epoch 5 [461/1875 (24.6%)] Loss: 0.0025 Acc: 1.0000
2025-11-24 10:42:08,466 - VGG_MNIST_logger - INFO - Epoch 5 [471/1875 (25.1%)] Loss: 0.0035 Acc: 1.0000
2025-11-24 10:42:09,087 - VGG_MNIST_logger - INFO - Epoch 5 [481/1875 (25.7%)] Loss: 0.0010 Acc: 1.0000
2025-11-24 10:42:09,709 - VGG_MNIST_logger - INFO - Epoch 5 [491/1875 (26.2%)] Loss: 0.0142 Acc: 1.0000
2025-11-24 10:42:10,329 - VGG_MNIST_logger - INFO - Epoch 5 [501/1875 (26.7%)] Loss: 0.0031 Acc: 1.0000
2025-11-24 10:42:10,957 - VGG_MNIST_logger - INFO - Epoch 5 [511/1875 (27.3%)] Loss: 0.0033 Acc: 1.0000
2025-11-24 10:42:11,580 - VGG_MNIST_logger - INFO - Epoch 5 [521/1875 (27.8%)] Loss: 0.0126 Acc: 1.0000
2025-11-24 10:42:12,203 - VGG_MNIST_logger - INFO - Epoch 5 [531/1875 (28.3%)] Loss: 0.0032 Acc: 1.0000
2025-11-24 10:42:12,832 - VGG_MNIST_logger - INFO - Epoch 5 [541/1875 (28.9%)] Loss: 0.0242 Acc: 1.0000
2025-11-24 10:42:13,456 - VGG_MNIST_logger - INFO - Epoch 5 [551/1875 (29.4%)] Loss: 0.0103 Acc: 1.0000
2025-11-24 10:42:14,080 - VGG_MNIST_logger - INFO - Epoch 5 [561/1875 (29.9%)] Loss: 0.0158 Acc: 1.0000
2025-11-24 10:42:14,707 - VGG_MNIST_logger - INFO - Epoch 5 [571/1875 (30.5%)] Loss: 0.0002 Acc: 1.0000
2025-11-24 10:42:15,329 - VGG_MNIST_logger - INFO - Epoch 5 [581/1875 (31.0%)] Loss: 0.1941 Acc: 0.9688
2025-11-24 10:42:15,950 - VGG_MNIST_logger - INFO - Epoch 5 [591/1875 (31.5%)] Loss: 0.0017 Acc: 1.0000
2025-11-24 10:42:16,575 - VGG_MNIST_logger - INFO - Epoch 5 [601/1875 (32.1%)] Loss: 0.0085 Acc: 1.0000
2025-11-24 10:42:17,195 - VGG_MNIST_logger - INFO - Epoch 5 [611/1875 (32.6%)] Loss: 0.0010 Acc: 1.0000
2025-11-24 10:42:17,823 - VGG_MNIST_logger - INFO - Epoch 5 [621/1875 (33.1%)] Loss: 0.2372 Acc: 0.9688
2025-11-24 10:42:18,442 - VGG_MNIST_logger - INFO - Epoch 5 [631/1875 (33.7%)] Loss: 0.1174 Acc: 1.0000
2025-11-24 10:42:19,069 - VGG_MNIST_logger - INFO - Epoch 5 [641/1875 (34.2%)] Loss: 0.0023 Acc: 1.0000
2025-11-24 10:42:19,677 - VGG_MNIST_logger - INFO - Epoch 5 [651/1875 (34.7%)] Loss: 0.0050 Acc: 1.0000
2025-11-24 10:42:20,302 - VGG_MNIST_logger - INFO - Epoch 5 [661/1875 (35.3%)] Loss: 0.0728 Acc: 1.0000
2025-11-24 10:42:20,924 - VGG_MNIST_logger - INFO - Epoch 5 [671/1875 (35.8%)] Loss: 0.0000 Acc: 1.0000
2025-11-24 10:42:21,542 - VGG_MNIST_logger - INFO - Epoch 5 [681/1875 (36.3%)] Loss: 0.0524 Acc: 0.9688
2025-11-24 10:42:22,169 - VGG_MNIST_logger - INFO - Epoch 5 [691/1875 (36.9%)] Loss: 0.0011 Acc: 1.0000
2025-11-24 10:42:22,794 - VGG_MNIST_logger - INFO - Epoch 5 [701/1875 (37.4%)] Loss: 0.0387 Acc: 1.0000
2025-11-24 10:42:23,414 - VGG_MNIST_logger - INFO - Epoch 5 [711/1875 (37.9%)] Loss: 0.0014 Acc: 1.0000
2025-11-24 10:42:24,043 - VGG_MNIST_logger - INFO - Epoch 5 [721/1875 (38.5%)] Loss: 0.0051 Acc: 1.0000
2025-11-24 10:42:24,672 - VGG_MNIST_logger - INFO - Epoch 5 [731/1875 (39.0%)] Loss: 0.0097 Acc: 1.0000
2025-11-24 10:42:25,297 - VGG_MNIST_logger - INFO - Epoch 5 [741/1875 (39.5%)] Loss: 0.0030 Acc: 1.0000
2025-11-24 10:42:25,917 - VGG_MNIST_logger - INFO - Epoch 5 [751/1875 (40.1%)] Loss: 0.0081 Acc: 1.0000
2025-11-24 10:42:26,534 - VGG_MNIST_logger - INFO - Epoch 5 [761/1875 (40.6%)] Loss: 0.0243 Acc: 1.0000
2025-11-24 10:42:27,164 - VGG_MNIST_logger - INFO - Epoch 5 [771/1875 (41.1%)] Loss: 0.1647 Acc: 1.0000
2025-11-24 10:42:27,795 - VGG_MNIST_logger - INFO - Epoch 5 [781/1875 (41.7%)] Loss: 0.0001 Acc: 1.0000
2025-11-24 10:42:28,421 - VGG_MNIST_logger - INFO - Epoch 5 [791/1875 (42.2%)] Loss: 0.0008 Acc: 1.0000
2025-11-24 10:42:29,043 - VGG_MNIST_logger - INFO - Epoch 5 [801/1875 (42.7%)] Loss: 0.0648 Acc: 1.0000
2025-11-24 10:42:29,698 - VGG_MNIST_logger - INFO - Epoch 5 [811/1875 (43.3%)] Loss: 0.0043 Acc: 1.0000
2025-11-24 10:42:30,321 - VGG_MNIST_logger - INFO - Epoch 5 [821/1875 (43.8%)] Loss: 0.0451 Acc: 1.0000
2025-11-24 10:42:30,995 - VGG_MNIST_logger - INFO - Epoch 5 [831/1875 (44.3%)] Loss: 0.0030 Acc: 1.0000
2025-11-24 10:42:31,639 - VGG_MNIST_logger - INFO - Epoch 5 [841/1875 (44.9%)] Loss: 0.1392 Acc: 1.0000
2025-11-24 10:42:32,317 - VGG_MNIST_logger - INFO - Epoch 5 [851/1875 (45.4%)] Loss: 0.0070 Acc: 1.0000
2025-11-24 10:42:32,974 - VGG_MNIST_logger - INFO - Epoch 5 [861/1875 (45.9%)] Loss: 0.0017 Acc: 1.0000
2025-11-24 10:42:33,661 - VGG_MNIST_logger - INFO - Epoch 5 [871/1875 (46.5%)] Loss: 0.0002 Acc: 1.0000
2025-11-24 10:42:34,366 - VGG_MNIST_logger - INFO - Epoch 5 [881/1875 (47.0%)] Loss: 0.0042 Acc: 1.0000
2025-11-24 10:42:35,023 - VGG_MNIST_logger - INFO - Epoch 5 [891/1875 (47.5%)] Loss: 0.0292 Acc: 1.0000
2025-11-24 10:42:35,738 - VGG_MNIST_logger - INFO - Epoch 5 [901/1875 (48.1%)] Loss: 0.1334 Acc: 1.0000
2025-11-24 10:42:36,418 - VGG_MNIST_logger - INFO - Epoch 5 [911/1875 (48.6%)] Loss: 0.0021 Acc: 1.0000
2025-11-24 10:42:37,133 - VGG_MNIST_logger - INFO - Epoch 5 [921/1875 (49.1%)] Loss: 0.0748 Acc: 0.9688
2025-11-24 10:42:37,830 - VGG_MNIST_logger - INFO - Epoch 5 [931/1875 (49.7%)] Loss: 0.0403 Acc: 1.0000
2025-11-24 10:42:38,486 - VGG_MNIST_logger - INFO - Epoch 5 [941/1875 (50.2%)] Loss: 0.0042 Acc: 1.0000
2025-11-24 10:42:39,167 - VGG_MNIST_logger - INFO - Epoch 5 [951/1875 (50.7%)] Loss: 0.2870 Acc: 0.9688
2025-11-24 10:42:39,874 - VGG_MNIST_logger - INFO - Epoch 5 [961/1875 (51.3%)] Loss: 0.0023 Acc: 1.0000
2025-11-24 10:42:40,600 - VGG_MNIST_logger - INFO - Epoch 5 [971/1875 (51.8%)] Loss: 0.0199 Acc: 1.0000
2025-11-24 10:42:41,427 - VGG_MNIST_logger - INFO - Epoch 5 [981/1875 (52.3%)] Loss: 0.0004 Acc: 1.0000
2025-11-24 10:42:42,064 - VGG_MNIST_logger - INFO - Epoch 5 [991/1875 (52.9%)] Loss: 0.0094 Acc: 1.0000
2025-11-24 10:42:42,708 - VGG_MNIST_logger - INFO - Epoch 5 [1001/1875 (53.4%)] Loss: 0.0014 Acc: 1.0000
2025-11-24 10:42:43,364 - VGG_MNIST_logger - INFO - Epoch 5 [1011/1875 (53.9%)] Loss: 0.0676 Acc: 0.9688
2025-11-24 10:42:44,003 - VGG_MNIST_logger - INFO - Epoch 5 [1021/1875 (54.5%)] Loss: 0.0756 Acc: 0.9688
2025-11-24 10:42:44,661 - VGG_MNIST_logger - INFO - Epoch 5 [1031/1875 (55.0%)] Loss: 0.0152 Acc: 1.0000
2025-11-24 10:42:45,336 - VGG_MNIST_logger - INFO - Epoch 5 [1041/1875 (55.5%)] Loss: 0.0001 Acc: 1.0000
2025-11-24 10:42:45,997 - VGG_MNIST_logger - INFO - Epoch 5 [1051/1875 (56.1%)] Loss: 0.0426 Acc: 1.0000
2025-11-24 10:42:46,663 - VGG_MNIST_logger - INFO - Epoch 5 [1061/1875 (56.6%)] Loss: 0.2546 Acc: 0.9688
2025-11-24 10:42:47,450 - VGG_MNIST_logger - INFO - Epoch 5 [1071/1875 (57.1%)] Loss: 0.0315 Acc: 1.0000
2025-11-24 10:42:48,110 - VGG_MNIST_logger - INFO - Epoch 5 [1081/1875 (57.7%)] Loss: 0.0323 Acc: 1.0000
2025-11-24 10:42:48,792 - VGG_MNIST_logger - INFO - Epoch 5 [1091/1875 (58.2%)] Loss: 0.0101 Acc: 1.0000
2025-11-24 10:42:49,446 - VGG_MNIST_logger - INFO - Epoch 5 [1101/1875 (58.7%)] Loss: 0.0002 Acc: 1.0000
2025-11-24 10:42:50,352 - VGG_MNIST_logger - INFO - Epoch 5 [1111/1875 (59.3%)] Loss: 0.0068 Acc: 1.0000
2025-11-24 10:42:51,058 - VGG_MNIST_logger - INFO - Epoch 5 [1121/1875 (59.8%)] Loss: 0.0360 Acc: 0.9688
2025-11-24 10:42:51,784 - VGG_MNIST_logger - INFO - Epoch 5 [1131/1875 (60.3%)] Loss: 0.0186 Acc: 1.0000
2025-11-24 10:42:52,473 - VGG_MNIST_logger - INFO - Epoch 5 [1141/1875 (60.9%)] Loss: 0.0384 Acc: 0.9688
2025-11-24 10:42:53,277 - VGG_MNIST_logger - INFO - Epoch 5 [1151/1875 (61.4%)] Loss: 0.0102 Acc: 1.0000
2025-11-24 10:42:53,954 - VGG_MNIST_logger - INFO - Epoch 5 [1161/1875 (61.9%)] Loss: 0.0274 Acc: 1.0000
2025-11-24 10:42:54,582 - VGG_MNIST_logger - INFO - Epoch 5 [1171/1875 (62.5%)] Loss: 0.0594 Acc: 1.0000
2025-11-24 10:42:55,210 - VGG_MNIST_logger - INFO - Epoch 5 [1181/1875 (63.0%)] Loss: 0.0844 Acc: 1.0000
2025-11-24 10:42:55,832 - VGG_MNIST_logger - INFO - Epoch 5 [1191/1875 (63.5%)] Loss: 0.0215 Acc: 0.9688
2025-11-24 10:42:56,446 - VGG_MNIST_logger - INFO - Epoch 5 [1201/1875 (64.1%)] Loss: 0.0006 Acc: 1.0000
2025-11-24 10:42:57,065 - VGG_MNIST_logger - INFO - Epoch 5 [1211/1875 (64.6%)] Loss: 0.0637 Acc: 0.9688
2025-11-24 10:42:57,683 - VGG_MNIST_logger - INFO - Epoch 5 [1221/1875 (65.1%)] Loss: 0.0017 Acc: 1.0000
2025-11-24 10:42:58,301 - VGG_MNIST_logger - INFO - Epoch 5 [1231/1875 (65.7%)] Loss: 0.1543 Acc: 1.0000
2025-11-24 10:42:58,927 - VGG_MNIST_logger - INFO - Epoch 5 [1241/1875 (66.2%)] Loss: 0.1438 Acc: 1.0000
2025-11-24 10:42:59,578 - VGG_MNIST_logger - INFO - Epoch 5 [1251/1875 (66.7%)] Loss: 0.0003 Acc: 1.0000
2025-11-24 10:43:00,207 - VGG_MNIST_logger - INFO - Epoch 5 [1261/1875 (67.3%)] Loss: 0.0005 Acc: 1.0000
2025-11-24 10:43:00,820 - VGG_MNIST_logger - INFO - Epoch 5 [1271/1875 (67.8%)] Loss: 0.0050 Acc: 1.0000
2025-11-24 10:43:01,438 - VGG_MNIST_logger - INFO - Epoch 5 [1281/1875 (68.3%)] Loss: 0.0139 Acc: 1.0000
2025-11-24 10:43:02,059 - VGG_MNIST_logger - INFO - Epoch 5 [1291/1875 (68.9%)] Loss: 0.1448 Acc: 0.9688
2025-11-24 10:43:02,676 - VGG_MNIST_logger - INFO - Epoch 5 [1301/1875 (69.4%)] Loss: 0.0001 Acc: 1.0000
2025-11-24 10:43:03,287 - VGG_MNIST_logger - INFO - Epoch 5 [1311/1875 (69.9%)] Loss: 0.0619 Acc: 0.9688
2025-11-24 10:43:03,905 - VGG_MNIST_logger - INFO - Epoch 5 [1321/1875 (70.5%)] Loss: 0.0523 Acc: 1.0000
2025-11-24 10:43:04,524 - VGG_MNIST_logger - INFO - Epoch 5 [1331/1875 (71.0%)] Loss: 0.0102 Acc: 1.0000
2025-11-24 10:43:05,152 - VGG_MNIST_logger - INFO - Epoch 5 [1341/1875 (71.5%)] Loss: 0.0086 Acc: 1.0000
2025-11-24 10:43:05,769 - VGG_MNIST_logger - INFO - Epoch 5 [1351/1875 (72.1%)] Loss: 0.0110 Acc: 1.0000
2025-11-24 10:43:06,392 - VGG_MNIST_logger - INFO - Epoch 5 [1361/1875 (72.6%)] Loss: 0.0935 Acc: 0.9688
2025-11-24 10:43:07,011 - VGG_MNIST_logger - INFO - Epoch 5 [1371/1875 (73.1%)] Loss: 0.0292 Acc: 1.0000
2025-11-24 10:43:07,648 - VGG_MNIST_logger - INFO - Epoch 5 [1381/1875 (73.7%)] Loss: 0.0141 Acc: 1.0000
2025-11-24 10:43:08,290 - VGG_MNIST_logger - INFO - Epoch 5 [1391/1875 (74.2%)] Loss: 0.0258 Acc: 1.0000
2025-11-24 10:43:08,903 - VGG_MNIST_logger - INFO - Epoch 5 [1401/1875 (74.7%)] Loss: 0.0004 Acc: 1.0000
2025-11-24 10:43:09,526 - VGG_MNIST_logger - INFO - Epoch 5 [1411/1875 (75.3%)] Loss: 0.0072 Acc: 1.0000
2025-11-24 10:43:10,148 - VGG_MNIST_logger - INFO - Epoch 5 [1421/1875 (75.8%)] Loss: 0.0004 Acc: 1.0000
2025-11-24 10:43:10,771 - VGG_MNIST_logger - INFO - Epoch 5 [1431/1875 (76.3%)] Loss: 0.0116 Acc: 1.0000
2025-11-24 10:43:11,399 - VGG_MNIST_logger - INFO - Epoch 5 [1441/1875 (76.9%)] Loss: 0.0068 Acc: 1.0000
2025-11-24 10:43:12,012 - VGG_MNIST_logger - INFO - Epoch 5 [1451/1875 (77.4%)] Loss: 0.0707 Acc: 0.9688
2025-11-24 10:43:12,632 - VGG_MNIST_logger - INFO - Epoch 5 [1461/1875 (77.9%)] Loss: 0.3587 Acc: 1.0000
2025-11-24 10:43:13,278 - VGG_MNIST_logger - INFO - Epoch 5 [1471/1875 (78.5%)] Loss: 0.0503 Acc: 1.0000
2025-11-24 10:43:13,996 - VGG_MNIST_logger - INFO - Epoch 5 [1481/1875 (79.0%)] Loss: 0.0188 Acc: 1.0000
2025-11-24 10:43:14,753 - VGG_MNIST_logger - INFO - Epoch 5 [1491/1875 (79.5%)] Loss: 0.1270 Acc: 0.9688
2025-11-24 10:43:15,465 - VGG_MNIST_logger - INFO - Epoch 5 [1501/1875 (80.1%)] Loss: 0.0007 Acc: 1.0000
2025-11-24 10:43:16,097 - VGG_MNIST_logger - INFO - Epoch 5 [1511/1875 (80.6%)] Loss: 0.2628 Acc: 0.9688
2025-11-24 10:43:16,729 - VGG_MNIST_logger - INFO - Epoch 5 [1521/1875 (81.1%)] Loss: 0.0167 Acc: 1.0000
2025-11-24 10:43:17,345 - VGG_MNIST_logger - INFO - Epoch 5 [1531/1875 (81.7%)] Loss: 0.0536 Acc: 1.0000
2025-11-24 10:43:17,964 - VGG_MNIST_logger - INFO - Epoch 5 [1541/1875 (82.2%)] Loss: 0.0098 Acc: 1.0000
2025-11-24 10:43:18,596 - VGG_MNIST_logger - INFO - Epoch 5 [1551/1875 (82.7%)] Loss: 0.0041 Acc: 1.0000
2025-11-24 10:43:19,220 - VGG_MNIST_logger - INFO - Epoch 5 [1561/1875 (83.3%)] Loss: 0.0006 Acc: 1.0000
2025-11-24 10:43:19,842 - VGG_MNIST_logger - INFO - Epoch 5 [1571/1875 (83.8%)] Loss: 0.0020 Acc: 1.0000
2025-11-24 10:43:20,538 - VGG_MNIST_logger - INFO - Epoch 5 [1581/1875 (84.3%)] Loss: 0.1327 Acc: 0.9688
2025-11-24 10:43:21,175 - VGG_MNIST_logger - INFO - Epoch 5 [1591/1875 (84.9%)] Loss: 0.0018 Acc: 1.0000
2025-11-24 10:43:21,794 - VGG_MNIST_logger - INFO - Epoch 5 [1601/1875 (85.4%)] Loss: 0.0128 Acc: 1.0000
2025-11-24 10:43:22,409 - VGG_MNIST_logger - INFO - Epoch 5 [1611/1875 (85.9%)] Loss: 0.0047 Acc: 1.0000
2025-11-24 10:43:23,025 - VGG_MNIST_logger - INFO - Epoch 5 [1621/1875 (86.5%)] Loss: 0.0126 Acc: 1.0000
2025-11-24 10:43:23,641 - VGG_MNIST_logger - INFO - Epoch 5 [1631/1875 (87.0%)] Loss: 0.0013 Acc: 1.0000
2025-11-24 10:43:24,261 - VGG_MNIST_logger - INFO - Epoch 5 [1641/1875 (87.5%)] Loss: 0.0231 Acc: 1.0000
2025-11-24 10:43:24,874 - VGG_MNIST_logger - INFO - Epoch 5 [1651/1875 (88.1%)] Loss: 0.0135 Acc: 1.0000
2025-11-24 10:43:25,494 - VGG_MNIST_logger - INFO - Epoch 5 [1661/1875 (88.6%)] Loss: 0.0152 Acc: 1.0000
2025-11-24 10:43:26,110 - VGG_MNIST_logger - INFO - Epoch 5 [1671/1875 (89.1%)] Loss: 0.0286 Acc: 0.9688
2025-11-24 10:43:26,726 - VGG_MNIST_logger - INFO - Epoch 5 [1681/1875 (89.7%)] Loss: 0.0159 Acc: 1.0000
2025-11-24 10:43:27,349 - VGG_MNIST_logger - INFO - Epoch 5 [1691/1875 (90.2%)] Loss: 0.0002 Acc: 1.0000
2025-11-24 10:43:27,965 - VGG_MNIST_logger - INFO - Epoch 5 [1701/1875 (90.7%)] Loss: 0.0223 Acc: 1.0000
2025-11-24 10:43:28,618 - VGG_MNIST_logger - INFO - Epoch 5 [1711/1875 (91.3%)] Loss: 0.0156 Acc: 1.0000
2025-11-24 10:43:29,244 - VGG_MNIST_logger - INFO - Epoch 5 [1721/1875 (91.8%)] Loss: 0.0023 Acc: 1.0000
2025-11-24 10:43:29,873 - VGG_MNIST_logger - INFO - Epoch 5 [1731/1875 (92.3%)] Loss: 0.0043 Acc: 1.0000
2025-11-24 10:43:30,526 - VGG_MNIST_logger - INFO - Epoch 5 [1741/1875 (92.9%)] Loss: 0.0123 Acc: 1.0000
2025-11-24 10:43:31,186 - VGG_MNIST_logger - INFO - Epoch 5 [1751/1875 (93.4%)] Loss: 0.0002 Acc: 1.0000
2025-11-24 10:43:31,818 - VGG_MNIST_logger - INFO - Epoch 5 [1761/1875 (93.9%)] Loss: 0.0031 Acc: 1.0000
2025-11-24 10:43:32,453 - VGG_MNIST_logger - INFO - Epoch 5 [1771/1875 (94.5%)] Loss: 0.0012 Acc: 1.0000
2025-11-24 10:43:33,079 - VGG_MNIST_logger - INFO - Epoch 5 [1781/1875 (95.0%)] Loss: 0.0009 Acc: 1.0000
2025-11-24 10:43:33,749 - VGG_MNIST_logger - INFO - Epoch 5 [1791/1875 (95.5%)] Loss: 0.0041 Acc: 1.0000
2025-11-24 10:43:34,387 - VGG_MNIST_logger - INFO - Epoch 5 [1801/1875 (96.1%)] Loss: 0.0060 Acc: 1.0000
2025-11-24 10:43:35,009 - VGG_MNIST_logger - INFO - Epoch 5 [1811/1875 (96.6%)] Loss: 0.0074 Acc: 1.0000
2025-11-24 10:43:35,637 - VGG_MNIST_logger - INFO - Epoch 5 [1821/1875 (97.1%)] Loss: 0.0005 Acc: 1.0000
2025-11-24 10:43:36,267 - VGG_MNIST_logger - INFO - Epoch 5 [1831/1875 (97.7%)] Loss: 0.0011 Acc: 1.0000
2025-11-24 10:43:36,894 - VGG_MNIST_logger - INFO - Epoch 5 [1841/1875 (98.2%)] Loss: 0.0039 Acc: 1.0000
2025-11-24 10:43:37,954 - VGG_MNIST_logger - INFO - Epoch 5 [1851/1875 (98.7%)] Loss: 0.0107 Acc: 1.0000
2025-11-24 10:43:38,934 - VGG_MNIST_logger - INFO - Epoch 5 [1861/1875 (99.3%)] Loss: 0.1205 Acc: 1.0000
2025-11-24 10:43:39,794 - VGG_MNIST_logger - INFO - Epoch 5 [1871/1875 (99.8%)] Loss: 0.0013 Acc: 1.0000
2025-11-24 10:44:17,461 - VGG_MNIST_logger - INFO - Epoch   5 | Train Loss: 0.0368 | Train Acc: 0.9912 | Val Loss: 0.0440 | Val Acc: 0.0440
2025-11-24 10:44:22,686 - VGG_MNIST_logger - INFO - ============================================================
2025-11-24 10:44:22,686 - VGG_MNIST_logger - INFO - 训练完成！最终性能指标:
2025-11-24 10:44:22,686 - VGG_MNIST_logger - INFO -   test_accuracy: 0.9892
2025-11-24 10:44:22,686 - VGG_MNIST_logger - INFO -   test_loss: 0.0440
2025-11-24 10:44:22,686 - VGG_MNIST_logger - INFO -   training_time: 751.7410
2025-11-24 10:44:22,686 - VGG_MNIST_logger - INFO - ============================================================
2025-11-24 10:44:22,686 - VGG_MNIST_logger - INFO - 训练结束时间: 2025-11-24 10:44:22
2025-11-24 10:44:22,686 - VGG_MNIST_logger - INFO - 总训练时间: 00:12:36
2025-11-24 10:44:22,686 - VGG_MNIST_logger - INFO - 日志文件: assets/logs/VGG_MNIST_20251124_103145.log
2025-11-24 10:44:22,686 - VGG_MNIST_logger - INFO - ============================================================
