noise_level,AveragedPerceptron,LinearSVC
0.0,0.8583333333333333,0.85
0.02,0.8583333333333333,0.85
0.04,0.8583333333333333,0.85
0.06,0.85,0.85
0.08,0.8583333333333333,0.85
0.1,0.8416666666666667,0.8583333333333333
0.12,0.8583333333333333,0.85
0.14,0.8583333333333333,0.8583333333333333
0.16,0.85,0.85
0.18,0.85,0.8583333333333333
0.2,0.85,0.85
