{
  "noise_levels": [
    0.0,
    0.02,
    0.04,
    0.06,
    0.08,
    0.1,
    0.12,
    0.14,
    0.16,
    0.18,
    0.2
  ],
  "averaged_perceptron_acc": [
    0.8583333333333333,
    0.8583333333333333,
    0.8583333333333333,
    0.8583333333333333,
    0.8583333333333333,
    0.8583333333333333,
    0.8583333333333333,
    0.8666666666666667,
    0.8416666666666667,
    0.8333333333333334,
    0.8416666666666667
  ],
  "linearsvc_acc": [
    0.85,
    0.85,
    0.85,
    0.8583333333333333,
    0.8583333333333333,
    0.8583333333333333,
    0.8583333333333333,
    0.8583333333333333,
    0.8666666666666667,
    0.8333333333333334,
    0.8416666666666667
  ]
}